data,id_cliente,produto,valor_venda,custo,meio_pagamento,status_pagamento
2025-05-15,e674add6,Consultoria Financeira,1320.39,586.28,Pix,Pago
2025-05-15,69694584,Plano Avançado,1200.05,567.73,Boleto,Pendente
2025-05-15,34588043,Consultoria Financeira,1260.12,608.74,Pix,Pago
2025-05-15,83e2e600,Auditoria Contábil,1144.95,512.85,Transferência,Pago
2025-05-15,01e0c209,Auditoria Contábil,1077.93,345.95,Cartão de Crédito,Pago
2025-05-15,3e3f9af2,Plano Básico,254.68,160.16,Transferência,Pago
2025-05-15,5fe2102d,Plano Intermediário,845.25,541.08,Boleto,Cancelado
2025-05-15,7d8188f3,Consultoria Financeira,1262.22,617.12,Transferência,Pago
2025-05-15,c72662a8,Auditoria Contábil,1086.12,708.22,Cartão de Crédito,Pago
2025-05-15,58fa93e2,Plano Básico,367.05,199.35,Boleto,Pago
2025-05-15,e674add6,Auditoria Contábil,1092.81,456.93,Transferência,Pago
2025-05-15,2c43fd10,Plano Intermediário,737.64,439.22,Cartão de Crédito,Pago
2025-05-15,c72662a8,Auditoria Contábil,1109.79,473.05,Boleto,Pago
2025-05-15,0c9111bd,Auditoria Contábil,1081.06,632.73,Boleto,Pago
2025-05-15,f42064ce,Plano Avançado,1364.27,517.99,Transferência,Pendente
2025-05-15,ff83af04,Plano Avançado,1167.14,521.85,Transferência,Pago
2025-05-15,8b520075,Auditoria Contábil,1260.32,407.38,Pix,Pendente
2025-05-15,bd9b7985,Plano Avançado,1204.09,490.11,Pix,Pago
2025-05-15,c1005960,Plano Básico,199.78,126.7,Pix,Pago
2025-05-15,65bb5f82,Consultoria Financeira,1177.14,585.21,Cartão de Crédito,Pago
2025-05-15,50989097,Plano Avançado,1100.57,508.15,Pix,Cancelado
2025-05-15,4c93ecbf,Auditoria Contábil,1441.26,438.1,Boleto,Pago
2025-05-15,b4fc9431,Plano Intermediário,778.46,378.05,Transferência,Pago
2025-05-15,3e3f9af2,Plano Avançado,1202.25,686.51,Boleto,Pago
2025-05-15,7f123ea3,Consultoria Financeira,1254.71,532.93,Transferência,Pago
2025-05-15,fd634e85,Plano Avançado,1271.54,646.6,Cartão de Crédito,Pendente
2025-05-15,04ac6356,Plano Intermediário,771.82,532.87,Pix,Pago
2025-05-15,4f8c8ffe,Plano Intermediário,767.29,267.08,Transferência,Pago
2025-05-15,1ec260d5,Plano Intermediário,759.18,308.4,Transferência,Pago
2025-05-15,4d3f9f70,Plano Básico,310.19,136.25,Boleto,Pago
2025-05-15,360ab68d,Consultoria Financeira,1354.9,607.94,Boleto,Pendente
2025-05-15,805310ba,Plano Básico,316.48,202.18,Pix,Pago
2025-05-15,4edd1840,Consultoria Financeira,1205.09,372.9,Transferência,Pago
2025-05-15,64952769,Auditoria Contábil,1217.33,745.19,Transferência,Pago
2025-05-15,c537a075,Auditoria Contábil,1224.4,591.63,Cartão de Crédito,Pago
2025-05-15,bcf6c281,Consultoria Financeira,1039.91,339.3,Boleto,Pago
2025-05-15,1fd8d42c,Plano Intermediário,617.15,241.49,Pix,Cancelado
2025-05-15,723e148d,Auditoria Contábil,1189.67,712.59,Pix,Pago
2025-05-15,3572e701,Plano Básico,135.68,66.42,Cartão de Crédito,Pago
2025-05-15,fa1fca51,Plano Avançado,1202.09,823.56,Transferência,Pago
2025-05-15,5a66b672,Plano Intermediário,723.07,238.79,Transferência,Pago
2025-05-15,9e842c39,Auditoria Contábil,1073.98,406.32,Transferência,Pago
2025-05-15,7675fac6,Consultoria Financeira,1138.36,405.62,Cartão de Crédito,Pago
2025-05-15,c537a075,Plano Avançado,1328.16,705.68,Transferência,Pendente
2025-05-15,43c9d6f5,Consultoria Financeira,1255.77,450.55,Cartão de Crédito,Pago
2025-05-15,df74f82a,Plano Intermediário,749.82,341.37,Boleto,Pago
2025-05-15,4f8c8ffe,Auditoria Contábil,1314.01,748.53,Pix,Pendente
2025-05-15,d34ea5cb,Plano Intermediário,618.91,412.81,Cartão de Crédito,Pago
2025-05-15,3572e701,Plano Intermediário,574.24,239.0,Pix,Pago
2025-05-15,5f4d6138,Auditoria Contábil,1298.73,757.27,Transferência,Pendente
2025-05-15,1345c41b,Plano Avançado,1192.4,387.39,Boleto,Pago
2025-05-15,de946ab3,Plano Intermediário,616.49,218.06,Boleto,Pago
2025-05-15,e517e12f,Consultoria Financeira,1408.95,962.56,Boleto,Pago
2025-05-15,de962a39,Plano Avançado,1039.23,519.87,Transferência,Pago
2025-05-15,85daef29,Plano Avançado,1218.47,696.78,Transferência,Pago
2025-05-15,877afd71,Plano Avançado,1181.0,735.51,Cartão de Crédito,Pago
2025-05-15,d2f63bb1,Auditoria Contábil,1164.26,563.35,Cartão de Crédito,Cancelado
2025-05-15,84833a28,Plano Avançado,978.81,310.83,Transferência,Pago
2025-05-15,3268a45e,Consultoria Financeira,1353.34,495.73,Boleto,Pago
2025-05-15,ef39a43c,Consultoria Financeira,1057.6,338.42,Cartão de Crédito,Pendente
2025-05-15,8d9c0793,Plano Avançado,1173.33,747.95,Pix,Pago
2025-05-15,fd634e85,Consultoria Financeira,1157.08,791.73,Boleto,Pago
2025-05-15,bc7e9946,Plano Intermediário,758.86,287.43,Transferência,Pago
2025-05-15,b4947d3a,Plano Avançado,1040.19,493.88,Pix,Pago
2025-05-15,cf1ebe05,Plano Avançado,1246.22,669.75,Pix,Pago
2025-05-15,b64c91ff,Plano Básico,318.97,220.88,Cartão de Crédito,Pago
2025-05-15,360ab68d,Plano Avançado,1133.8,426.36,Boleto,Pago
2025-05-15,b4baf750,Plano Básico,342.59,206.56,Boleto,Pago
2025-05-15,a6af877d,Auditoria Contábil,1201.91,438.3,Boleto,Pago
2025-05-15,b4baf750,Auditoria Contábil,1380.43,550.7,Boleto,Pago
2025-05-15,14d5d4bf,Plano Intermediário,680.91,378.75,Boleto,Pago
2025-05-15,5c901b8a,Plano Avançado,1104.36,580.93,Cartão de Crédito,Pago
2025-05-15,84833a28,Consultoria Financeira,1247.24,759.13,Cartão de Crédito,Pago
2025-05-15,b98e2b98,Plano Básico,268.69,81.58,Boleto,Pago
2025-05-15,11255cd4,Consultoria Financeira,1199.93,531.34,Pix,Cancelado
2025-05-15,805310ba,Plano Avançado,1074.96,460.8,Pix,Pago
2025-05-15,723e148d,Auditoria Contábil,1260.45,805.7,Cartão de Crédito,Pago
2025-05-15,91953d5e,Auditoria Contábil,1153.0,543.62,Pix,Pago
2025-05-15,8d9c0793,Auditoria Contábil,1226.59,382.29,Transferência,Pendente
2025-05-15,df99804c,Auditoria Contábil,1409.97,489.83,Cartão de Crédito,Pendente
2025-05-15,cf1ebe05,Plano Avançado,1175.3,488.4,Transferência,Pago
2025-05-15,14c536e1,Plano Avançado,1274.42,888.66,Boleto,Pago
2025-05-15,da462287,Plano Intermediário,681.88,216.81,Transferência,Pago
2025-05-15,9ea8ac4b,Plano Básico,235.06,107.42,Pix,Pendente
2025-05-15,0801ddf7,Plano Avançado,1332.13,801.55,Boleto,Pendente
2025-05-15,b4947d3a,Auditoria Contábil,1013.35,623.23,Cartão de Crédito,Pendente
2025-05-15,cd692f1a,Plano Avançado,1300.75,520.82,Cartão de Crédito,Pago
2025-05-15,b054bf90,Consultoria Financeira,1002.99,564.33,Pix,Pago
2025-05-15,3e210845,Consultoria Financeira,1289.26,510.75,Pix,Pago
2025-05-15,1b2bdc70,Consultoria Financeira,1201.43,466.56,Cartão de Crédito,Pago
2025-05-15,0f77cc0f,Plano Avançado,1104.61,348.58,Transferência,Pago
2025-05-15,9ea8ac4b,Plano Avançado,1159.3,788.54,Pix,Pago
2025-05-15,65bb5f82,Plano Intermediário,768.63,409.41,Cartão de Crédito,Pago
2025-05-15,8d9c0793,Consultoria Financeira,1397.64,708.16,Pix,Pago
2025-05-15,889382a2,Consultoria Financeira,1043.58,629.81,Cartão de Crédito,Pago
2025-05-15,89567f21,Plano Básico,210.12,138.18,Boleto,Pago
2025-05-15,2a5aaa20,Plano Avançado,1066.97,724.03,Transferência,Pago
2025-05-15,d4cba754,Plano Básico,281.09,172.07,Cartão de Crédito,Pago
2025-05-15,8fd2de20,Consultoria Financeira,1292.17,633.85,Cartão de Crédito,Pago
2025-05-15,eb7bf608,Consultoria Financeira,1054.88,565.89,Transferência,Pago
2025-05-15,85050e16,Plano Avançado,1198.79,448.89,Boleto,Pendente
2025-05-15,b4a1b003,Plano Básico,388.69,148.8,Transferência,Pendente
2025-05-15,6c605674,Auditoria Contábil,1157.92,380.33,Pix,Pago
2025-05-15,bd9acbb3,Consultoria Financeira,939.58,586.63,Boleto,Pago
2025-05-15,fc732816,Plano Intermediário,719.89,456.65,Pix,Pendente
2025-05-15,cf1ebe05,Plano Intermediário,823.58,501.11,Boleto,Pago
2025-05-15,58fa93e2,Plano Básico,192.89,108.38,Cartão de Crédito,Pago
2025-05-15,04ac6356,Plano Avançado,1022.14,480.5,Transferência,Pago
2025-05-15,6bffad7d,Plano Básico,331.97,104.58,Boleto,Pago
2025-05-15,8d9c0793,Plano Avançado,1234.77,370.44,Cartão de Crédito,Pago
2025-05-15,e11548e5,Plano Intermediário,651.28,303.9,Boleto,Pago
2025-05-15,bb3d4eda,Plano Avançado,1132.43,780.51,Boleto,Pago
2025-05-15,2c43fd10,Auditoria Contábil,1203.42,469.88,Boleto,Pago
2025-05-15,163a3e98,Plano Básico,191.28,75.01,Boleto,Pago
2025-05-15,de946ab3,Consultoria Financeira,1091.42,328.07,Cartão de Crédito,Pago
2025-05-15,73af6a17,Plano Intermediário,767.94,458.27,Cartão de Crédito,Pago
2025-05-15,53dda9e7,Auditoria Contábil,1085.12,693.79,Transferência,Pendente
2025-05-15,da462287,Plano Básico,127.42,54.81,Boleto,Pago
2025-05-15,14c536e1,Auditoria Contábil,1132.24,662.42,Boleto,Pago
2025-05-15,e024c907,Plano Avançado,1153.56,517.23,Transferência,Pendente
2025-05-15,d4cba754,Plano Intermediário,746.21,493.08,Boleto,Pago
2025-05-15,de42cc92,Plano Intermediário,640.25,343.34,Transferência,Pendente
2025-05-15,3268a45e,Consultoria Financeira,1342.24,757.57,Transferência,Pago
2025-05-15,5fa4df12,Plano Intermediário,708.53,413.59,Cartão de Crédito,Pago
2025-05-15,72592469,Consultoria Financeira,1119.17,410.66,Transferência,Pendente
2025-05-15,01e0c209,Auditoria Contábil,1241.84,845.55,Cartão de Crédito,Pago
2025-05-15,14c536e1,Consultoria Financeira,1340.16,424.79,Transferência,Pendente
2025-05-15,805310ba,Plano Avançado,1265.05,529.58,Pix,Pago
2025-05-15,8d9c0793,Auditoria Contábil,1049.69,614.88,Pix,Pago
2025-05-15,b9322c5f,Auditoria Contábil,1161.6,587.24,Transferência,Pendente
2025-05-15,44b4830b,Plano Avançado,1225.02,616.87,Boleto,Pago
2025-05-15,a69c7843,Consultoria Financeira,1260.67,795.49,Cartão de Crédito,Pago
2025-05-15,7675fac6,Auditoria Contábil,1181.68,684.06,Cartão de Crédito,Pago
2025-05-15,72592469,Consultoria Financeira,1167.93,780.64,Transferência,Pago
2025-05-15,69694584,Plano Básico,479.52,277.08,Boleto,Pendente
2025-05-15,a810c961,Plano Intermediário,766.59,314.02,Boleto,Pago
2025-05-15,3268a45e,Plano Intermediário,742.16,462.24,Boleto,Pago
2025-05-15,0d3cb43f,Consultoria Financeira,1144.17,496.85,Pix,Pago
2025-05-15,f6a2c989,Auditoria Contábil,1089.98,753.62,Transferência,Pago
2025-05-15,29c41e63,Auditoria Contábil,1243.95,734.95,Boleto,Pago
2025-05-15,ea61cc7f,Consultoria Financeira,1277.89,670.67,Boleto,Pago
2025-05-15,8d9c0793,Plano Básico,299.44,135.41,Transferência,Pago
2025-05-15,0371adaf,Plano Avançado,1266.87,462.68,Boleto,Pendente
2025-05-15,4ac7ffdb,Auditoria Contábil,1269.55,576.05,Boleto,Pago
2025-05-15,e9227863,Plano Básico,384.91,119.35,Cartão de Crédito,Cancelado
2025-05-15,d013ff9d,Plano Básico,148.21,86.25,Cartão de Crédito,Pago
2025-05-15,bfa26e2d,Plano Intermediário,664.3,416.42,Cartão de Crédito,Pago
2025-05-15,7f123ea3,Auditoria Contábil,1250.07,400.86,Pix,Pago
2025-05-15,fc732816,Auditoria Contábil,1204.98,604.8,Transferência,Pago
2025-05-15,f6a2c989,Consultoria Financeira,1269.88,472.02,Boleto,Pago
2025-05-15,e28e1db0,Auditoria Contábil,1242.1,770.1,Pix,Pago
2025-05-15,83e2e600,Plano Intermediário,484.67,170.94,Pix,Pendente
2025-05-15,4edd1840,Auditoria Contábil,1309.72,846.23,Transferência,Pendente
2025-05-15,0da75a0d,Consultoria Financeira,1152.12,479.3,Transferência,Pago
