data,id_cliente,produto,valor_venda,custo,meio_pagamento,status_pagamento
2025-05-01,e517e12f,Consultoria Financeira,1172.31,526.87,Pix,Pendente
2025-05-01,cd692f1a,Auditoria Contábil,1132.83,436.96,Transferência,Pago
2025-05-01,1543f02f,Plano Intermediário,559.76,175.58,Transferência,Pago
2025-05-01,9f671442,Consultoria Financeira,1409.11,602.9,Boleto,Pago
2025-05-01,5c901b8a,Plano Avançado,1258.81,742.63,Boleto,Pago
2025-05-01,877afd71,Plano Avançado,1296.23,750.84,Boleto,Pago
2025-05-01,65bb5f82,Plano Avançado,1136.92,464.99,Boleto,Pago
2025-05-01,4ac7ffdb,Plano Intermediário,670.21,424.05,Boleto,Pendente
2025-05-01,53dda9e7,Consultoria Financeira,1199.49,364.5,Cartão de Crédito,Pago
2025-05-01,360ab68d,Auditoria Contábil,1239.88,441.42,Boleto,Pago
2025-05-01,cefd3c78,Auditoria Contábil,1278.52,421.96,Transferência,Pago
2025-05-01,44b4830b,Plano Intermediário,522.23,353.73,Cartão de Crédito,Pago
2025-05-01,fd634e85,Plano Avançado,1271.47,778.41,Transferência,Pendente
2025-05-01,89567f21,Plano Básico,276.63,166.58,Transferência,Pendente
2025-05-01,b98e2b98,Consultoria Financeira,1360.79,755.51,Cartão de Crédito,Pago
2025-05-01,b9322c5f,Plano Intermediário,835.35,460.69,Boleto,Pago
2025-05-01,4331374a,Plano Avançado,1229.14,728.78,Pix,Pago
2025-05-01,88b9030f,Consultoria Financeira,1203.22,734.9,Cartão de Crédito,Pago
2025-05-01,0f77cc0f,Plano Intermediário,669.09,223.16,Cartão de Crédito,Pendente
2025-05-01,43c9d6f5,Plano Básico,340.48,167.91,Boleto,Pago
2025-05-01,e6e04fe5,Consultoria Financeira,1329.05,634.64,Pix,Pago
2025-05-01,e024c907,Plano Básico,305.52,161.42,Boleto,Pago
2025-05-01,cf1ebe05,Consultoria Financeira,1144.32,624.9,Cartão de Crédito,Pago
2025-05-01,8a5de1a7,Auditoria Contábil,1203.26,759.52,Pix,Pago
2025-05-01,64952769,Plano Avançado,1231.05,661.62,Cartão de Crédito,Pendente
2025-05-01,5fa4df12,Consultoria Financeira,1087.27,397.59,Transferência,Pago
2025-05-01,7675fac6,Auditoria Contábil,1063.59,391.96,Pix,Pendente
2025-05-01,5239936f,Plano Intermediário,646.81,366.77,Transferência,Pago
2025-05-01,f3617404,Auditoria Contábil,1360.54,456.06,Pix,Pago
2025-05-01,c72662a8,Plano Intermediário,822.39,540.65,Cartão de Crédito,Pago
2025-05-01,c72662a8,Plano Avançado,1042.86,505.73,Cartão de Crédito,Pago
2025-05-01,e024c907,Consultoria Financeira,1106.76,504.71,Pix,Cancelado
2025-05-01,53dda9e7,Auditoria Contábil,1276.64,782.08,Cartão de Crédito,Pago
2025-05-01,160977e3,Consultoria Financeira,1158.61,778.96,Boleto,Pago
2025-05-01,234ce6aa,Plano Avançado,1246.08,510.67,Pix,Pago
2025-05-01,bb3d4eda,Consultoria Financeira,1047.77,659.72,Pix,Pago
2025-05-01,e517e12f,Plano Avançado,1201.22,523.35,Cartão de Crédito,Pago
2025-05-01,5a66b672,Consultoria Financeira,1190.71,510.9,Cartão de Crédito,Pago
2025-05-01,2ed6ef07,Auditoria Contábil,1296.78,705.03,Cartão de Crédito,Pendente
2025-05-01,34da685d,Plano Avançado,1239.9,795.11,Boleto,Pendente
2025-05-01,2c46ff5e,Plano Intermediário,714.3,343.02,Boleto,Pago
2025-05-01,9e03667d,Plano Básico,127.4,38.81,Transferência,Pago
2025-05-01,e517e12f,Consultoria Financeira,1395.31,748.95,Cartão de Crédito,Pago
2025-05-01,bb3d4eda,Plano Avançado,1268.7,754.26,Cartão de Crédito,Pago
2025-05-01,eb7bf608,Plano Intermediário,628.87,217.95,Boleto,Pago
2025-05-01,2c46ff5e,Auditoria Contábil,1211.71,652.61,Boleto,Pago
2025-05-01,4de403bd,Plano Intermediário,661.56,312.15,Transferência,Pago
2025-05-01,bcf6c281,Plano Intermediário,679.42,354.47,Cartão de Crédito,Pago
2025-05-01,d34ea5cb,Auditoria Contábil,1320.58,736.23,Boleto,Pago
2025-05-01,fa1fca51,Plano Avançado,1106.32,479.18,Cartão de Crédito,Pago
2025-05-01,7d8188f3,Consultoria Financeira,1273.19,706.59,Transferência,Pago
2025-05-01,14c536e1,Auditoria Contábil,1325.45,691.05,Cartão de Crédito,Pago
2025-05-01,3572e701,Plano Avançado,1255.87,787.67,Cartão de Crédito,Pendente
2025-05-01,ff83af04,Plano Básico,284.35,152.15,Boleto,Pago
2025-05-01,4a94313e,Plano Básico,222.06,96.85,Pix,Pago
2025-05-01,a810c961,Plano Intermediário,634.81,311.46,Transferência,Pago
2025-05-01,43c9d6f5,Consultoria Financeira,1213.81,444.43,Cartão de Crédito,Pago
2025-05-01,fd722556,Plano Básico,111.39,76.98,Cartão de Crédito,Pago
2025-05-01,5239936f,Plano Básico,305.31,180.12,Boleto,Cancelado
2025-05-01,aafa4686,Plano Básico,386.53,183.38,Transferência,Pago
2025-05-01,5fa4df12,Consultoria Financeira,1053.95,443.15,Pix,Pendente
2025-05-01,838c0893,Auditoria Contábil,1319.13,700.84,Transferência,Pendente
2025-05-01,df74f82a,Consultoria Financeira,1471.08,610.0,Transferência,Pago
2025-05-01,0c9111bd,Plano Intermediário,693.63,309.9,Pix,Pago
2025-05-01,16b27319,Plano Intermediário,678.0,231.54,Boleto,Pago
2025-05-01,fe8b9235,Plano Avançado,1187.26,742.24,Boleto,Pago
2025-05-01,0da75a0d,Consultoria Financeira,1210.26,495.02,Pix,Pago
2025-05-01,5fbc6417,Plano Avançado,1170.22,759.03,Pix,Pago
2025-05-01,b9322c5f,Plano Intermediário,506.5,256.82,Pix,Pendente
2025-05-01,c537a075,Plano Intermediário,685.06,310.18,Pix,Pendente
2025-05-01,da462287,Plano Intermediário,602.07,420.72,Transferência,Pago
2025-05-01,8af7aae3,Plano Básico,316.34,148.75,Cartão de Crédito,Pendente
2025-05-01,bd9acbb3,Consultoria Financeira,1331.41,593.22,Pix,Pago
2025-05-01,838c0893,Plano Avançado,1105.13,699.89,Cartão de Crédito,Pago
2025-05-01,0371adaf,Plano Básico,475.32,163.03,Cartão de Crédito,Pendente
2025-05-01,8d9c0793,Plano Básico,263.48,168.22,Transferência,Pago
2025-05-01,d25f4939,Consultoria Financeira,1115.95,399.64,Pix,Pendente
2025-05-01,d421c1e5,Plano Básico,368.72,157.27,Transferência,Pago
2025-05-01,ff83af04,Auditoria Contábil,1152.22,528.74,Pix,Pago
2025-05-01,0801ddf7,Plano Básico,295.54,156.2,Transferência,Pago
2025-05-01,eb7bf608,Auditoria Contábil,1202.31,754.62,Cartão de Crédito,Pago
2025-05-01,fa1fca51,Plano Intermediário,762.49,395.62,Transferência,Pago
2025-05-01,37164a6b,Plano Intermediário,692.57,367.21,Transferência,Pago
2025-05-01,c72662a8,Plano Avançado,1181.54,803.73,Pix,Pago
2025-05-01,11255cd4,Plano Avançado,1160.96,450.5,Transferência,Pago
2025-05-01,4c93ecbf,Auditoria Contábil,1251.61,476.2,Boleto,Pendente
2025-05-01,da462287,Consultoria Financeira,1147.2,575.61,Pix,Pendente
2025-05-01,16b27319,Auditoria Contábil,1335.31,648.6,Boleto,Cancelado
2025-05-01,14c536e1,Consultoria Financeira,1203.43,375.71,Transferência,Pago
2025-05-01,d4cba754,Plano Avançado,1031.91,363.98,Cartão de Crédito,Pago
2025-05-01,d34ea5cb,Plano Básico,330.97,155.27,Pix,Pago
2025-05-01,29c41e63,Plano Básico,347.58,176.17,Boleto,Pago
2025-05-01,aafa4686,Plano Intermediário,836.64,513.42,Pix,Pago
2025-05-01,0371adaf,Plano Intermediário,626.23,379.07,Pix,Pago
2025-05-01,e517e12f,Plano Intermediário,612.33,266.48,Boleto,Cancelado
2025-05-01,4423823b,Plano Básico,366.05,178.61,Transferência,Pago
2025-05-01,160977e3,Plano Intermediário,816.77,352.63,Pix,Pendente
2025-05-01,4a94313e,Consultoria Financeira,1122.5,398.82,Boleto,Pago
2025-05-01,186cc208,Plano Avançado,1227.22,479.05,Transferência,Pendente
2025-05-01,5a66b672,Auditoria Contábil,1194.27,650.71,Transferência,Pago
2025-05-01,11255cd4,Auditoria Contábil,1125.76,557.42,Cartão de Crédito,Pago
2025-05-01,3e210845,Auditoria Contábil,1188.4,690.3,Transferência,Pendente
2025-05-01,7d8188f3,Plano Intermediário,808.52,336.0,Cartão de Crédito,Pendente
2025-05-01,bb3d4eda,Consultoria Financeira,1203.86,402.69,Transferência,Pago
2025-05-01,37164a6b,Plano Avançado,1183.16,627.74,Pix,Cancelado
2025-05-01,c72662a8,Plano Básico,360.36,222.27,Transferência,Pendente
2025-05-01,e517e12f,Plano Básico,418.71,148.29,Cartão de Crédito,Pago
2025-05-01,29c41e63,Plano Intermediário,603.52,251.38,Pix,Pendente
2025-05-01,fa1fca51,Auditoria Contábil,1231.44,479.1,Transferência,Pago
2025-05-01,da560193,Consultoria Financeira,1164.1,683.28,Transferência,Pago
2025-05-01,163a3e98,Plano Intermediário,704.3,363.43,Pix,Pendente
2025-05-01,360ab68d,Plano Básico,368.69,178.6,Transferência,Pendente
2025-05-01,9ae0fade,Consultoria Financeira,1171.68,634.02,Pix,Pendente
2025-05-01,14c536e1,Consultoria Financeira,997.5,692.66,Pix,Cancelado
2025-05-01,de962a39,Plano Avançado,1191.81,670.96,Boleto,Pago
2025-05-01,3268a45e,Consultoria Financeira,1299.12,854.86,Pix,Pago
2025-05-01,c72662a8,Consultoria Financeira,1245.02,580.57,Cartão de Crédito,Pago
2025-05-01,0f77cc0f,Plano Intermediário,689.56,372.66,Transferência,Pago
2025-05-01,11255cd4,Auditoria Contábil,1213.97,482.97,Pix,Pendente
2025-05-01,fa1fca51,Plano Básico,306.5,183.43,Boleto,Pendente
2025-05-01,3572e701,Plano Intermediário,525.63,320.97,Pix,Pago
2025-05-01,2c46ff5e,Plano Intermediário,715.68,372.79,Boleto,Pago
2025-05-01,7f123ea3,Plano Básico,172.96,85.18,Cartão de Crédito,Pago
2025-05-01,352fbcce,Plano Avançado,1315.47,719.49,Boleto,Pago
2025-05-01,eb7bf608,Plano Avançado,1070.91,733.21,Boleto,Pago
2025-05-01,2ed6ef07,Plano Básico,259.3,130.84,Boleto,Pago
2025-05-01,dd91e604,Plano Intermediário,640.86,283.29,Pix,Pendente
2025-05-01,5fa4df12,Plano Básico,455.52,210.84,Transferência,Pago
2025-05-01,4331374a,Auditoria Contábil,1310.67,678.12,Boleto,Pendente
2025-05-01,84833a28,Plano Intermediário,472.54,235.73,Boleto,Pago
2025-05-01,5a66b672,Plano Intermediário,698.8,256.91,Boleto,Pago
2025-05-01,e746ca72,Plano Avançado,1087.92,381.27,Boleto,Pago
2025-05-01,cefd3c78,Plano Intermediário,716.06,403.71,Pix,Pendente
2025-05-01,de42cc92,Auditoria Contábil,1266.23,583.37,Transferência,Pago
2025-05-01,0d34ba05,Consultoria Financeira,1224.51,744.1,Pix,Pendente
2025-05-01,4f8c8ffe,Plano Avançado,1272.68,569.43,Transferência,Pago
2025-05-01,f4574bde,Plano Intermediário,674.29,275.37,Cartão de Crédito,Pago
2025-05-01,d55456f6,Auditoria Contábil,1227.76,508.6,Boleto,Pago
2025-05-01,b894acf6,Plano Intermediário,768.82,240.45,Cartão de Crédito,Pago
2025-05-01,84833a28,Plano Avançado,1155.64,381.87,Transferência,Pago
2025-05-01,3e210845,Consultoria Financeira,1114.62,437.76,Pix,Pago
2025-05-01,0d3cb43f,Auditoria Contábil,1135.68,703.19,Transferência,Pendente
2025-05-01,ea61cc7f,Consultoria Financeira,1188.23,560.52,Boleto,Pago
2025-05-01,1fd8d42c,Plano Intermediário,701.5,324.9,Transferência,Pago
2025-05-01,85050e16,Plano Avançado,1233.63,716.54,Pix,Pago
2025-05-01,7675fac6,Consultoria Financeira,1126.3,662.67,Pix,Pendente
2025-05-01,72592469,Consultoria Financeira,1271.92,862.68,Cartão de Crédito,Pendente
2025-05-01,d93c0874,Consultoria Financeira,1381.98,659.45,Transferência,Cancelado
2025-05-01,c537a075,Auditoria Contábil,1141.56,768.43,Cartão de Crédito,Pago
2025-05-01,4a94313e,Plano Avançado,1445.24,477.56,Pix,Pago
2025-05-01,de962a39,Plano Intermediário,898.36,554.07,Boleto,Pendente
2025-05-01,44b4830b,Auditoria Contábil,1201.19,640.48,Pix,Cancelado
2025-05-01,1ec260d5,Plano Intermediário,685.29,212.02,Pix,Pago
2025-05-01,3572e701,Plano Avançado,1134.34,489.77,Transferência,Pendente
2025-05-01,22e7d95c,Plano Avançado,1287.4,822.16,Boleto,Pago
2025-05-01,cfceac6d,Auditoria Contábil,1207.84,423.95,Cartão de Crédito,Pago
2025-05-01,de962a39,Auditoria Contábil,1218.3,624.8,Transferência,Pago
2025-05-01,03bbe434,Auditoria Contábil,1116.57,453.94,Cartão de Crédito,Pago
2025-05-01,5adf9642,Plano Básico,390.5,177.12,Pix,Cancelado
2025-05-01,0f1b8a1f,Auditoria Contábil,1177.42,700.24,Transferência,Pago
2025-05-01,bd9b7985,Consultoria Financeira,1094.53,734.62,Boleto,Pago
2025-05-01,b9322c5f,Consultoria Financeira,1193.28,574.73,Boleto,Pago
2025-05-01,0371adaf,Consultoria Financeira,1122.5,345.23,Cartão de Crédito,Pendente
2025-05-01,0f1b8a1f,Plano Intermediário,836.81,284.69,Pix,Pago
2025-05-01,d2f63bb1,Plano Básico,496.69,215.51,Cartão de Crédito,Pago
2025-05-01,681d27d6,Plano Avançado,1196.09,691.57,Pix,Pago
2025-05-01,03bbe434,Plano Intermediário,807.52,401.34,Boleto,Pago
2025-05-01,74c6dcec,Plano Intermediário,804.73,535.91,Pix,Pago
2025-05-01,69a69b35,Plano Básico,4.58,1.74,Transferência,Pago
2025-05-01,8884a6a4,Consultoria Financeira,1135.83,480.53,Boleto,Pago
2025-05-01,5adf9642,Plano Avançado,1212.22,484.18,Boleto,Pago
2025-05-01,681d27d6,Plano Intermediário,658.1,277.5,Transferência,Pendente
2025-05-01,4f8c8ffe,Consultoria Financeira,1128.45,447.86,Transferência,Pago
2025-05-01,f2f1883d,Plano Intermediário,812.15,298.57,Boleto,Pago
