data,id_cliente,produto,valor_venda,custo,meio_pagamento,status_pagamento
2025-05-02,8af7aae3,Plano Avançado,1128.0,538.55,Boleto,Pago
2025-05-02,0d3cb43f,Consultoria Financeira,1107.59,408.08,Boleto,Pago
2025-05-02,945c8852,Plano Intermediário,738.57,246.74,Pix,Pago
2025-05-02,85daef29,Plano Intermediário,770.27,431.38,Pix,Pendente
2025-05-02,4d3f9f70,Plano Avançado,1236.9,372.56,Pix,Pago
2025-05-02,0d34ba05,Auditoria Contábil,1212.43,483.97,Pix,Pago
2025-05-02,c1005960,Plano Intermediário,793.61,267.12,Transferência,Cancelado
2025-05-02,877afd71,Plano Básico,377.69,190.94,Transferência,Pago
2025-05-02,fe8b9235,Plano Intermediário,634.7,396.13,Transferência,Pendente
2025-05-02,8b520075,Auditoria Contábil,1145.02,405.35,Boleto,Pago
2025-05-02,e7704e2a,Plano Avançado,1271.52,475.97,Pix,Pago
2025-05-02,0f77cc0f,Plano Básico,294.89,203.83,Transferência,Pago
2025-05-02,bd9b7985,Auditoria Contábil,1201.61,442.26,Boleto,Pendente
2025-05-02,9ae0fade,Plano Intermediário,714.33,304.62,Pix,Pago
2025-05-02,65bb5f82,Plano Intermediário,524.46,216.21,Cartão de Crédito,Pago
2025-05-02,4423823b,Plano Intermediário,630.49,434.34,Boleto,Pendente
2025-05-02,de42cc92,Plano Avançado,1247.31,374.4,Boleto,Pago
2025-05-02,c537a075,Plano Básico,229.71,123.69,Pix,Pago
2025-05-02,d55456f6,Auditoria Contábil,1176.22,440.15,Pix,Pago
2025-05-02,b4baf750,Plano Intermediário,746.64,418.62,Boleto,Pendente
2025-05-02,b894acf6,Plano Intermediário,799.71,342.06,Boleto,Pendente
2025-05-02,5a66b672,Plano Intermediário,812.74,325.81,Cartão de Crédito,Pago
2025-05-02,04ac6356,Auditoria Contábil,1319.11,634.4,Boleto,Pago
2025-05-02,723e148d,Plano Intermediário,685.31,321.93,Pix,Pago
2025-05-02,29c41e63,Plano Intermediário,675.06,347.63,Cartão de Crédito,Cancelado
2025-05-02,63ee329b,Auditoria Contábil,1083.7,334.87,Transferência,Pago
2025-05-02,bd9b7985,Consultoria Financeira,1346.23,770.07,Boleto,Pago
2025-05-02,b4947d3a,Consultoria Financeira,1170.95,648.78,Boleto,Pago
2025-05-02,723e148d,Consultoria Financeira,1343.43,693.93,Boleto,Pago
2025-05-02,c1005960,Plano Básico,328.48,141.1,Cartão de Crédito,Pago
2025-05-02,5fa4df12,Plano Básico,404.84,216.32,Transferência,Pago
2025-05-02,681d27d6,Plano Avançado,1191.89,678.99,Cartão de Crédito,Pago
2025-05-02,89567f21,Auditoria Contábil,1256.83,577.16,Boleto,Pendente
2025-05-02,d93c0874,Auditoria Contábil,1308.64,661.46,Transferência,Pago
2025-05-02,22e7d95c,Auditoria Contábil,1150.09,523.58,Pix,Pago
2025-05-02,1ec260d5,Auditoria Contábil,1319.72,446.43,Transferência,Pago
2025-05-02,11255cd4,Plano Avançado,1095.52,506.4,Pix,Pago
2025-05-02,ef39a43c,Consultoria Financeira,1378.39,788.19,Boleto,Pago
2025-05-02,d2f63bb1,Auditoria Contábil,1214.73,739.54,Pix,Pago
2025-05-02,1e76fa0e,Plano Básico,231.95,146.43,Pix,Pendente
2025-05-02,d93c0874,Plano Intermediário,781.17,385.99,Cartão de Crédito,Pendente
2025-05-02,58fa93e2,Plano Avançado,1233.19,637.33,Cartão de Crédito,Pendente
2025-05-02,e9227863,Plano Avançado,1028.94,470.5,Pix,Pago
2025-05-02,f3713c03,Plano Intermediário,660.69,300.68,Transferência,Pago
2025-05-02,5fbc6417,Plano Avançado,1099.87,708.78,Boleto,Pago
2025-05-02,e28e1db0,Plano Avançado,1107.78,363.29,Cartão de Crédito,Pago
2025-05-02,7be9fda6,Consultoria Financeira,1104.54,483.57,Transferência,Pago
2025-05-02,1fd8d42c,Auditoria Contábil,1251.82,406.36,Cartão de Crédito,Pendente
2025-05-02,0801ddf7,Auditoria Contábil,1289.42,843.29,Transferência,Pendente
2025-05-02,856c4622,Plano Intermediário,623.37,242.25,Boleto,Pago
2025-05-02,5fe2102d,Plano Básico,105.84,68.74,Boleto,Pendente
2025-05-02,2c43fd10,Plano Básico,61.51,37.22,Transferência,Pago
2025-05-02,6bffad7d,Auditoria Contábil,1406.42,898.62,Cartão de Crédito,Pago
2025-05-02,fe8b9235,Plano Intermediário,715.81,217.47,Cartão de Crédito,Cancelado
2025-05-02,4de403bd,Plano Avançado,1281.97,764.21,Boleto,Pago
2025-05-02,f2f1883d,Plano Básico,280.45,145.03,Transferência,Pendente
2025-05-02,07f7efa5,Plano Avançado,987.6,501.91,Cartão de Crédito,Pago
2025-05-02,e31cf753,Plano Básico,341.36,191.9,Boleto,Pendente
2025-05-02,a6af877d,Plano Intermediário,865.06,557.53,Boleto,Pago
2025-05-02,e674add6,Plano Intermediário,637.08,230.54,Pix,Pendente
2025-05-02,681d27d6,Auditoria Contábil,978.24,562.47,Transferência,Pago
2025-05-02,f6a2c989,Auditoria Contábil,1083.18,433.21,Pix,Pago
2025-05-02,8dd779c0,Plano Intermediário,787.22,367.83,Cartão de Crédito,Pago
2025-05-02,8519c9b9,Consultoria Financeira,1232.4,818.81,Boleto,Pago
2025-05-02,d421c1e5,Consultoria Financeira,1320.19,406.83,Pix,Pago
2025-05-02,8fd2de20,Auditoria Contábil,1200.88,650.63,Boleto,Pago
2025-05-02,cfceac6d,Plano Avançado,1268.45,524.36,Transferência,Pago
2025-05-02,1ec260d5,Plano Avançado,1157.88,665.44,Boleto,Pago
2025-05-02,bfa26e2d,Plano Intermediário,590.11,185.25,Pix,Pendente
2025-05-02,d2f63bb1,Plano Básico,368.74,170.98,Pix,Pago
2025-05-02,f6a2c989,Consultoria Financeira,1289.01,799.37,Cartão de Crédito,Pago
2025-05-02,d93c0874,Plano Básico,239.27,115.52,Transferência,Pago
2025-05-02,01e0c209,Plano Avançado,1353.91,854.13,Pix,Pendente
2025-05-02,8884a6a4,Plano Intermediário,857.24,402.9,Transferência,Pago
2025-05-02,22e7d95c,Auditoria Contábil,1105.1,568.55,Cartão de Crédito,Pago
2025-05-02,8d9c0793,Plano Avançado,1109.31,532.09,Pix,Pago
2025-05-02,da560193,Plano Avançado,1113.6,654.17,Pix,Cancelado
2025-05-02,fc732816,Plano Avançado,1187.35,457.72,Cartão de Crédito,Pendente
2025-05-02,c537a075,Consultoria Financeira,1162.44,454.64,Pix,Pago
2025-05-02,d421c1e5,Plano Básico,169.52,90.45,Transferência,Pendente
2025-05-02,de962a39,Plano Avançado,1116.26,574.73,Pix,Pago
2025-05-02,805310ba,Plano Intermediário,489.31,186.63,Boleto,Pago
2025-05-02,f3713c03,Plano Intermediário,503.55,158.24,Transferência,Pago
2025-05-02,d93c0874,Plano Intermediário,551.89,275.5,Cartão de Crédito,Cancelado
2025-05-02,e31cf753,Consultoria Financeira,1399.2,815.47,Boleto,Pendente
2025-05-02,1e76fa0e,Auditoria Contábil,1383.39,513.23,Boleto,Pago
2025-05-02,df74f82a,Plano Básico,374.93,254.53,Transferência,Pendente
2025-05-02,856c4622,Plano Intermediário,640.25,226.89,Cartão de Crédito,Pago
2025-05-02,de962a39,Consultoria Financeira,1050.45,340.38,Boleto,Pago
2025-05-02,22e7d95c,Auditoria Contábil,1198.77,515.71,Pix,Pago
2025-05-02,1fd8d42c,Plano Intermediário,744.23,382.15,Transferência,Pago
2025-05-02,de946ab3,Plano Básico,224.93,80.42,Cartão de Crédito,Pago
2025-05-02,91953d5e,Plano Intermediário,738.6,321.12,Cartão de Crédito,Pago
2025-05-02,bd89e3a3,Plano Básico,182.34,97.41,Pix,Pago
2025-05-02,6c605674,Plano Avançado,1142.19,444.52,Cartão de Crédito,Pendente
2025-05-02,e9227863,Plano Intermediário,674.2,252.98,Boleto,Cancelado
2025-05-02,bfa26e2d,Plano Básico,487.11,197.53,Boleto,Pago
2025-05-02,07f7efa5,Plano Intermediário,614.91,187.44,Cartão de Crédito,Pendente
2025-05-02,04ac6356,Plano Básico,544.12,372.8,Boleto,Pago
2025-05-02,07f7efa5,Consultoria Financeira,1243.71,666.37,Transferência,Pago
2025-05-02,3572e701,Auditoria Contábil,1452.99,975.19,Transferência,Pago
2025-05-02,22e7d95c,Plano Intermediário,600.64,379.21,Transferência,Pago
2025-05-02,c1005960,Consultoria Financeira,1087.96,440.68,Boleto,Pago
2025-05-02,85050e16,Consultoria Financeira,1124.51,564.24,Transferência,Pago
2025-05-02,e517e12f,Consultoria Financeira,1202.23,393.27,Pix,Pendente
2025-05-02,cfceac6d,Plano Básico,469.35,276.65,Pix,Pago
2025-05-02,14d5d4bf,Plano Avançado,1138.18,643.81,Pix,Cancelado
2025-05-02,34da685d,Plano Básico,389.85,183.48,Pix,Pendente
2025-05-02,73af6a17,Consultoria Financeira,1393.34,910.32,Transferência,Pago
2025-05-02,3e465ec4,Plano Intermediário,725.68,361.6,Boleto,Pago
2025-05-02,06019269,Plano Avançado,1309.48,508.11,Cartão de Crédito,Pago
2025-05-02,9e842c39,Plano Básico,219.4,99.92,Transferência,Pago
2025-05-02,945c8852,Consultoria Financeira,1240.91,572.71,Cartão de Crédito,Pago
2025-05-02,d013ff9d,Plano Básico,366.66,141.49,Cartão de Crédito,Pago
2025-05-02,3e3f9af2,Plano Básico,165.27,61.22,Pix,Pago
2025-05-02,e28e1db0,Consultoria Financeira,1110.12,663.11,Transferência,Pago
2025-05-02,5c901b8a,Auditoria Contábil,1169.92,531.55,Boleto,Pago
2025-05-02,07f7efa5,Auditoria Contábil,1037.27,718.65,Pix,Pago
2025-05-02,74c6dcec,Plano Avançado,1127.1,378.63,Cartão de Crédito,Pago
2025-05-02,01e0c209,Plano Avançado,1181.1,633.43,Pix,Pago
2025-05-02,14c536e1,Plano Básico,152.37,72.03,Cartão de Crédito,Pago
2025-05-02,88b9030f,Plano Básico,480.56,154.54,Pix,Pendente
2025-05-02,f2f1883d,Plano Intermediário,801.08,288.24,Pix,Pago
2025-05-02,e28e1db0,Plano Intermediário,1052.91,359.61,Transferência,Pendente
2025-05-02,2ed6ef07,Consultoria Financeira,1075.55,430.84,Cartão de Crédito,Pago
2025-05-02,f6a2c989,Plano Básico,344.98,127.45,Boleto,Pago
2025-05-02,a810c961,Auditoria Contábil,1127.98,433.1,Boleto,Pago
2025-05-02,352fbcce,Consultoria Financeira,1087.43,540.18,Boleto,Pago
2025-05-02,8dd779c0,Plano Avançado,1294.68,473.54,Boleto,Pago
2025-05-02,85050e16,Plano Avançado,1205.5,749.39,Pix,Pago
2025-05-02,bcf6c281,Plano Básico,263.28,120.96,Boleto,Pago
2025-05-02,856c4622,Plano Avançado,1228.76,452.26,Pix,Pago
2025-05-02,163a3e98,Plano Intermediário,614.04,320.83,Boleto,Pago
2025-05-02,73af6a17,Auditoria Contábil,1110.94,516.1,Cartão de Crédito,Pago
2025-05-02,b894acf6,Auditoria Contábil,1131.35,404.16,Transferência,Pago
2025-05-02,0801ddf7,Plano Básico,416.34,267.77,Cartão de Crédito,Pago
2025-05-02,88019547,Auditoria Contábil,1306.88,688.17,Boleto,Pago
2025-05-02,b4a1b003,Plano Avançado,1071.4,523.6,Cartão de Crédito,Pago
2025-05-02,1fd8d42c,Plano Básico,475.09,159.21,Transferência,Pago
2025-05-02,8fd2de20,Plano Básico,296.85,168.39,Transferência,Pago
2025-05-02,3572e701,Plano Avançado,1243.24,590.43,Cartão de Crédito,Pago
2025-05-02,163a3e98,Consultoria Financeira,1128.28,520.61,Cartão de Crédito,Pago
2025-05-02,a6af877d,Consultoria Financeira,1202.11,421.48,Pix,Pago
2025-05-02,34588043,Consultoria Financeira,1086.89,533.28,Boleto,Pago
2025-05-02,f5534c19,Auditoria Contábil,1121.76,552.26,Cartão de Crédito,Pendente
2025-05-02,65bb5f82,Consultoria Financeira,1285.32,895.62,Boleto,Pago
2025-05-02,88b9030f,Consultoria Financeira,1287.9,600.08,Transferência,Pendente
2025-05-02,b4fc9431,Consultoria Financeira,1248.06,757.75,Boleto,Pendente
2025-05-02,111842ea,Plano Avançado,1157.04,738.54,Pix,Pago
2025-05-02,27ddd74f,Plano Avançado,1069.89,469.15,Pix,Pago
2025-05-02,e746ca72,Plano Intermediário,830.0,443.61,Pix,Pago
2025-05-02,37164a6b,Consultoria Financeira,1296.03,574.01,Cartão de Crédito,Pago
2025-05-02,69694584,Plano Avançado,1016.15,338.94,Pix,Pendente
2025-05-02,d421c1e5,Auditoria Contábil,1289.81,899.15,Boleto,Pago
2025-05-02,b054bf90,Plano Básico,263.22,147.43,Cartão de Crédito,Pendente
2025-05-02,111842ea,Plano Avançado,1270.25,548.24,Transferência,Pago
2025-05-02,f4574bde,Plano Avançado,1053.5,460.61,Transferência,Pendente
2025-05-02,8dcc5eb7,Plano Avançado,1133.15,526.1,Transferência,Pendente
2025-05-02,9e842c39,Auditoria Contábil,1209.45,819.31,Pix,Pago
2025-05-02,de946ab3,Auditoria Contábil,1380.61,437.31,Cartão de Crédito,Pago
2025-05-02,2c46ff5e,Consultoria Financeira,1466.69,979.86,Transferência,Pago
2025-05-02,4331374a,Plano Básico,309.72,99.01,Transferência,Pago
2025-05-02,5c88b44f,Plano Avançado,1311.67,520.43,Cartão de Crédito,Pago
2025-05-02,72592469,Plano Intermediário,723.21,470.46,Cartão de Crédito,Pago
2025-05-02,e6e04fe5,Plano Intermediário,719.51,342.21,Transferência,Pago
2025-05-02,0da75a0d,Plano Avançado,1253.75,398.63,Transferência,Pago
2025-05-02,27ddd74f,Plano Intermediário,694.16,216.3,Cartão de Crédito,Pendente
2025-05-02,de946ab3,Plano Avançado,1282.64,738.71,Cartão de Crédito,Pago
2025-05-02,c6a8f08d,Auditoria Contábil,1093.4,421.73,Transferência,Pago
2025-05-02,f4574bde,Auditoria Contábil,1194.85,389.28,Cartão de Crédito,Pago
2025-05-02,e674add6,Plano Avançado,1391.2,698.8,Cartão de Crédito,Pago
2025-05-02,7fe9431e,Plano Avançado,1316.41,825.18,Cartão de Crédito,Pendente
2025-05-02,7675fac6,Plano Avançado,1232.1,375.92,Cartão de Crédito,Pago
2025-05-02,3e210845,Plano Avançado,1300.22,751.65,Pix,Pago
2025-05-02,b4a1b003,Plano Avançado,1356.03,758.88,Boleto,Pago
2025-05-02,8b520075,Auditoria Contábil,1004.84,442.22,Pix,Pago
