data,id_cliente,produto,valor_venda,custo,meio_pagamento,status_pagamento
2025-05-03,e11548e5,Consultoria Financeira,1274.18,621.02,Pix,Pago
2025-05-03,bb3d4eda,Plano Básico,259.67,106.45,Cartão de Crédito,Pago
2025-05-03,b894acf6,Auditoria Contábil,1208.45,378.39,Boleto,Pendente
2025-05-03,0801ddf7,Plano Intermediário,791.02,548.23,Boleto,Pago
2025-05-03,160977e3,Plano Avançado,1181.65,655.6,Transferência,Pendente
2025-05-03,6bffad7d,Plano Básico,179.08,119.75,Pix,Pago
2025-05-03,64952769,Plano Intermediário,705.67,425.51,Pix,Pago
2025-05-03,74c6dcec,Plano Avançado,1291.99,491.13,Transferência,Pago
2025-05-03,ac40ed62,Auditoria Contábil,1301.89,500.45,Pix,Pago
2025-05-03,805310ba,Auditoria Contábil,1095.98,521.1,Transferência,Pendente
2025-05-03,0f77cc0f,Plano Básico,369.88,226.66,Transferência,Pago
2025-05-03,945c8852,Plano Básico,275.86,170.17,Boleto,Pago
2025-05-03,6bffad7d,Plano Intermediário,846.68,538.02,Cartão de Crédito,Pago
2025-05-03,01e0c209,Plano Intermediário,580.91,237.94,Cartão de Crédito,Pago
2025-05-03,71645e64,Plano Básico,367.87,156.69,Transferência,Pago
2025-05-03,c72662a8,Auditoria Contábil,1165.32,447.26,Pix,Pendente
2025-05-03,34da685d,Consultoria Financeira,1141.42,550.31,Cartão de Crédito,Pendente
2025-05-03,e28e1db0,Plano Básico,395.88,133.93,Transferência,Pago
2025-05-03,fd722556,Consultoria Financeira,1312.77,878.28,Transferência,Pago
2025-05-03,b64c91ff,Plano Avançado,1005.27,605.79,Pix,Pago
2025-05-03,d25f4939,Plano Básico,397.85,160.31,Transferência,Pago
2025-05-03,d013ff9d,Auditoria Contábil,1193.16,758.57,Transferência,Pago
2025-05-03,5239936f,Plano Básico,302.88,145.16,Boleto,Pago
2025-05-03,d013ff9d,Plano Intermediário,576.04,328.82,Boleto,Cancelado
2025-05-03,03bbe434,Plano Básico,360.78,219.68,Boleto,Pago
2025-05-03,e6e04fe5,Plano Básico,532.47,256.93,Transferência,Pendente
2025-05-03,34588043,Plano Intermediário,647.11,425.56,Pix,Pago
2025-05-03,1dd73ec3,Plano Avançado,1323.34,821.19,Boleto,Pendente
2025-05-03,14c536e1,Auditoria Contábil,1199.23,556.68,Transferência,Pago
2025-05-03,d4cba754,Plano Intermediário,650.84,410.35,Cartão de Crédito,Pendente
2025-05-03,cf1ebe05,Plano Básico,158.73,62.07,Boleto,Pendente
2025-05-03,07f7efa5,Plano Avançado,1339.2,591.11,Transferência,Pago
2025-05-03,04ac6356,Plano Intermediário,711.11,396.01,Cartão de Crédito,Pendente
2025-05-03,7675fac6,Plano Intermediário,655.67,405.04,Cartão de Crédito,Cancelado
2025-05-03,cefd3c78,Consultoria Financeira,1171.14,397.7,Pix,Pendente
2025-05-03,88019547,Auditoria Contábil,1269.09,556.61,Boleto,Pago
2025-05-03,352fbcce,Plano Intermediário,655.52,451.8,Cartão de Crédito,Cancelado
2025-05-03,5fa4df12,Plano Intermediário,607.41,354.13,Pix,Pago
2025-05-03,d55456f6,Consultoria Financeira,1188.63,371.41,Boleto,Pendente
2025-05-03,2c46ff5e,Plano Avançado,1185.63,811.1,Pix,Pendente
2025-05-03,0d3cb43f,Plano Intermediário,683.49,394.56,Transferência,Pago
2025-05-03,b894acf6,Plano Intermediário,656.77,285.38,Transferência,Pendente
2025-05-03,9f671442,Consultoria Financeira,1327.27,522.67,Pix,Pago
2025-05-03,5fa4df12,Plano Básico,578.0,319.47,Pix,Pago
2025-05-03,b054bf90,Consultoria Financeira,1096.2,441.6,Pix,Pago
2025-05-03,cfceac6d,Plano Avançado,992.29,475.95,Boleto,Pago
2025-05-03,111842ea,Plano Intermediário,676.47,357.36,Boleto,Pago
2025-05-03,c1005960,Auditoria Contábil,1001.8,594.16,Cartão de Crédito,Pago
2025-05-03,4de403bd,Plano Básico,150.08,86.2,Boleto,Pago
2025-05-03,e9227863,Consultoria Financeira,1148.74,624.7,Cartão de Crédito,Pago
2025-05-03,a69c7843,Plano Básico,368.32,196.71,Pix,Pago
2025-05-03,68819479,Plano Intermediário,675.37,287.38,Transferência,Pago
2025-05-03,bd5fc63d,Plano Intermediário,469.85,167.61,Boleto,Pago
2025-05-03,b64c91ff,Plano Intermediário,674.11,386.42,Transferência,Pago
2025-05-03,e31cf753,Consultoria Financeira,1181.21,666.55,Cartão de Crédito,Pago
2025-05-03,0f77cc0f,Plano Básico,282.83,151.13,Boleto,Pendente
2025-05-03,e31cf753,Plano Básico,409.85,282.97,Transferência,Pago
2025-05-03,44b4830b,Plano Avançado,1290.65,430.06,Cartão de Crédito,Cancelado
2025-05-03,50989097,Plano Avançado,1207.23,454.43,Pix,Pago
2025-05-03,8af7aae3,Auditoria Contábil,1405.78,880.71,Cartão de Crédito,Pago
2025-05-03,5a66b672,Consultoria Financeira,1056.16,734.35,Transferência,Pago
2025-05-03,f2f1883d,Plano Avançado,1148.48,712.6,Pix,Pago
2025-05-03,0371adaf,Consultoria Financeira,1187.35,643.25,Pix,Pago
2025-05-03,bfa26e2d,Consultoria Financeira,1197.56,714.85,Transferência,Pago
2025-05-03,f3713c03,Consultoria Financeira,1057.78,643.3,Boleto,Pago
2025-05-03,b894acf6,Plano Intermediário,505.81,348.75,Cartão de Crédito,Pago
2025-05-03,88019547,Plano Básico,299.62,169.39,Cartão de Crédito,Pendente
2025-05-03,5fa4df12,Plano Básico,140.99,83.53,Cartão de Crédito,Pago
2025-05-03,4a94313e,Plano Avançado,1133.53,449.87,Pix,Pago
2025-05-03,ef39a43c,Plano Avançado,1211.68,504.05,Transferência,Pago
2025-05-03,07f7efa5,Consultoria Financeira,1071.44,590.97,Cartão de Crédito,Cancelado
2025-05-03,85daef29,Consultoria Financeira,1233.01,509.63,Cartão de Crédito,Pago
2025-05-03,16b27319,Consultoria Financeira,1118.6,335.69,Pix,Pago
2025-05-03,50989097,Plano Básico,263.43,161.05,Pix,Pago
2025-05-03,64952769,Plano Básico,350.43,190.43,Cartão de Crédito,Pago
2025-05-03,fe8b9235,Consultoria Financeira,1191.77,682.39,Cartão de Crédito,Pago
2025-05-03,fc732816,Plano Básico,330.65,107.6,Cartão de Crédito,Pendente
2025-05-03,e674add6,Plano Avançado,1243.95,641.37,Boleto,Pago
2025-05-03,14c536e1,Plano Avançado,1190.17,494.1,Transferência,Pendente
2025-05-03,d25f4939,Consultoria Financeira,1236.46,689.87,Cartão de Crédito,Pendente
2025-05-03,9ae0fade,Consultoria Financeira,1131.98,508.91,Pix,Pago
2025-05-03,b4947d3a,Auditoria Contábil,1249.14,535.1,Boleto,Pago
2025-05-03,f3713c03,Plano Intermediário,677.09,271.45,Transferência,Pago
2025-05-03,d4cba754,Plano Básico,430.26,146.83,Pix,Pago
2025-05-03,163a3e98,Auditoria Contábil,1213.77,821.98,Transferência,Pago
2025-05-03,8af7aae3,Auditoria Contábil,1144.94,669.56,Transferência,Pago
2025-05-03,53dda9e7,Plano Básico,350.97,159.33,Pix,Pago
2025-05-03,b9322c5f,Auditoria Contábil,1335.28,914.82,Cartão de Crédito,Pago
2025-05-03,72592469,Plano Avançado,1153.34,404.43,Boleto,Pago
2025-05-03,2a5aaa20,Plano Intermediário,637.13,287.04,Boleto,Pago
2025-05-03,699833e9,Plano Básico,38.19,17.01,Pix,Pendente
2025-05-03,07f7efa5,Plano Intermediário,713.52,338.56,Boleto,Pago
2025-05-03,6c605674,Plano Básico,267.38,101.05,Pix,Pendente
2025-05-03,e7704e2a,Consultoria Financeira,1250.53,618.46,Transferência,Pago
2025-05-03,5c901b8a,Consultoria Financeira,1252.78,525.39,Cartão de Crédito,Pago
2025-05-03,0f77cc0f,Plano Avançado,1061.67,418.73,Transferência,Cancelado
2025-05-03,7fe9431e,Consultoria Financeira,1290.17,764.05,Pix,Pendente
2025-05-03,14c536e1,Consultoria Financeira,1123.4,445.31,Transferência,Pago
2025-05-03,ef39a43c,Plano Intermediário,653.87,441.0,Pix,Cancelado
2025-05-03,4423823b,Plano Avançado,974.72,632.94,Boleto,Pago
2025-05-03,1345c41b,Plano Intermediário,733.6,335.99,Boleto,Pago
2025-05-03,fd722556,Auditoria Contábil,1090.16,491.79,Cartão de Crédito,Cancelado
2025-05-03,f5534c19,Plano Avançado,1138.09,485.59,Cartão de Crédito,Pendente
2025-05-03,1543f02f,Consultoria Financeira,1081.8,574.31,Pix,Pago
2025-05-03,cf1ebe05,Consultoria Financeira,1299.6,424.13,Pix,Pago
2025-05-03,11255cd4,Consultoria Financeira,1161.92,784.04,Cartão de Crédito,Pago
2025-05-03,e31cf753,Plano Intermediário,573.05,258.39,Cartão de Crédito,Pago
2025-05-03,ac40ed62,Plano Intermediário,579.22,203.2,Transferência,Pendente
2025-05-03,cd692f1a,Consultoria Financeira,1280.91,414.27,Transferência,Pago
2025-05-03,405479fd,Consultoria Financeira,1115.03,412.12,Cartão de Crédito,Pago
2025-05-03,805310ba,Consultoria Financeira,1151.7,695.98,Transferência,Pendente
2025-05-03,945c8852,Auditoria Contábil,1203.76,543.84,Pix,Pago
2025-05-03,1dd73ec3,Plano Avançado,1168.53,587.33,Cartão de Crédito,Pago
2025-05-03,4c93ecbf,Consultoria Financeira,1017.03,425.16,Cartão de Crédito,Pendente
2025-05-03,5fbc6417,Plano Intermediário,761.6,451.9,Pix,Pago
2025-05-03,34588043,Plano Avançado,1175.6,398.58,Cartão de Crédito,Pago
2025-05-03,df74f82a,Plano Intermediário,729.47,480.81,Cartão de Crédito,Pago
2025-05-03,838c0893,Plano Intermediário,769.32,341.44,Cartão de Crédito,Pendente
2025-05-03,3268a45e,Plano Avançado,997.23,349.35,Boleto,Pago
2025-05-03,160977e3,Plano Básico,370.31,141.16,Boleto,Pago
2025-05-03,e11548e5,Plano Avançado,1449.84,697.01,Boleto,Pago
2025-05-03,de42cc92,Plano Intermediário,740.23,250.77,Cartão de Crédito,Cancelado
2025-05-03,e6e04fe5,Plano Básico,432.1,224.35,Transferência,Pago
2025-05-03,4edd1840,Auditoria Contábil,1295.8,714.82,Pix,Pago
2025-05-03,0d34ba05,Plano Intermediário,766.35,276.7,Transferência,Pago
2025-05-03,b054bf90,Plano Intermediário,799.73,247.73,Cartão de Crédito,Pago
2025-05-03,07f7efa5,Auditoria Contábil,1318.19,612.56,Pix,Pago
2025-05-03,9e03667d,Consultoria Financeira,1322.73,511.17,Transferência,Pago
2025-05-03,88b9030f,Plano Básico,178.98,96.0,Cartão de Crédito,Pendente
2025-05-03,d013ff9d,Plano Básico,406.54,162.91,Cartão de Crédito,Pendente
2025-05-03,a6af877d,Consultoria Financeira,1174.2,813.03,Pix,Pago
2025-05-03,6f084a1f,Auditoria Contábil,1326.86,443.49,Transferência,Pendente
2025-05-03,2ed6ef07,Auditoria Contábil,1249.14,466.41,Cartão de Crédito,Pago
2025-05-03,6f084a1f,Consultoria Financeira,1077.68,586.9,Transferência,Pendente
2025-05-03,3e465ec4,Plano Avançado,1342.46,776.5,Boleto,Pago
2025-05-03,889382a2,Plano Avançado,1123.84,368.46,Pix,Pendente
2025-05-03,1e76fa0e,Plano Intermediário,669.4,358.51,Transferência,Pago
2025-05-03,3e465ec4,Plano Avançado,1369.23,689.95,Pix,Pago
2025-05-03,0f1b8a1f,Consultoria Financeira,1214.43,569.54,Cartão de Crédito,Pago
2025-05-03,bd9acbb3,Plano Intermediário,665.18,288.84,Transferência,Cancelado
2025-05-03,5fbc6417,Consultoria Financeira,1192.51,823.32,Transferência,Pendente
2025-05-03,e11548e5,Plano Intermediário,663.14,354.86,Transferência,Pago
2025-05-03,d421c1e5,Plano Avançado,1280.7,818.26,Boleto,Pago
2025-05-03,da462287,Consultoria Financeira,1166.07,384.57,Boleto,Pago
2025-05-03,85050e16,Plano Intermediário,695.87,350.83,Boleto,Pago
2025-05-03,b9322c5f,Plano Avançado,1257.89,688.16,Pix,Pago
2025-05-03,9e842c39,Consultoria Financeira,1246.0,694.98,Pix,Pago
2025-05-03,3e3f9af2,Plano Avançado,1131.43,660.16,Pix,Pago
2025-05-03,ff83af04,Consultoria Financeira,1282.03,494.79,Pix,Pago
2025-05-03,a810c961,Plano Avançado,1148.34,536.71,Transferência,Pago
2025-05-03,5fa4df12,Plano Avançado,1097.67,552.58,Transferência,Pago
2025-05-03,74c6dcec,Plano Básico,124.9,38.93,Transferência,Pendente
2025-05-03,88019547,Plano Básico,282.25,152.99,Cartão de Crédito,Pendente
2025-05-03,4d3f9f70,Plano Intermediário,542.06,350.59,Boleto,Pago
2025-05-03,160977e3,Plano Intermediário,618.21,370.12,Cartão de Crédito,Pendente
2025-05-03,f3617404,Plano Básico,298.38,105.14,Boleto,Pago
2025-05-03,bc7e9946,Auditoria Contábil,1315.68,761.11,Boleto,Pago
2025-05-03,f3713c03,Consultoria Financeira,1171.95,382.06,Transferência,Pendente
2025-05-03,4d3f9f70,Auditoria Contábil,1059.71,667.75,Boleto,Pago
2025-05-03,63ee329b,Plano Intermediário,689.19,411.96,Boleto,Pago
2025-05-03,3e210845,Plano Básico,411.21,225.25,Boleto,Pago
2025-05-03,53dda9e7,Plano Intermediário,669.71,411.42,Cartão de Crédito,Pago
2025-05-03,1b2bdc70,Consultoria Financeira,1334.61,647.26,Transferência,Pago
2025-05-03,dd91e604,Consultoria Financeira,1197.81,580.99,Cartão de Crédito,Pago
2025-05-03,71645e64,Auditoria Contábil,1270.72,780.26,Cartão de Crédito,Pago
2025-05-03,5adf9642,Auditoria Contábil,1221.84,454.43,Boleto,Pago
2025-05-03,bd89e3a3,Plano Básico,428.89,208.91,Boleto,Pago
2025-05-03,d34ea5cb,Plano Avançado,1414.3,893.86,Cartão de Crédito,Pendente
2025-05-03,df74f82a,Plano Intermediário,653.02,208.78,Boleto,Pago
2025-05-03,f3617404,Plano Intermediário,715.88,271.27,Cartão de Crédito,Pendente
2025-05-03,bd9b7985,Plano Intermediário,815.6,348.18,Cartão de Crédito,Pago
2025-05-03,0f1b8a1f,Plano Avançado,1225.37,392.94,Pix,Pago
2025-05-03,ef39a43c,Plano Intermediário,520.69,189.23,Pix,Pago
2025-05-03,234ce6aa,Plano Intermediário,671.21,264.03,Boleto,Pago
2025-05-03,04ac6356,Plano Avançado,1224.5,589.41,Transferência,Pendente
2025-05-03,160977e3,Plano Básico,459.42,220.03,Boleto,Pago
2025-05-03,5adf9642,Plano Básico,310.35,191.16,Pix,Pago
2025-05-03,64952769,Consultoria Financeira,1112.0,403.14,Boleto,Cancelado
2025-05-03,3e3f9af2,Plano Básico,326.92,155.23,Transferência,Pago
2025-05-03,c6a8f08d,Auditoria Contábil,1346.98,716.99,Boleto,Pago
2025-05-03,6bffad7d,Plano Avançado,1137.77,517.97,Pix,Pago
2025-05-03,0801ddf7,Plano Avançado,1149.57,609.5,Pix,Pago
2025-05-03,5fa4df12,Plano Avançado,1139.22,534.72,Cartão de Crédito,Pago
2025-05-03,b98e2b98,Plano Básico,171.05,96.67,Transferência,Pago
2025-05-03,f4574bde,Plano Avançado,1205.84,772.96,Pix,Pago
2025-05-03,f4574bde,Consultoria Financeira,1194.03,824.13,Cartão de Crédito,Pago
2025-05-03,c537a075,Consultoria Financeira,1029.83,446.22,Pix,Pendente
2025-05-03,63ee329b,Plano Avançado,1119.03,606.97,Pix,Cancelado
2025-05-03,5f4d6138,Plano Intermediário,718.78,241.4,Pix,Pago
2025-05-03,bb3d4eda,Plano Intermediário,768.17,411.66,Cartão de Crédito,Pago
2025-05-03,b64c91ff,Plano Intermediário,796.25,382.17,Boleto,Pago
2025-05-03,9e842c39,Plano Intermediário,776.75,414.27,Transferência,Pago
2025-05-03,6f084a1f,Consultoria Financeira,1199.83,618.34,Pix,Pago
2025-05-03,cd692f1a,Plano Avançado,1056.13,318.41,Cartão de Crédito,Pago
2025-05-03,5239936f,Consultoria Financeira,1177.47,466.99,Pix,Pago
2025-05-03,809e8137,Consultoria Financeira,962.16,461.25,Boleto,Pago
2025-05-03,4d3f9f70,Plano Básico,319.27,221.02,Transferência,Pago
2025-05-03,5239936f,Plano Avançado,1134.55,400.96,Cartão de Crédito,Pago
2025-05-03,71645e64,Plano Intermediário,495.05,158.01,Pix,Pago
2025-05-03,e6e04fe5,Plano Intermediário,737.35,445.57,Transferência,Pago
2025-05-03,53dda9e7,Auditoria Contábil,1345.54,484.32,Pix,Pago
2025-05-03,01e0c209,Plano Intermediário,543.19,212.51,Transferência,Pago
2025-05-03,22e7d95c,Plano Intermediário,745.72,227.15,Transferência,Pago
2025-05-03,a6af877d,Plano Básico,260.66,90.38,Boleto,Pago
2025-05-03,0371adaf,Plano Intermediário,623.76,433.1,Cartão de Crédito,Pendente
2025-05-03,de946ab3,Plano Intermediário,623.96,236.88,Transferência,Pago
2025-05-03,a6af877d,Plano Avançado,1160.64,621.04,Transferência,Pago
2025-05-03,902164d4,Plano Intermediário,660.29,367.31,Cartão de Crédito,Cancelado
2025-05-03,5f4d6138,Auditoria Contábil,1195.85,556.75,Cartão de Crédito,Pago
2025-05-03,0f77cc0f,Plano Intermediário,614.65,345.19,Cartão de Crédito,Pago
2025-05-03,9e842c39,Plano Básico,233.06,108.72,Transferência,Pago
2025-05-03,d013ff9d,Consultoria Financeira,1255.29,660.32,Cartão de Crédito,Pago
2025-05-03,1b2bdc70,Auditoria Contábil,1106.34,711.9,Pix,Pago
2025-05-03,6bffad7d,Plano Avançado,1225.73,697.94,Boleto,Pago
2025-05-03,7d8188f3,Plano Intermediário,665.55,230.28,Transferência,Pago
2025-05-03,352fbcce,Plano Básico,245.49,166.44,Pix,Pago
2025-05-03,7fe9431e,Plano Básico,481.68,171.79,Transferência,Pago
2025-05-03,14d5d4bf,Consultoria Financeira,1073.07,732.61,Cartão de Crédito,Pendente
2025-05-03,64adcc21,Consultoria Financeira,1353.62,584.75,Transferência,Pago
2025-05-03,a69c7843,Plano Intermediário,783.32,546.95,Cartão de Crédito,Cancelado
2025-05-03,fec30ee1,Auditoria Contábil,1136.98,456.0,Boleto,Pago
2025-05-03,d55456f6,Plano Intermediário,786.42,328.7,Transferência,Pago
2025-05-03,8b520075,Consultoria Financeira,929.25,284.45,Boleto,Pago
