data,id_cliente,produto,valor_venda,custo,meio_pagamento,status_pagamento
2025-05-18,bb3d4eda,Plano Avançado,1361.37,886.8,Pix,Pago
2025-05-18,f3617404,Plano Avançado,1245.35,574.92,Transferência,Pendente
2025-05-18,7be9fda6,Consultoria Financeira,1318.95,821.89,Cartão de Crédito,Pago
2025-05-18,aafa4686,Plano Avançado,1077.24,651.64,Boleto,Pendente
2025-05-18,de962a39,Auditoria Contábil,1170.24,733.9,Pix,Pendente
2025-05-18,902164d4,Consultoria Financeira,1337.57,465.59,Transferência,Pago
2025-05-18,d2f63bb1,Auditoria Contábil,1182.69,508.36,Cartão de Crédito,Pago
2025-05-18,8dcc5eb7,Plano Intermediário,701.56,313.31,Pix,Pago
2025-05-18,b4baf750,Plano Avançado,1359.45,619.13,Transferência,Pago
2025-05-18,7fe9431e,Consultoria Financeira,1115.3,534.76,Cartão de Crédito,Pago
2025-05-18,43c9d6f5,Consultoria Financeira,1136.1,444.11,Transferência,Pago
2025-05-18,699833e9,Plano Intermediário,567.69,186.93,Cartão de Crédito,Pago
2025-05-18,cd692f1a,Plano Básico,464.2,254.29,Pix,Pendente
2025-05-18,ea61cc7f,Consultoria Financeira,1300.98,631.49,Transferência,Pendente
2025-05-18,65bb5f82,Consultoria Financeira,1298.18,659.0,Pix,Pago
2025-05-18,e9227863,Plano Intermediário,667.52,328.2,Transferência,Pago
2025-05-18,3e210845,Consultoria Financeira,1061.04,564.55,Pix,Pago
2025-05-18,01e0c209,Consultoria Financeira,1035.46,531.65,Pix,Pago
2025-05-18,8dd779c0,Consultoria Financeira,1338.43,836.78,Boleto,Pendente
2025-05-18,c6a8f08d,Auditoria Contábil,1256.39,737.81,Boleto,Pago
2025-05-18,88b9030f,Plano Avançado,1275.89,507.03,Cartão de Crédito,Pago
2025-05-18,bd5fc63d,Auditoria Contábil,1228.12,823.84,Pix,Cancelado
2025-05-18,902164d4,Consultoria Financeira,1124.6,555.94,Boleto,Pago
2025-05-18,5a66b672,Plano Intermediário,671.93,270.59,Cartão de Crédito,Pago
2025-05-18,1fd8d42c,Consultoria Financeira,1101.14,684.04,Cartão de Crédito,Pago
2025-05-18,5fbc6417,Consultoria Financeira,1089.64,561.89,Boleto,Pago
2025-05-18,3e465ec4,Plano Básico,391.83,229.79,Cartão de Crédito,Pago
2025-05-18,bc7e9946,Consultoria Financeira,1042.95,426.62,Cartão de Crédito,Pago
2025-05-18,d25f4939,Consultoria Financeira,1101.75,410.36,Boleto,Pago
2025-05-18,723e148d,Consultoria Financeira,1177.54,674.08,Transferência,Pago
2025-05-18,bd5fc63d,Plano Básico,310.54,181.24,Boleto,Pendente
2025-05-18,e7704e2a,Plano Básico,166.6,57.1,Cartão de Crédito,Pendente
2025-05-18,4de403bd,Plano Intermediário,540.7,370.47,Cartão de Crédito,Pago
2025-05-18,902164d4,Auditoria Contábil,1244.05,613.84,Pix,Cancelado
2025-05-18,e024c907,Consultoria Financeira,1222.39,387.94,Cartão de Crédito,Pago
2025-05-18,83e2e600,Consultoria Financeira,1336.41,739.38,Pix,Pago
2025-05-18,4331374a,Plano Intermediário,712.23,447.05,Pix,Pago
2025-05-18,5c901b8a,Plano Básico,354.33,231.62,Cartão de Crédito,Pago
2025-05-18,c537a075,Plano Básico,229.8,125.1,Boleto,Pendente
2025-05-18,a69c7843,Plano Intermediário,633.71,294.3,Transferência,Pago
2025-05-18,186cc208,Plano Básico,175.61,107.51,Transferência,Pago
2025-05-18,5fa4df12,Auditoria Contábil,1130.71,463.5,Transferência,Pago
2025-05-18,0f77cc0f,Consultoria Financeira,1170.51,663.7,Boleto,Pago
2025-05-18,186cc208,Auditoria Contábil,1324.77,448.06,Cartão de Crédito,Pendente
2025-05-18,0d34ba05,Plano Avançado,1116.47,596.91,Boleto,Pago
2025-05-18,4edd1840,Plano Básico,514.51,188.93,Cartão de Crédito,Pago
2025-05-18,e28e1db0,Plano Avançado,1263.38,488.54,Cartão de Crédito,Pago
2025-05-18,1543f02f,Auditoria Contábil,1241.38,419.94,Cartão de Crédito,Pago
2025-05-18,bcf6c281,Plano Intermediário,704.38,382.36,Pix,Pago
2025-05-18,8dd779c0,Plano Intermediário,685.3,355.45,Cartão de Crédito,Pago
2025-05-18,63ee329b,Plano Intermediário,644.25,346.47,Transferência,Pendente
2025-05-18,14d5d4bf,Plano Básico,163.02,81.3,Transferência,Cancelado
2025-05-18,3268a45e,Plano Intermediário,619.63,292.02,Cartão de Crédito,Pendente
2025-05-18,b054bf90,Auditoria Contábil,1363.91,800.67,Pix,Pago
2025-05-18,5fa4df12,Consultoria Financeira,1256.9,514.91,Pix,Pago
2025-05-18,3e465ec4,Auditoria Contábil,1362.84,452.15,Boleto,Pendente
2025-05-18,29c41e63,Plano Avançado,1141.83,446.07,Boleto,Pago
2025-05-18,a69c7843,Plano Avançado,1098.52,485.54,Cartão de Crédito,Pendente
2025-05-18,699833e9,Consultoria Financeira,1203.41,393.57,Boleto,Pago
2025-05-18,4ac7ffdb,Auditoria Contábil,1123.0,696.42,Transferência,Pago
2025-05-18,bd9b7985,Plano Básico,323.38,210.85,Pix,Pago
2025-05-18,bcf6c281,Plano Básico,144.41,80.92,Cartão de Crédito,Pago
2025-05-18,85050e16,Consultoria Financeira,1000.63,433.47,Transferência,Pago
2025-05-18,73af6a17,Consultoria Financeira,1237.41,702.59,Boleto,Pendente
2025-05-18,4f8c8ffe,Plano Intermediário,867.26,421.56,Transferência,Pendente
2025-05-18,0f77cc0f,Consultoria Financeira,1241.9,402.45,Cartão de Crédito,Pago
2025-05-18,e31cf753,Plano Intermediário,755.83,279.75,Boleto,Pago
2025-05-18,9ea8ac4b,Plano Avançado,1207.6,695.58,Cartão de Crédito,Pago
2025-05-18,0d34ba05,Plano Avançado,1216.94,412.14,Transferência,Pago
2025-05-18,ff83af04,Plano Básico,158.63,76.17,Cartão de Crédito,Cancelado
2025-05-18,0da75a0d,Plano Básico,226.45,128.16,Transferência,Pendente
2025-05-18,f5534c19,Plano Intermediário,823.61,509.14,Cartão de Crédito,Pago
2025-05-18,72592469,Plano Intermediário,590.77,411.76,Pix,Pago
2025-05-18,df74f82a,Plano Avançado,1168.36,783.74,Pix,Pago
2025-05-18,f3617404,Plano Básico,421.31,214.19,Pix,Pago
2025-05-18,43c9d6f5,Plano Avançado,1214.17,667.11,Pix,Cancelado
2025-05-18,11255cd4,Auditoria Contábil,1219.2,428.04,Boleto,Pendente
2025-05-18,5adf9642,Plano Básico,269.09,169.64,Pix,Pago
2025-05-18,723e148d,Plano Avançado,1270.81,399.62,Boleto,Pendente
2025-05-18,b4baf750,Plano Intermediário,795.67,335.18,Pix,Pendente
2025-05-18,71645e64,Plano Avançado,1121.4,375.73,Transferência,Pendente
2025-05-18,cefd3c78,Auditoria Contábil,1066.88,719.91,Cartão de Crédito,Pago
2025-05-18,3268a45e,Plano Avançado,1016.38,466.31,Boleto,Pago
2025-05-18,f3713c03,Consultoria Financeira,1250.8,598.98,Boleto,Pago
2025-05-18,809e8137,Consultoria Financeira,1238.86,827.26,Pix,Pago
2025-05-18,9f671442,Plano Intermediário,949.3,473.5,Cartão de Crédito,Pendente
2025-05-18,e9227863,Plano Intermediário,708.18,320.27,Transferência,Pago
2025-05-18,c6a8f08d,Plano Avançado,1190.11,774.99,Boleto,Pago
2025-05-18,d2f63bb1,Plano Intermediário,726.74,447.68,Boleto,Pago
2025-05-18,e6e04fe5,Plano Intermediário,732.17,308.88,Pix,Pago
2025-05-18,0d34ba05,Plano Básico,282.5,104.36,Boleto,Pago
2025-05-18,f3617404,Plano Intermediário,624.43,360.91,Cartão de Crédito,Pago
2025-05-18,cf1ebe05,Plano Básico,302.82,168.49,Boleto,Pago
2025-05-18,07f7efa5,Consultoria Financeira,1199.09,754.22,Cartão de Crédito,Pago
2025-05-18,50989097,Consultoria Financeira,1197.5,649.65,Boleto,Pago
2025-05-18,2a5aaa20,Plano Básico,381.78,231.33,Transferência,Pago
2025-05-18,1345c41b,Plano Intermediário,701.04,322.1,Pix,Pendente
2025-05-18,c537a075,Plano Intermediário,568.82,203.95,Cartão de Crédito,Pago
2025-05-18,699833e9,Plano Básico,239.05,74.18,Cartão de Crédito,Pago
2025-05-18,7be9fda6,Plano Intermediário,681.3,241.23,Cartão de Crédito,Pendente
2025-05-18,4331374a,Consultoria Financeira,1205.66,827.48,Cartão de Crédito,Pago
2025-05-18,fa1fca51,Plano Intermediário,752.97,356.15,Boleto,Pago
2025-05-18,8a5de1a7,Plano Avançado,1206.45,574.03,Pix,Pago
2025-05-18,63ee329b,Plano Intermediário,502.45,171.97,Transferência,Pago
2025-05-18,88b9030f,Auditoria Contábil,1079.03,591.13,Transferência,Pendente
2025-05-18,de946ab3,Plano Básico,359.99,201.62,Transferência,Pago
2025-05-18,5239936f,Auditoria Contábil,1178.66,381.02,Cartão de Crédito,Pago
2025-05-18,11e08084,Plano Básico,449.07,313.43,Cartão de Crédito,Pago
2025-05-18,1e76fa0e,Plano Intermediário,714.87,495.74,Pix,Pago
2025-05-18,6c605674,Auditoria Contábil,1166.29,461.47,Boleto,Cancelado
2025-05-18,64adcc21,Plano Intermediário,638.66,368.42,Pix,Pendente
2025-05-18,ac40ed62,Consultoria Financeira,1169.75,380.07,Transferência,Pago
2025-05-18,34588043,Consultoria Financeira,1216.06,760.75,Boleto,Pago
2025-05-18,65bb5f82,Plano Básico,300.3,163.99,Transferência,Pago
2025-05-18,d55456f6,Consultoria Financeira,1294.96,661.49,Transferência,Pago
2025-05-18,f42064ce,Consultoria Financeira,1051.51,494.67,Pix,Pago
2025-05-18,3e465ec4,Auditoria Contábil,1063.31,475.41,Cartão de Crédito,Pago
2025-05-18,eb7bf608,Plano Básico,277.52,129.23,Cartão de Crédito,Cancelado
2025-05-18,14c536e1,Auditoria Contábil,1254.15,762.17,Transferência,Pago
2025-05-18,7fe9431e,Plano Básico,375.92,114.43,Transferência,Pago
2025-05-18,6bffad7d,Plano Intermediário,642.35,197.64,Boleto,Pago
2025-05-18,bb3d4eda,Plano Básico,40.9,16.52,Pix,Pago
2025-05-18,9ae0fade,Plano Avançado,1145.38,588.87,Cartão de Crédito,Pago
2025-05-18,fd722556,Plano Intermediário,739.18,285.38,Boleto,Pago
2025-05-18,234ce6aa,Auditoria Contábil,1198.47,412.15,Transferência,Pago
2025-05-18,f5534c19,Plano Avançado,1257.93,653.1,Boleto,Pendente
2025-05-18,e3445f63,Plano Avançado,1319.66,447.67,Pix,Pago
2025-05-18,160977e3,Plano Avançado,1184.15,586.51,Boleto,Pago
2025-05-18,37164a6b,Plano Avançado,1155.67,687.56,Boleto,Pago
2025-05-18,ac40ed62,Plano Intermediário,611.52,299.89,Transferência,Pago
2025-05-18,cfceac6d,Plano Básico,162.81,78.76,Boleto,Pago
2025-05-18,37164a6b,Plano Básico,138.64,85.13,Boleto,Pendente
2025-05-18,8fd2de20,Plano Intermediário,633.09,364.19,Boleto,Pago
2025-05-18,8a5de1a7,Plano Intermediário,803.99,381.93,Cartão de Crédito,Pendente
2025-05-18,16b27319,Auditoria Contábil,1267.79,399.82,Pix,Pago
2025-05-18,88b9030f,Consultoria Financeira,1151.21,760.61,Transferência,Pago
2025-05-18,f3617404,Auditoria Contábil,1415.73,798.11,Transferência,Pago
2025-05-18,3e3f9af2,Plano Básico,239.43,157.56,Cartão de Crédito,Pago
2025-05-18,4c93ecbf,Plano Básico,430.17,140.52,Pix,Pago
2025-05-18,838c0893,Plano Avançado,1356.15,688.06,Transferência,Pago
2025-05-18,9e03667d,Consultoria Financeira,1246.0,629.09,Boleto,Pago
2025-05-18,b4947d3a,Auditoria Contábil,1132.23,647.74,Transferência,Pago
2025-05-18,163a3e98,Consultoria Financeira,1163.47,382.2,Transferência,Pago
2025-05-18,71645e64,Plano Intermediário,718.47,219.02,Cartão de Crédito,Pago
2025-05-18,0c9111bd,Plano Básico,165.29,72.71,Cartão de Crédito,Pago
2025-05-18,7fe9431e,Plano Básico,202.84,123.7,Transferência,Pago
2025-05-18,83e2e600,Consultoria Financeira,1095.31,404.87,Transferência,Pago
2025-05-18,03bbe434,Plano Intermediário,753.67,255.76,Pix,Pago
2025-05-18,d55456f6,Plano Intermediário,818.57,332.35,Transferência,Pago
2025-05-18,e024c907,Auditoria Contábil,1271.9,392.23,Pix,Pago
2025-05-18,22e7d95c,Consultoria Financeira,1299.6,714.61,Boleto,Pago
2025-05-18,bd89e3a3,Plano Intermediário,624.32,282.68,Pix,Pago
2025-05-18,ac40ed62,Plano Básico,267.73,146.18,Pix,Pago
2025-05-18,a810c961,Plano Intermediário,674.92,411.6,Transferência,Pago
2025-05-18,4edd1840,Consultoria Financeira,1245.59,394.58,Transferência,Pago
2025-05-18,5c88b44f,Plano Intermediário,916.5,630.0,Boleto,Pendente
2025-05-18,aafa4686,Auditoria Contábil,1135.65,785.86,Boleto,Pago
2025-05-18,4a94313e,Consultoria Financeira,1292.78,699.07,Pix,Pago
2025-05-18,07f7efa5,Auditoria Contábil,1352.85,845.14,Transferência,Cancelado
2025-05-18,ea61cc7f,Consultoria Financeira,1250.78,703.68,Transferência,Pago
2025-05-18,07f7efa5,Plano Básico,263.5,176.87,Cartão de Crédito,Pendente
2025-05-18,e9227863,Auditoria Contábil,1116.08,435.1,Boleto,Pago
2025-05-18,11255cd4,Plano Intermediário,595.52,283.33,Boleto,Pago
2025-05-18,de42cc92,Consultoria Financeira,1003.36,547.01,Boleto,Pago
2025-05-18,5a66b672,Plano Intermediário,677.87,443.85,Boleto,Cancelado
2025-05-18,74c6dcec,Auditoria Contábil,1172.32,654.53,Cartão de Crédito,Pago
2025-05-18,2a5aaa20,Plano Intermediário,786.05,506.65,Boleto,Pago
2025-05-18,7d8188f3,Plano Intermediário,641.69,409.79,Cartão de Crédito,Pago
2025-05-18,da560193,Plano Avançado,1183.29,712.36,Boleto,Pago
2025-05-18,5a66b672,Plano Básico,328.26,158.95,Boleto,Cancelado
2025-05-18,d34ea5cb,Consultoria Financeira,1249.1,762.67,Cartão de Crédito,Pago
