data,id_cliente,produto,valor_venda,custo,meio_pagamento,status_pagamento
2025-05-17,877afd71,Plano Básico,373.49,210.07,Pix,Pago
2025-05-17,fd634e85,Consultoria Financeira,1218.1,845.2,Pix,Pago
2025-05-17,34da685d,Consultoria Financeira,1070.32,722.42,Cartão de Crédito,Pago
2025-05-17,b64c91ff,Plano Avançado,1239.97,777.6,Transferência,Pago
2025-05-17,89567f21,Plano Básico,234.86,90.52,Cartão de Crédito,Pago
2025-05-17,7675fac6,Consultoria Financeira,1323.83,785.19,Pix,Pago
2025-05-17,43c9d6f5,Consultoria Financeira,1202.13,621.37,Cartão de Crédito,Pago
2025-05-17,0d3cb43f,Auditoria Contábil,1224.08,512.91,Cartão de Crédito,Pago
2025-05-17,8884a6a4,Plano Básico,560.17,294.65,Pix,Pendente
2025-05-17,de42cc92,Consultoria Financeira,1275.33,707.19,Pix,Pago
2025-05-17,699833e9,Auditoria Contábil,1238.12,748.38,Transferência,Pago
2025-05-17,e28e1db0,Plano Básico,286.15,86.91,Transferência,Pago
2025-05-17,e3445f63,Plano Avançado,1077.57,429.6,Boleto,Pendente
2025-05-17,9e842c39,Auditoria Contábil,1179.1,731.08,Transferência,Pendente
2025-05-17,e024c907,Plano Intermediário,614.95,234.67,Boleto,Pago
2025-05-17,44b4830b,Plano Avançado,1366.99,746.92,Boleto,Pendente
2025-05-17,29c41e63,Auditoria Contábil,1239.47,465.06,Pix,Pago
2025-05-17,34588043,Plano Intermediário,819.66,427.61,Cartão de Crédito,Pago
2025-05-17,58fa93e2,Plano Avançado,1139.02,344.09,Boleto,Pago
2025-05-17,76b5d5b5,Auditoria Contábil,1121.51,766.25,Cartão de Crédito,Pago
2025-05-17,bfa26e2d,Consultoria Financeira,1264.83,565.6,Transferência,Pago
2025-05-17,16b27319,Plano Básico,211.25,89.2,Boleto,Pago
2025-05-17,29c41e63,Plano Básico,256.25,166.73,Pix,Pago
2025-05-17,4331374a,Plano Intermediário,872.7,571.16,Cartão de Crédito,Pago
2025-05-17,7f123ea3,Plano Avançado,1160.04,623.19,Boleto,Pago
2025-05-17,c1005960,Plano Intermediário,558.16,322.75,Boleto,Pendente
2025-05-17,352fbcce,Plano Básico,123.92,37.34,Transferência,Pago
2025-05-17,360ab68d,Consultoria Financeira,1047.43,646.98,Boleto,Pago
2025-05-17,72592469,Plano Intermediário,826.26,278.61,Cartão de Crédito,Pago
2025-05-17,bb3d4eda,Consultoria Financeira,1144.81,637.58,Transferência,Pago
2025-05-17,b054bf90,Auditoria Contábil,1455.82,474.51,Transferência,Pago
2025-05-17,c1005960,Plano Intermediário,854.21,447.83,Pix,Pago
2025-05-17,de946ab3,Plano Avançado,1400.61,758.28,Cartão de Crédito,Pago
2025-05-17,5fe2102d,Auditoria Contábil,1302.41,531.29,Pix,Pendente
2025-05-17,cfceac6d,Auditoria Contábil,1259.25,793.35,Boleto,Pago
2025-05-17,64adcc21,Auditoria Contábil,1118.18,361.64,Cartão de Crédito,Pago
2025-05-17,2a5aaa20,Consultoria Financeira,1199.66,520.29,Cartão de Crédito,Pago
2025-05-17,f3617404,Plano Intermediário,769.64,473.67,Transferência,Cancelado
2025-05-17,4a94313e,Plano Básico,395.53,200.5,Transferência,Pago
2025-05-17,b4fc9431,Plano Intermediário,585.83,252.66,Cartão de Crédito,Pago
2025-05-17,d25f4939,Plano Avançado,1180.63,559.16,Boleto,Pago
2025-05-17,69a69b35,Consultoria Financeira,1191.73,642.69,Pix,Pago
2025-05-17,4a94313e,Consultoria Financeira,1187.83,705.89,Pix,Pendente
2025-05-17,d25f4939,Auditoria Contábil,1097.58,608.58,Pix,Pago
2025-05-17,0801ddf7,Auditoria Contábil,1385.41,851.0,Cartão de Crédito,Pago
2025-05-17,6c605674,Plano Básico,277.35,176.37,Transferência,Pago
2025-05-17,5a66b672,Plano Básico,204.06,92.55,Boleto,Pago
2025-05-17,8b520075,Plano Intermediário,888.46,332.1,Boleto,Pago
2025-05-17,2c46ff5e,Plano Avançado,1354.32,602.53,Pix,Pago
2025-05-17,d421c1e5,Plano Intermediário,714.09,299.55,Pix,Pago
2025-05-17,fa1fca51,Plano Avançado,1023.16,691.93,Cartão de Crédito,Cancelado
2025-05-17,0c9111bd,Auditoria Contábil,1153.4,748.66,Transferência,Pago
2025-05-17,1345c41b,Plano Intermediário,540.53,344.2,Boleto,Pago
2025-05-17,fd634e85,Auditoria Contábil,1251.36,604.75,Pix,Pago
2025-05-17,c6a8f08d,Plano Básico,246.73,121.68,Pix,Pago
2025-05-17,360ab68d,Auditoria Contábil,1197.25,568.38,Pix,Pago
2025-05-17,5fbc6417,Plano Intermediário,877.23,519.15,Cartão de Crédito,Pago
2025-05-17,1b2bdc70,Consultoria Financeira,1139.78,620.14,Boleto,Pago
2025-05-17,b4baf750,Consultoria Financeira,1246.88,441.57,Pix,Pendente
2025-05-17,b4fc9431,Plano Básico,376.61,257.09,Pix,Pago
2025-05-17,34da685d,Plano Avançado,1322.69,433.29,Cartão de Crédito,Pago
2025-05-17,b4fc9431,Consultoria Financeira,1189.98,481.56,Pix,Pago
2025-05-17,4ac7ffdb,Auditoria Contábil,1179.63,470.43,Boleto,Pago
2025-05-17,723e148d,Plano Básico,277.35,113.38,Boleto,Pago
2025-05-17,805310ba,Consultoria Financeira,1236.74,746.69,Cartão de Crédito,Pago
2025-05-17,5c901b8a,Auditoria Contábil,1349.27,440.06,Pix,Cancelado
2025-05-17,53dda9e7,Consultoria Financeira,1172.89,580.61,Cartão de Crédito,Pago
2025-05-17,1b2bdc70,Consultoria Financeira,957.58,420.32,Boleto,Pago
2025-05-17,4c93ecbf,Auditoria Contábil,1288.4,850.26,Cartão de Crédito,Pago
2025-05-17,bd9b7985,Consultoria Financeira,1206.7,814.2,Cartão de Crédito,Pendente
2025-05-17,4a94313e,Plano Intermediário,751.59,241.19,Cartão de Crédito,Pago
2025-05-17,bcf6c281,Plano Básico,143.75,85.15,Pix,Pago
2025-05-17,f3713c03,Plano Intermediário,647.09,448.12,Transferência,Pago
2025-05-17,6bffad7d,Plano Básico,379.43,143.89,Boleto,Pago
2025-05-17,b4baf750,Auditoria Contábil,1074.57,565.37,Transferência,Pendente
2025-05-17,69694584,Consultoria Financeira,1246.64,677.44,Boleto,Pendente
2025-05-17,889382a2,Auditoria Contábil,1196.44,526.2,Pix,Pago
2025-05-17,89567f21,Plano Intermediário,626.54,401.14,Boleto,Pendente
2025-05-17,699833e9,Plano Básico,218.97,114.85,Transferência,Pendente
2025-05-17,234ce6aa,Consultoria Financeira,1098.42,707.44,Transferência,Pago
2025-05-17,3268a45e,Auditoria Contábil,1206.17,710.59,Pix,Pago
2025-05-17,2c43fd10,Consultoria Financeira,1217.64,630.03,Cartão de Crédito,Pago
2025-05-17,04ac6356,Consultoria Financeira,1163.3,387.02,Boleto,Pago
2025-05-17,902164d4,Plano Intermediário,592.79,217.14,Boleto,Pago
2025-05-17,4ac7ffdb,Plano Avançado,907.86,615.78,Boleto,Pago
2025-05-17,e9227863,Plano Avançado,1243.66,603.07,Transferência,Pendente
2025-05-17,723e148d,Plano Básico,390.39,181.42,Cartão de Crédito,Pago
2025-05-17,d93c0874,Consultoria Financeira,1261.92,410.01,Transferência,Pago
2025-05-17,0371adaf,Auditoria Contábil,1405.75,709.91,Boleto,Pago
2025-05-17,405479fd,Consultoria Financeira,1181.71,379.07,Pix,Pendente
2025-05-17,22e7d95c,Plano Básico,437.49,268.84,Cartão de Crédito,Pago
2025-05-17,fd722556,Auditoria Contábil,1135.4,415.42,Pix,Pago
2025-05-17,68819479,Auditoria Contábil,1120.08,483.97,Boleto,Pago
2025-05-17,1ec260d5,Plano Básico,312.27,119.27,Cartão de Crédito,Pago
2025-05-17,69a69b35,Plano Avançado,1362.47,887.15,Cartão de Crédito,Pago
2025-05-17,f4574bde,Auditoria Contábil,1170.82,812.54,Pix,Pago
2025-05-17,877afd71,Plano Básico,143.68,87.47,Cartão de Crédito,Pago
2025-05-17,fec30ee1,Consultoria Financeira,1288.31,664.1,Cartão de Crédito,Cancelado
2025-05-17,a6af877d,Auditoria Contábil,1192.22,595.07,Transferência,Pago
2025-05-17,5a66b672,Plano Básico,329.88,207.44,Transferência,Pago
2025-05-17,69a69b35,Plano Intermediário,624.82,282.52,Cartão de Crédito,Pendente
2025-05-17,e7704e2a,Plano Intermediário,711.33,295.1,Cartão de Crédito,Pago
2025-05-17,0c9111bd,Auditoria Contábil,1056.17,651.81,Boleto,Pendente
2025-05-17,fc732816,Plano Básico,487.33,301.74,Pix,Pendente
2025-05-17,e7704e2a,Plano Intermediário,808.0,370.38,Boleto,Pago
2025-05-17,5239936f,Plano Avançado,1206.79,438.28,Transferência,Pago
2025-05-17,8b520075,Plano Avançado,1285.28,743.35,Pix,Pago
2025-05-17,838c0893,Plano Avançado,1135.65,730.08,Pix,Pago
2025-05-17,51dcc5b4,Auditoria Contábil,1303.0,863.18,Transferência,Pago
2025-05-17,fec30ee1,Auditoria Contábil,1166.52,435.92,Transferência,Pago
2025-05-17,4d3f9f70,Consultoria Financeira,1159.64,762.57,Boleto,Pago
2025-05-17,2c43fd10,Plano Avançado,1104.49,525.88,Transferência,Pago
2025-05-17,b322eeac,Plano Avançado,1242.36,678.48,Cartão de Crédito,Pago
2025-05-17,64952769,Plano Intermediário,702.42,482.46,Boleto,Pendente
2025-05-17,01e0c209,Consultoria Financeira,1341.22,626.49,Transferência,Pago
2025-05-17,7be9fda6,Plano Básico,193.76,126.48,Pix,Cancelado
2025-05-17,5a66b672,Consultoria Financeira,1242.83,585.37,Pix,Pago
2025-05-17,16b27319,Auditoria Contábil,1318.74,775.08,Cartão de Crédito,Pago
2025-05-17,b322eeac,Plano Intermediário,958.96,629.18,Pix,Pendente
2025-05-17,27ddd74f,Plano Avançado,1219.44,457.25,Transferência,Pendente
2025-05-17,83e2e600,Auditoria Contábil,1164.68,749.2,Cartão de Crédito,Pago
2025-05-17,9e842c39,Plano Intermediário,716.85,418.71,Transferência,Pago
2025-05-17,b054bf90,Plano Intermediário,831.76,354.11,Transferência,Pago
2025-05-17,29c41e63,Plano Avançado,1331.71,644.16,Cartão de Crédito,Pago
2025-05-17,e6e04fe5,Consultoria Financeira,1188.19,526.51,Transferência,Pago
2025-05-17,2ed6ef07,Plano Avançado,1329.7,577.2,Pix,Pendente
2025-05-17,9e842c39,Plano Básico,297.71,110.01,Boleto,Pago
2025-05-17,dd91e604,Auditoria Contábil,1284.06,436.91,Boleto,Pendente
2025-05-17,34da685d,Auditoria Contábil,1254.67,496.79,Transferência,Pago
2025-05-17,89567f21,Plano Intermediário,660.82,317.29,Cartão de Crédito,Pago
2025-05-17,ac40ed62,Consultoria Financeira,1107.76,664.14,Cartão de Crédito,Pago
2025-05-17,3e210845,Plano Intermediário,821.72,362.34,Boleto,Pago
2025-05-17,5f4d6138,Plano Intermediário,852.13,542.45,Transferência,Pago
2025-05-17,51dcc5b4,Consultoria Financeira,1240.37,686.74,Transferência,Pago
2025-05-17,945c8852,Plano Intermediário,697.58,244.51,Cartão de Crédito,Pago
2025-05-17,64952769,Plano Básico,182.1,104.62,Cartão de Crédito,Pago
2025-05-17,7fe9431e,Consultoria Financeira,1318.77,432.37,Pix,Pago
2025-05-17,0801ddf7,Consultoria Financeira,1228.33,480.12,Boleto,Pago
2025-05-17,1ec260d5,Plano Avançado,1174.11,745.34,Boleto,Pendente
2025-05-17,bd9b7985,Auditoria Contábil,1287.13,743.52,Cartão de Crédito,Pago
2025-05-17,51dcc5b4,Plano Intermediário,565.4,285.56,Cartão de Crédito,Pago
2025-05-17,234ce6aa,Plano Avançado,1099.97,344.59,Cartão de Crédito,Pago
2025-05-17,f42064ce,Auditoria Contábil,1132.23,477.32,Transferência,Pago
2025-05-17,bd5fc63d,Plano Avançado,1251.39,811.5,Transferência,Pago
2025-05-17,69694584,Auditoria Contábil,1217.96,738.6,Transferência,Pago
2025-05-17,53dda9e7,Plano Intermediário,763.47,308.53,Transferência,Cancelado
2025-05-17,5fa4df12,Plano Avançado,1310.97,869.01,Cartão de Crédito,Pago
2025-05-17,c72662a8,Plano Básico,367.26,126.48,Cartão de Crédito,Pago
2025-05-17,a810c961,Plano Intermediário,889.99,426.15,Boleto,Pago
2025-05-17,b98e2b98,Plano Básico,410.71,213.02,Transferência,Pago
2025-05-17,16b27319,Consultoria Financeira,1187.96,537.15,Transferência,Pendente
2025-05-17,889382a2,Plano Básico,246.47,146.89,Boleto,Pago
2025-05-17,f2f1883d,Plano Básico,290.95,194.13,Boleto,Pago
2025-05-17,0371adaf,Consultoria Financeira,1270.95,529.84,Pix,Pago
2025-05-17,bd9acbb3,Consultoria Financeira,1156.45,768.24,Cartão de Crédito,Pago
2025-05-17,53dda9e7,Plano Básico,373.88,114.86,Transferência,Pago
2025-05-17,fa1fca51,Auditoria Contábil,1261.54,864.31,Transferência,Pago
2025-05-17,f6a2c989,Plano Intermediário,606.46,383.14,Pix,Pendente
2025-05-17,2a5aaa20,Auditoria Contábil,1308.6,539.94,Boleto,Pago
2025-05-17,4d3f9f70,Consultoria Financeira,1236.73,418.77,Cartão de Crédito,Pago
2025-05-17,7d8188f3,Plano Avançado,1383.82,549.04,Cartão de Crédito,Pago
2025-05-17,0c9111bd,Plano Avançado,1198.06,503.79,Cartão de Crédito,Pago
2025-05-17,7675fac6,Plano Intermediário,669.68,361.19,Pix,Pago
2025-05-17,5fe2102d,Plano Básico,194.63,116.25,Boleto,Pendente
2025-05-17,fd634e85,Consultoria Financeira,1093.22,349.02,Cartão de Crédito,Pendente
2025-05-17,7d8188f3,Auditoria Contábil,1295.03,850.73,Boleto,Pago
2025-05-17,fa1fca51,Plano Avançado,1371.06,512.96,Cartão de Crédito,Pago
2025-05-17,11e08084,Plano Avançado,1189.56,734.95,Pix,Pago
2025-05-17,34588043,Plano Básico,283.12,88.86,Transferência,Pago
2025-05-17,8519c9b9,Plano Avançado,1207.01,392.83,Pix,Pago
2025-05-17,d013ff9d,Plano Básico,416.19,263.26,Boleto,Pendente
2025-05-17,360ab68d,Plano Intermediário,607.26,204.98,Transferência,Pago
2025-05-17,d4cba754,Auditoria Contábil,1223.84,812.45,Transferência,Pendente
2025-05-17,2c46ff5e,Plano Avançado,1297.52,845.45,Transferência,Pago
2025-05-17,da560193,Consultoria Financeira,1250.11,660.94,Pix,Pago
2025-05-17,8a5de1a7,Consultoria Financeira,929.68,396.77,Pix,Pago
2025-05-17,4a94313e,Plano Básico,367.79,174.27,Cartão de Crédito,Pago
2025-05-17,d55456f6,Plano Intermediário,751.12,493.49,Boleto,Pago
2025-05-17,0f1b8a1f,Consultoria Financeira,1337.37,638.4,Pix,Pago
2025-05-17,34da685d,Plano Avançado,1361.23,730.54,Boleto,Pendente
2025-05-17,6bffad7d,Plano Intermediário,831.49,483.14,Pix,Pendente
2025-05-17,1e76fa0e,Consultoria Financeira,1207.54,412.6,Pix,Pago
2025-05-17,5a66b672,Plano Avançado,1039.8,471.87,Boleto,Pago
2025-05-17,8519c9b9,Auditoria Contábil,1417.09,963.92,Cartão de Crédito,Cancelado
2025-05-17,27ddd74f,Plano Avançado,1182.41,638.81,Boleto,Pago
2025-05-17,6bffad7d,Plano Intermediário,704.36,389.96,Pix,Pago
2025-05-17,8519c9b9,Consultoria Financeira,1369.51,449.71,Cartão de Crédito,Pendente
2025-05-17,85daef29,Auditoria Contábil,1125.75,550.49,Boleto,Pago
2025-05-17,809e8137,Auditoria Contábil,1068.0,339.9,Pix,Pendente
2025-05-17,4a94313e,Plano Básico,257.07,177.02,Pix,Pago
2025-05-17,902164d4,Plano Avançado,1130.76,489.1,Boleto,Pago
2025-05-17,cd692f1a,Consultoria Financeira,1059.37,576.63,Pix,Pendente
