data,id_cliente,produto,valor_venda,custo,meio_pagamento,status_pagamento
2025-04-25,73af6a17,Plano Intermediário,861.03,402.4,Transferência,Pago
2025-04-25,1ec260d5,Auditoria Contábil,1261.81,539.88,Cartão de Crédito,Pendente
2025-04-25,d421c1e5,Auditoria Contábil,1234.65,558.61,Pix,Pago
2025-04-25,ac40ed62,Consultoria Financeira,1353.74,666.96,Pix,Pago
2025-04-25,69694584,Consultoria Financeira,1341.41,617.4,Cartão de Crédito,Pago
2025-04-25,9f671442,Consultoria Financeira,1366.42,557.26,Pix,Pago
2025-04-25,8dcc5eb7,Plano Intermediário,652.39,221.86,Cartão de Crédito,Pago
2025-04-25,5c901b8a,Plano Básico,187.91,57.62,Pix,Cancelado
2025-04-25,723e148d,Auditoria Contábil,1029.52,644.39,Pix,Pago
2025-04-25,1543f02f,Plano Avançado,1305.25,430.19,Cartão de Crédito,Pendente
2025-04-25,ea61cc7f,Auditoria Contábil,1015.71,375.81,Transferência,Pago
2025-04-25,8dcc5eb7,Plano Básico,324.73,220.85,Pix,Pago
2025-04-25,bfa26e2d,Plano Básico,388.66,271.87,Transferência,Pago
2025-04-25,877afd71,Plano Intermediário,554.88,356.98,Boleto,Pago
2025-04-25,c1005960,Plano Básico,207.57,145.18,Transferência,Pendente
2025-04-25,945c8852,Plano Avançado,1321.32,809.57,Pix,Pendente
2025-04-25,5c88b44f,Plano Avançado,1253.29,554.12,Pix,Pendente
2025-04-25,84833a28,Consultoria Financeira,1320.65,759.7,Boleto,Pago
2025-04-25,5fe2102d,Plano Intermediário,726.91,224.23,Pix,Cancelado
2025-04-25,f4574bde,Consultoria Financeira,1109.98,436.43,Transferência,Pago
2025-04-25,856c4622,Consultoria Financeira,1158.66,767.26,Pix,Pago
2025-04-25,fd634e85,Consultoria Financeira,1293.9,664.6,Pix,Pendente
2025-04-25,73af6a17,Consultoria Financeira,1047.02,405.52,Cartão de Crédito,Pago
2025-04-25,234ce6aa,Consultoria Financeira,1150.85,576.59,Boleto,Pago
2025-04-25,902164d4,Plano Básico,237.3,96.93,Boleto,Pago
2025-04-25,76b5d5b5,Plano Avançado,1194.72,386.51,Cartão de Crédito,Pago
2025-04-25,16b27319,Auditoria Contábil,1265.35,748.72,Pix,Cancelado
2025-04-25,699833e9,Consultoria Financeira,1317.7,542.68,Cartão de Crédito,Cancelado
2025-04-25,d4cba754,Plano Básico,168.75,89.15,Boleto,Pendente
2025-04-25,699833e9,Plano Avançado,1116.16,542.13,Cartão de Crédito,Pago
2025-04-25,34da685d,Plano Intermediário,578.73,388.25,Transferência,Pago
2025-04-25,8dd779c0,Plano Avançado,1198.65,410.71,Pix,Pago
2025-04-25,7f123ea3,Plano Avançado,1089.33,477.38,Transferência,Pago
2025-04-25,03bbe434,Plano Intermediário,738.35,501.93,Pix,Pago
2025-04-25,e31cf753,Consultoria Financeira,1100.89,769.18,Transferência,Pago
2025-04-25,1b2bdc70,Plano Avançado,1332.98,856.45,Transferência,Pendente
2025-04-25,14d5d4bf,Auditoria Contábil,1032.44,358.24,Transferência,Pago
2025-04-25,d25f4939,Plano Avançado,1119.35,428.1,Pix,Pago
2025-04-25,88b9030f,Plano Avançado,1367.72,630.66,Transferência,Pendente
2025-04-25,b4947d3a,Plano Intermediário,721.91,289.56,Transferência,Pago
2025-04-25,6c605674,Plano Avançado,1152.46,489.29,Boleto,Pago
2025-04-25,8dcc5eb7,Auditoria Contábil,1476.84,779.44,Cartão de Crédito,Pendente
2025-04-25,163a3e98,Plano Avançado,1174.84,545.36,Transferência,Pago
2025-04-25,84833a28,Plano Intermediário,761.11,267.01,Transferência,Pendente
2025-04-25,b4fc9431,Plano Básico,223.35,76.29,Cartão de Crédito,Pago
2025-04-25,69a69b35,Auditoria Contábil,1106.69,467.81,Transferência,Pago
2025-04-25,f5534c19,Auditoria Contábil,1267.35,621.12,Pix,Pago
2025-04-25,1dd73ec3,Auditoria Contábil,1378.72,757.43,Transferência,Pago
2025-04-25,809e8137,Plano Básico,256.6,143.12,Boleto,Cancelado
2025-04-25,da462287,Auditoria Contábil,1099.9,471.78,Pix,Pago
2025-04-25,de946ab3,Plano Intermediário,803.32,381.74,Boleto,Pendente
2025-04-25,da462287,Plano Básico,257.54,77.84,Pix,Pago
2025-04-25,4c93ecbf,Plano Avançado,1239.76,393.14,Cartão de Crédito,Pago
2025-04-25,fd722556,Consultoria Financeira,1153.73,592.25,Transferência,Pago
2025-04-25,2ed6ef07,Plano Intermediário,669.3,430.49,Cartão de Crédito,Pago
2025-04-25,3572e701,Plano Básico,215.67,99.15,Transferência,Pago
2025-04-25,d421c1e5,Plano Avançado,1270.2,639.11,Pix,Pendente
2025-04-25,b4a1b003,Auditoria Contábil,1242.84,825.11,Cartão de Crédito,Pago
2025-04-25,e3445f63,Plano Intermediário,739.18,372.32,Transferência,Pago
2025-04-25,7d8188f3,Plano Básico,232.76,122.46,Cartão de Crédito,Pago
2025-04-25,f4574bde,Plano Avançado,1233.65,492.81,Pix,Pendente
2025-04-25,03bbe434,Auditoria Contábil,1395.31,562.02,Pix,Pago
2025-04-25,2ed6ef07,Plano Avançado,1100.51,353.13,Pix,Cancelado
2025-04-25,85daef29,Consultoria Financeira,1124.02,780.88,Boleto,Pendente
2025-04-25,0f77cc0f,Plano Intermediário,629.0,265.69,Boleto,Pago
2025-04-25,c6a8f08d,Auditoria Contábil,1213.0,780.18,Transferência,Pago
2025-04-25,723e148d,Plano Avançado,1093.7,624.75,Pix,Pago
2025-04-25,3e465ec4,Plano Básico,353.43,207.09,Cartão de Crédito,Pendente
2025-04-25,cd692f1a,Plano Avançado,1023.16,604.93,Boleto,Pendente
2025-04-25,11e08084,Plano Intermediário,783.02,507.43,Cartão de Crédito,Pendente
2025-04-25,809e8137,Plano Intermediário,737.28,391.92,Boleto,Pendente
2025-04-25,dd91e604,Plano Avançado,1392.35,873.4,Pix,Pago
2025-04-25,b4fc9431,Consultoria Financeira,1104.7,333.91,Cartão de Crédito,Pago
2025-04-25,b9322c5f,Plano Avançado,1307.81,510.07,Cartão de Crédito,Pago
2025-04-25,b322eeac,Auditoria Contábil,1191.38,584.63,Pix,Pago
2025-04-25,8dd779c0,Consultoria Financeira,1171.52,434.46,Boleto,Pago
2025-04-25,d2f63bb1,Plano Avançado,1100.27,490.12,Cartão de Crédito,Pago
2025-04-25,43c9d6f5,Consultoria Financeira,1155.11,457.67,Boleto,Pago
2025-04-25,f2f1883d,Plano Básico,259.39,131.31,Pix,Pago
2025-04-25,ef39a43c,Plano Básico,155.45,93.68,Pix,Pago
2025-04-25,16b27319,Plano Avançado,1236.19,523.92,Cartão de Crédito,Pendente
2025-04-25,9ae0fade,Plano Intermediário,722.53,342.87,Cartão de Crédito,Pago
2025-04-25,352fbcce,Plano Básico,360.68,222.17,Cartão de Crédito,Pago
2025-04-25,b054bf90,Auditoria Contábil,1142.55,498.02,Transferência,Pago
2025-04-25,cefd3c78,Plano Intermediário,787.17,530.85,Pix,Pendente
2025-04-25,6bffad7d,Plano Intermediário,839.15,510.76,Cartão de Crédito,Pago
2025-04-25,69694584,Plano Intermediário,678.78,453.3,Cartão de Crédito,Pago
2025-04-25,b9322c5f,Plano Intermediário,606.54,324.79,Transferência,Pago
2025-04-25,4d3f9f70,Plano Intermediário,707.76,432.69,Cartão de Crédito,Pendente
2025-04-25,50989097,Plano Básico,303.11,198.44,Cartão de Crédito,Pago
2025-04-25,0c9111bd,Consultoria Financeira,1183.82,672.72,Pix,Pago
2025-04-25,8dd779c0,Plano Básico,360.92,235.43,Pix,Pendente
2025-04-25,352fbcce,Plano Básico,266.81,160.9,Pix,Pendente
2025-04-25,8af7aae3,Consultoria Financeira,1099.28,563.7,Transferência,Pendente
2025-04-25,4edd1840,Plano Intermediário,716.82,317.35,Boleto,Pago
2025-04-25,0d3cb43f,Plano Avançado,1266.03,840.95,Cartão de Crédito,Pago
2025-04-25,34588043,Plano Intermediário,774.75,237.02,Transferência,Pendente
2025-04-25,b98e2b98,Plano Intermediário,660.5,219.62,Boleto,Pago
2025-04-25,3e210845,Plano Intermediário,730.9,225.36,Boleto,Pago
2025-04-25,11e08084,Consultoria Financeira,1342.4,932.65,Boleto,Pendente
2025-04-25,681d27d6,Plano Básico,441.38,202.69,Boleto,Pago
2025-04-25,4423823b,Plano Intermediário,811.09,511.18,Cartão de Crédito,Pago
2025-04-25,22e7d95c,Plano Básico,149.92,101.15,Pix,Pendente
2025-04-25,7be9fda6,Consultoria Financeira,1167.69,646.86,Transferência,Pago
2025-04-25,8884a6a4,Consultoria Financeira,1333.56,856.84,Boleto,Pendente
2025-04-25,a6af877d,Consultoria Financeira,1049.42,386.07,Transferência,Pendente
2025-04-25,0da75a0d,Plano Básico,295.01,88.52,Cartão de Crédito,Pendente
2025-04-25,69a69b35,Consultoria Financeira,1141.01,453.59,Transferência,Pago
2025-04-25,50989097,Auditoria Contábil,1233.1,516.85,Pix,Pago
2025-04-25,8519c9b9,Consultoria Financeira,993.51,566.17,Cartão de Crédito,Pago
2025-04-25,160977e3,Plano Intermediário,822.18,264.95,Cartão de Crédito,Pago
2025-04-25,111842ea,Auditoria Contábil,1199.78,521.65,Transferência,Pago
2025-04-25,da462287,Auditoria Contábil,1093.26,457.34,Transferência,Pago
2025-04-25,bd89e3a3,Plano Intermediário,627.68,204.64,Cartão de Crédito,Pago
2025-04-25,f3713c03,Plano Intermediário,736.66,508.26,Pix,Pago
2025-04-25,f3617404,Plano Intermediário,620.43,360.28,Boleto,Pago
2025-04-25,73af6a17,Plano Básico,474.65,285.99,Boleto,Pago
2025-04-25,ff83af04,Plano Básico,288.03,135.94,Cartão de Crédito,Pago
2025-04-25,de946ab3,Auditoria Contábil,1351.43,411.39,Pix,Pendente
2025-04-25,d93c0874,Auditoria Contábil,1217.0,464.0,Boleto,Pago
2025-04-25,6c605674,Consultoria Financeira,1270.18,848.28,Boleto,Pendente
2025-04-25,3268a45e,Plano Avançado,1263.69,795.13,Boleto,Pendente
2025-04-25,e746ca72,Auditoria Contábil,1152.49,452.21,Cartão de Crédito,Pago
2025-04-25,c1005960,Auditoria Contábil,1271.52,383.56,Transferência,Pago
2025-04-25,7f123ea3,Auditoria Contábil,1160.66,357.96,Transferência,Pago
2025-04-25,64952769,Plano Básico,141.28,81.37,Pix,Pago
2025-04-25,34588043,Plano Intermediário,679.27,357.45,Pix,Pendente
2025-04-25,06019269,Plano Avançado,1080.2,666.36,Cartão de Crédito,Pago
2025-04-25,91953d5e,Plano Intermediário,657.34,306.6,Cartão de Crédito,Pago
2025-04-25,b4947d3a,Plano Intermediário,696.51,234.26,Cartão de Crédito,Pago
2025-04-25,7f123ea3,Consultoria Financeira,1109.27,389.99,Transferência,Pago
2025-04-25,5a66b672,Auditoria Contábil,1255.87,841.24,Pix,Pendente
2025-04-25,dd91e604,Plano Intermediário,659.54,415.84,Boleto,Pago
2025-04-25,d34ea5cb,Plano Intermediário,577.56,300.14,Transferência,Pago
2025-04-25,cf1ebe05,Plano Básico,210.72,124.06,Transferência,Pago
2025-04-25,4c93ecbf,Consultoria Financeira,1210.78,766.29,Transferência,Pago
2025-04-25,f4574bde,Plano Básico,275.01,175.6,Cartão de Crédito,Pago
2025-04-25,22e7d95c,Auditoria Contábil,1229.22,620.02,Pix,Pendente
2025-04-25,53dda9e7,Plano Avançado,1211.48,806.27,Boleto,Pago
2025-04-25,4edd1840,Plano Intermediário,602.21,312.7,Pix,Pago
2025-04-25,889382a2,Plano Intermediário,638.76,307.38,Pix,Pago
2025-04-25,83e2e600,Plano Intermediário,786.28,265.76,Cartão de Crédito,Pendente
2025-04-25,01e0c209,Plano Avançado,1116.99,478.41,Pix,Pago
2025-04-25,b64c91ff,Consultoria Financeira,1354.25,491.94,Pix,Pago
2025-04-25,b98e2b98,Plano Intermediário,558.01,359.49,Transferência,Pago
2025-04-25,b9322c5f,Consultoria Financeira,1282.68,624.85,Boleto,Pendente
2025-04-25,d25f4939,Auditoria Contábil,1189.6,487.76,Boleto,Pago
2025-04-25,8dcc5eb7,Plano Intermediário,602.78,275.28,Boleto,Pago
2025-04-25,fd634e85,Plano Intermediário,707.96,379.26,Cartão de Crédito,Pago
2025-04-25,88019547,Plano Básico,219.98,134.16,Transferência,Pendente
2025-04-25,fc732816,Consultoria Financeira,1144.73,776.95,Cartão de Crédito,Pago
2025-04-25,0f1b8a1f,Plano Avançado,1161.84,784.75,Transferência,Pendente
2025-04-25,f6a2c989,Auditoria Contábil,1274.01,543.72,Pix,Pago
2025-04-25,163a3e98,Consultoria Financeira,1137.42,451.48,Cartão de Crédito,Pago
2025-04-25,34588043,Auditoria Contábil,1222.99,745.38,Transferência,Pago
2025-04-25,e28e1db0,Plano Básico,378.14,178.29,Pix,Pago
2025-04-25,de962a39,Plano Avançado,1205.24,780.91,Boleto,Pago
2025-04-25,9e03667d,Plano Avançado,1238.12,846.79,Boleto,Pago
2025-04-25,e674add6,Plano Básico,295.94,127.74,Cartão de Crédito,Pago
2025-04-25,da462287,Plano Básico,353.68,116.39,Boleto,Pago
2025-04-25,9ea8ac4b,Plano Intermediário,575.04,364.97,Cartão de Crédito,Pago
2025-04-25,0d3cb43f,Plano Básico,443.36,284.62,Cartão de Crédito,Pendente
2025-04-25,d013ff9d,Plano Intermediário,514.03,354.52,Boleto,Pago
2025-04-25,11e08084,Auditoria Contábil,1131.52,678.51,Boleto,Pago
2025-04-25,a69c7843,Plano Intermediário,690.57,363.29,Pix,Pago
2025-04-25,a69c7843,Consultoria Financeira,1014.17,508.06,Pix,Pago
2025-04-25,3572e701,Plano Básico,249.23,108.53,Boleto,Pago
2025-04-25,b4fc9431,Auditoria Contábil,1227.17,798.57,Boleto,Pago
2025-04-25,e6e04fe5,Plano Intermediário,859.08,444.5,Boleto,Pago
2025-04-25,5c901b8a,Plano Intermediário,758.38,396.55,Pix,Pago
2025-04-25,68819479,Consultoria Financeira,1156.48,442.63,Cartão de Crédito,Pendente
2025-04-25,69694584,Plano Avançado,1050.79,670.15,Pix,Pago
2025-04-25,84833a28,Consultoria Financeira,1329.52,639.92,Transferência,Pendente
2025-04-25,07f7efa5,Auditoria Contábil,1151.98,528.08,Pix,Pago
2025-04-25,1dd73ec3,Plano Avançado,1226.89,850.6,Cartão de Crédito,Pago
2025-04-25,8af7aae3,Consultoria Financeira,1156.73,475.54,Cartão de Crédito,Pago
2025-04-25,dd91e604,Plano Intermediário,739.25,319.3,Boleto,Pago
2025-04-25,160977e3,Plano Básico,424.28,254.49,Transferência,Pago
2025-04-25,bd9acbb3,Auditoria Contábil,1272.72,641.39,Cartão de Crédito,Pendente
2025-04-25,1e76fa0e,Plano Avançado,1173.22,410.1,Pix,Pendente
2025-04-25,ac40ed62,Plano Básico,432.27,227.28,Boleto,Pago
2025-04-25,4331374a,Consultoria Financeira,1384.8,930.9,Cartão de Crédito,Pendente
2025-04-25,0c9111bd,Auditoria Contábil,1299.07,612.3,Transferência,Pago
2025-04-25,68819479,Plano Básico,259.63,126.05,Cartão de Crédito,Pago
2025-04-25,d34ea5cb,Plano Básico,382.91,178.45,Boleto,Pago
2025-04-25,d421c1e5,Consultoria Financeira,1297.93,487.69,Pix,Pago
2025-04-25,de946ab3,Plano Intermediário,675.03,350.44,Boleto,Pago
2025-04-25,d25f4939,Plano Intermediário,884.79,283.74,Cartão de Crédito,Pago
2025-04-25,dd91e604,Auditoria Contábil,1319.05,507.06,Pix,Pago
2025-04-25,d013ff9d,Plano Básico,279.93,154.23,Transferência,Pago
2025-04-25,11255cd4,Plano Intermediário,659.53,347.23,Transferência,Pago
2025-04-25,03bbe434,Plano Intermediário,795.38,325.48,Boleto,Pendente
2025-04-25,9e03667d,Plano Intermediário,917.18,364.86,Pix,Pendente
2025-04-25,4331374a,Plano Intermediário,581.11,215.52,Boleto,Pago
2025-04-25,b4baf750,Auditoria Contábil,1244.18,807.74,Pix,Pago
2025-04-25,186cc208,Consultoria Financeira,1280.93,592.74,Cartão de Crédito,Pendente
2025-04-25,7f123ea3,Auditoria Contábil,1323.23,535.63,Cartão de Crédito,Pendente
2025-04-25,f42064ce,Auditoria Contábil,1282.01,773.79,Pix,Pago
2025-04-25,e31cf753,Plano Intermediário,653.23,273.59,Pix,Pago
2025-04-25,06019269,Plano Básico,171.05,58.91,Transferência,Pago
2025-04-25,5f4d6138,Auditoria Contábil,1169.84,689.16,Pix,Pago
2025-04-25,91953d5e,Plano Básico,378.32,264.16,Cartão de Crédito,Pago
2025-04-25,e6e04fe5,Plano Básico,243.11,80.38,Boleto,Cancelado
2025-04-25,bfa26e2d,Plano Intermediário,840.86,517.62,Cartão de Crédito,Pago
2025-04-25,e746ca72,Auditoria Contábil,1187.43,717.21,Cartão de Crédito,Pago
2025-04-25,805310ba,Auditoria Contábil,1137.25,611.83,Cartão de Crédito,Pago
2025-04-25,b64c91ff,Consultoria Financeira,994.65,685.89,Boleto,Pago
2025-04-25,11255cd4,Plano Básico,355.58,144.99,Pix,Cancelado
2025-04-25,df99804c,Consultoria Financeira,1177.35,819.0,Pix,Pago
2025-04-25,bd5fc63d,Consultoria Financeira,1156.96,630.96,Transferência,Pendente
2025-04-25,4a94313e,Plano Básico,500.85,204.85,Boleto,Pendente
2025-04-25,4ac7ffdb,Plano Intermediário,642.54,222.07,Boleto,Pago
2025-04-25,838c0893,Auditoria Contábil,1166.42,512.14,Pix,Cancelado
2025-04-25,88019547,Consultoria Financeira,1257.12,428.72,Boleto,Pago
2025-04-25,0f1b8a1f,Consultoria Financeira,1339.06,858.2,Cartão de Crédito,Pago
2025-04-25,1345c41b,Plano Avançado,1247.0,708.39,Pix,Pago
2025-04-25,3e3f9af2,Plano Básico,310.34,114.85,Cartão de Crédito,Pago
2025-04-25,8b520075,Plano Avançado,1415.63,440.69,Pix,Pago
2025-04-25,64952769,Plano Intermediário,661.93,202.53,Transferência,Pago
2025-04-25,d013ff9d,Plano Intermediário,662.4,312.53,Transferência,Pago
2025-04-25,e6e04fe5,Auditoria Contábil,1143.89,566.2,Cartão de Crédito,Pago
2025-04-25,e746ca72,Auditoria Contábil,1240.5,667.95,Transferência,Pago
2025-04-25,f3713c03,Plano Básico,215.44,90.01,Pix,Pago
2025-04-25,aafa4686,Auditoria Contábil,1091.8,492.1,Boleto,Pago
2025-04-25,f3713c03,Consultoria Financeira,1166.13,642.86,Cartão de Crédito,Pendente
2025-04-25,0da75a0d,Consultoria Financeira,1046.74,457.98,Transferência,Pago
2025-04-25,d4cba754,Auditoria Contábil,1226.93,669.43,Pix,Pago
2025-04-25,b054bf90,Plano Básico,340.77,177.66,Pix,Pago
2025-04-25,04ac6356,Consultoria Financeira,1258.1,559.75,Transferência,Pago
2025-04-25,53dda9e7,Auditoria Contábil,1287.66,406.51,Transferência,Pago
2025-04-25,f3617404,Auditoria Contábil,1168.82,812.56,Cartão de Crédito,Pendente
2025-04-25,bd89e3a3,Plano Avançado,1325.23,417.71,Boleto,Pago
2025-04-25,163a3e98,Plano Avançado,1313.65,712.28,Pix,Pago
2025-04-25,5f4d6138,Plano Avançado,1102.72,453.4,Cartão de Crédito,Pago
