data,id_cliente,produto,valor_venda,custo,meio_pagamento,status_pagamento
2025-05-16,186cc208,Consultoria Financeira,1191.69,491.3,Pix,Pago
2025-05-16,7675fac6,Consultoria Financeira,1208.24,365.13,Transferência,Pago
2025-05-16,7675fac6,Plano Básico,154.24,46.74,Boleto,Pago
2025-05-16,16b27319,Auditoria Contábil,1169.08,726.04,Boleto,Pendente
2025-05-16,8dcc5eb7,Auditoria Contábil,1124.78,594.81,Transferência,Pendente
2025-05-16,b054bf90,Plano Intermediário,512.48,344.75,Pix,Cancelado
2025-05-16,352fbcce,Plano Básico,311.5,142.92,Cartão de Crédito,Pendente
2025-05-16,902164d4,Auditoria Contábil,1221.32,422.01,Pix,Pago
2025-05-16,352fbcce,Consultoria Financeira,1124.8,492.76,Boleto,Pago
2025-05-16,83e2e600,Plano Intermediário,807.6,401.72,Boleto,Pago
2025-05-16,7fe9431e,Plano Avançado,1202.13,698.32,Transferência,Pago
2025-05-16,bd5fc63d,Plano Intermediário,629.16,294.91,Pix,Pago
2025-05-16,3e210845,Consultoria Financeira,1048.63,486.99,Boleto,Pago
2025-05-16,d34ea5cb,Plano Intermediário,726.71,394.72,Boleto,Pendente
2025-05-16,1fd8d42c,Plano Intermediário,750.87,318.18,Pix,Pendente
2025-05-16,bfa26e2d,Plano Avançado,1151.69,464.18,Boleto,Pendente
2025-05-16,bd5fc63d,Auditoria Contábil,1214.68,393.33,Boleto,Pendente
2025-05-16,74c6dcec,Consultoria Financeira,1361.22,470.7,Cartão de Crédito,Cancelado
2025-05-16,51dcc5b4,Auditoria Contábil,1289.68,584.92,Boleto,Pago
2025-05-16,d421c1e5,Auditoria Contábil,984.82,343.12,Pix,Pendente
2025-05-16,7d8188f3,Plano Intermediário,628.08,293.68,Cartão de Crédito,Pago
2025-05-16,f5534c19,Plano Básico,286.87,95.26,Pix,Pago
2025-05-16,5239936f,Plano Avançado,1207.69,533.69,Pix,Pago
2025-05-16,5239936f,Plano Intermediário,716.87,409.67,Transferência,Pago
2025-05-16,bc7e9946,Plano Avançado,1244.19,553.38,Pix,Pendente
2025-05-16,63ee329b,Consultoria Financeira,1190.14,659.86,Transferência,Pendente
2025-05-16,cd692f1a,Plano Avançado,1201.88,799.63,Cartão de Crédito,Pago
2025-05-16,889382a2,Plano Avançado,1295.31,763.7,Transferência,Pendente
2025-05-16,a810c961,Plano Intermediário,728.71,253.75,Transferência,Pago
2025-05-16,da462287,Plano Avançado,1085.63,330.77,Pix,Pago
2025-05-16,856c4622,Consultoria Financeira,1210.86,567.67,Transferência,Pendente
2025-05-16,bcf6c281,Plano Básico,287.15,152.44,Boleto,Pago
2025-05-16,b4a1b003,Plano Básico,111.82,35.5,Boleto,Pago
2025-05-16,c537a075,Plano Intermediário,715.99,313.08,Transferência,Pago
2025-05-16,b4a1b003,Plano Básico,197.23,116.69,Transferência,Pago
2025-05-16,805310ba,Plano Básico,396.95,229.04,Transferência,Pendente
2025-05-16,2a5aaa20,Auditoria Contábil,1242.72,586.53,Cartão de Crédito,Pago
2025-05-16,b054bf90,Consultoria Financeira,1080.64,456.6,Cartão de Crédito,Pago
2025-05-16,723e148d,Plano Avançado,1291.92,795.3,Boleto,Pendente
2025-05-16,5c901b8a,Consultoria Financeira,1339.25,842.35,Transferência,Cancelado
2025-05-16,e11548e5,Plano Básico,275.0,176.83,Transferência,Pago
2025-05-16,7d8188f3,Consultoria Financeira,1186.57,507.31,Cartão de Crédito,Pendente
2025-05-16,0d34ba05,Plano Avançado,1281.08,682.66,Cartão de Crédito,Pendente
2025-05-16,dd91e604,Plano Avançado,1330.43,774.62,Pix,Pago
2025-05-16,04ac6356,Plano Básico,133.75,76.95,Cartão de Crédito,Cancelado
2025-05-16,58fa93e2,Auditoria Contábil,1090.9,515.14,Boleto,Pago
2025-05-16,9f671442,Plano Avançado,1158.92,413.78,Transferência,Pago
2025-05-16,2ed6ef07,Plano Avançado,1169.2,423.0,Boleto,Pago
2025-05-16,fd722556,Plano Intermediário,777.97,241.31,Boleto,Pago
2025-05-16,72592469,Auditoria Contábil,1331.03,580.65,Boleto,Pendente
2025-05-16,f3713c03,Auditoria Contábil,1339.57,440.3,Transferência,Pago
2025-05-16,fd634e85,Auditoria Contábil,1031.66,588.92,Transferência,Pago
2025-05-16,fd722556,Plano Avançado,1119.41,607.07,Cartão de Crédito,Cancelado
2025-05-16,69694584,Plano Básico,176.57,122.75,Cartão de Crédito,Pago
2025-05-16,a69c7843,Consultoria Financeira,1140.75,549.39,Boleto,Pago
2025-05-16,405479fd,Plano Avançado,1119.04,553.07,Transferência,Pago
2025-05-16,1dd73ec3,Auditoria Contábil,1242.41,386.41,Pix,Cancelado
2025-05-16,c537a075,Plano Básico,354.63,160.89,Boleto,Pago
2025-05-16,b894acf6,Plano Intermediário,700.64,221.12,Cartão de Crédito,Cancelado
2025-05-16,04ac6356,Plano Avançado,1191.16,433.59,Pix,Pendente
2025-05-16,88019547,Consultoria Financeira,1163.0,359.76,Transferência,Pago
2025-05-16,84833a28,Plano Básico,274.12,113.95,Transferência,Pago
2025-05-16,37164a6b,Consultoria Financeira,1359.86,897.55,Pix,Pago
2025-05-16,d2f63bb1,Plano Intermediário,769.7,416.54,Transferência,Pago
2025-05-16,d013ff9d,Plano Intermediário,666.62,420.43,Boleto,Pago
2025-05-16,ea61cc7f,Plano Intermediário,689.27,313.07,Pix,Pendente
2025-05-16,e31cf753,Auditoria Contábil,1244.77,542.91,Pix,Pago
2025-05-16,6c605674,Plano Intermediário,580.61,302.78,Boleto,Pago
2025-05-16,902164d4,Plano Básico,314.29,162.39,Boleto,Pago
2025-05-16,7f123ea3,Plano Avançado,1263.81,601.8,Boleto,Pago
2025-05-16,50989097,Plano Avançado,1250.08,526.2,Pix,Pago
2025-05-16,5f4d6138,Consultoria Financeira,1121.22,362.22,Pix,Pago
2025-05-16,5c901b8a,Plano Básico,237.92,103.97,Boleto,Pago
2025-05-16,14d5d4bf,Plano Básico,102.07,54.32,Boleto,Pago
2025-05-16,6c605674,Plano Avançado,1274.79,453.42,Boleto,Pago
2025-05-16,53dda9e7,Plano Avançado,1407.41,697.45,Boleto,Pago
2025-05-16,d4cba754,Consultoria Financeira,1108.06,510.5,Pix,Pendente
2025-05-16,e3445f63,Consultoria Financeira,1310.1,718.28,Cartão de Crédito,Pago
2025-05-16,aafa4686,Consultoria Financeira,1395.83,531.15,Transferência,Cancelado
2025-05-16,8af7aae3,Plano Avançado,1153.47,565.45,Transferência,Cancelado
2025-05-16,3572e701,Auditoria Contábil,1189.41,615.17,Cartão de Crédito,Pago
2025-05-16,51dcc5b4,Auditoria Contábil,1225.37,629.05,Pix,Pago
2025-05-16,3e465ec4,Plano Avançado,1246.77,807.89,Cartão de Crédito,Pago
2025-05-16,e674add6,Plano Avançado,1230.81,430.7,Cartão de Crédito,Pago
2025-05-16,e7704e2a,Auditoria Contábil,1160.84,717.03,Cartão de Crédito,Pago
2025-05-16,29c41e63,Auditoria Contábil,1262.16,855.26,Transferência,Pago
2025-05-16,e28e1db0,Auditoria Contábil,1163.04,418.13,Boleto,Pendente
2025-05-16,cd692f1a,Consultoria Financeira,1237.71,610.64,Boleto,Pago
2025-05-16,65bb5f82,Plano Avançado,1197.07,772.61,Boleto,Pago
2025-05-16,681d27d6,Consultoria Financeira,1022.7,423.72,Transferência,Pago
2025-05-16,27ddd74f,Plano Intermediário,826.19,315.02,Boleto,Pago
2025-05-16,65bb5f82,Plano Intermediário,640.43,323.1,Transferência,Pago
2025-05-16,902164d4,Auditoria Contábil,1337.44,664.61,Transferência,Pago
2025-05-16,14c536e1,Auditoria Contábil,1305.61,903.87,Transferência,Pendente
2025-05-16,9f671442,Plano Intermediário,722.32,334.46,Boleto,Pago
2025-05-16,29c41e63,Consultoria Financeira,1252.11,662.88,Transferência,Pendente
2025-05-16,aafa4686,Plano Avançado,1264.52,862.93,Pix,Pago
2025-05-16,de42cc92,Plano Avançado,1180.27,757.24,Pix,Pago
2025-05-16,34588043,Auditoria Contábil,1184.87,563.6,Boleto,Pendente
2025-05-16,63ee329b,Auditoria Contábil,1259.36,693.45,Cartão de Crédito,Pago
2025-05-16,f3713c03,Plano Básico,5.96,4.0,Boleto,Pendente
2025-05-16,bd89e3a3,Plano Básico,298.13,171.45,Pix,Pendente
2025-05-16,405479fd,Plano Básico,261.15,153.84,Transferência,Pago
2025-05-16,805310ba,Consultoria Financeira,1122.71,471.27,Cartão de Crédito,Pago
2025-05-16,e746ca72,Auditoria Contábil,1240.71,550.24,Transferência,Pago
2025-05-16,f42064ce,Auditoria Contábil,1137.33,437.06,Boleto,Pago
2025-05-16,f42064ce,Plano Básico,386.24,263.79,Cartão de Crédito,Pendente
2025-05-16,4331374a,Plano Intermediário,795.31,332.32,Cartão de Crédito,Pago
2025-05-16,7f123ea3,Auditoria Contábil,1251.31,382.56,Cartão de Crédito,Pago
2025-05-16,df99804c,Plano Avançado,1272.51,758.66,Boleto,Pago
2025-05-16,3268a45e,Plano Intermediário,751.62,268.43,Boleto,Pago
2025-05-16,e024c907,Plano Básico,380.04,214.12,Cartão de Crédito,Pago
2025-05-16,c6a8f08d,Consultoria Financeira,1275.43,773.48,Pix,Pendente
2025-05-16,bd5fc63d,Plano Básico,335.14,112.42,Transferência,Pago
2025-05-16,69694584,Plano Avançado,1307.02,647.04,Transferência,Pago
2025-05-16,ac40ed62,Plano Intermediário,683.69,316.44,Pix,Pago
2025-05-16,352fbcce,Auditoria Contábil,1125.51,367.37,Boleto,Pago
2025-05-16,8b520075,Plano Intermediário,620.76,386.92,Pix,Pago
2025-05-16,234ce6aa,Consultoria Financeira,1169.2,793.97,Pix,Pendente
2025-05-16,51dcc5b4,Auditoria Contábil,1010.64,334.26,Cartão de Crédito,Pago
2025-05-16,50989097,Plano Básico,321.33,160.75,Transferência,Pago
2025-05-16,b64c91ff,Plano Intermediário,765.92,245.16,Transferência,Pago
2025-05-16,07f7efa5,Plano Intermediário,793.76,261.27,Pix,Pendente
2025-05-16,7be9fda6,Plano Básico,139.24,54.71,Pix,Pago
2025-05-16,0801ddf7,Plano Intermediário,623.73,257.23,Cartão de Crédito,Pago
2025-05-16,0da75a0d,Plano Básico,382.95,164.13,Cartão de Crédito,Pago
2025-05-16,fd634e85,Auditoria Contábil,1180.62,579.18,Cartão de Crédito,Pago
2025-05-16,ff83af04,Plano Básico,363.54,251.42,Cartão de Crédito,Pago
2025-05-16,5a66b672,Plano Intermediário,576.07,311.88,Pix,Pago
2025-05-16,699833e9,Plano Básico,436.07,152.26,Transferência,Pendente
2025-05-16,1dd73ec3,Consultoria Financeira,1069.12,700.77,Pix,Pendente
2025-05-16,b98e2b98,Plano Intermediário,398.05,212.7,Pix,Pago
2025-05-16,2ed6ef07,Plano Intermediário,718.38,395.05,Transferência,Pago
2025-05-16,53dda9e7,Plano Avançado,1220.97,484.45,Pix,Pago
2025-05-16,65bb5f82,Plano Intermediário,650.84,381.12,Pix,Pago
2025-05-16,4d3f9f70,Plano Básico,347.64,181.12,Cartão de Crédito,Pago
2025-05-16,bd89e3a3,Consultoria Financeira,1250.55,635.36,Cartão de Crédito,Pago
2025-05-16,7f123ea3,Consultoria Financeira,1239.24,506.31,Boleto,Pendente
2025-05-16,9ea8ac4b,Auditoria Contábil,1149.1,573.03,Boleto,Pago
2025-05-16,83e2e600,Plano Intermediário,630.53,347.94,Boleto,Pendente
2025-05-16,945c8852,Consultoria Financeira,1159.07,372.91,Pix,Pago
2025-05-16,bd5fc63d,Auditoria Contábil,1117.76,335.39,Pix,Pago
2025-05-16,df99804c,Consultoria Financeira,1312.1,661.89,Transferência,Pago
2025-05-16,4de403bd,Auditoria Contábil,1167.21,742.04,Boleto,Pago
2025-05-16,e517e12f,Consultoria Financeira,1215.52,366.51,Cartão de Crédito,Pendente
2025-05-16,3e465ec4,Plano Avançado,1282.51,547.0,Pix,Pago
2025-05-16,51dcc5b4,Plano Básico,213.29,72.68,Boleto,Pago
2025-05-16,8b520075,Plano Intermediário,565.41,360.21,Transferência,Pago
2025-05-16,4d3f9f70,Plano Intermediário,618.07,262.89,Pix,Pago
2025-05-16,bd9acbb3,Plano Avançado,1226.26,580.67,Pix,Pago
2025-05-16,0f77cc0f,Plano Avançado,1219.36,809.63,Pix,Pendente
2025-05-16,0da75a0d,Auditoria Contábil,1239.05,415.97,Pix,Pago
2025-05-16,b054bf90,Auditoria Contábil,1189.68,683.84,Pix,Pago
2025-05-16,e6e04fe5,Auditoria Contábil,956.12,528.82,Transferência,Pendente
2025-05-16,b4baf750,Plano Intermediário,686.57,399.27,Boleto,Pago
2025-05-16,b894acf6,Plano Intermediário,796.54,546.76,Boleto,Pago
2025-05-16,da560193,Plano Avançado,1323.61,800.01,Boleto,Pago
2025-05-16,7fe9431e,Plano Básico,308.87,129.48,Boleto,Pendente
2025-05-16,9e842c39,Auditoria Contábil,1219.73,417.33,Pix,Pago
2025-05-16,b4fc9431,Plano Intermediário,761.58,243.15,Transferência,Pago
