data,id_cliente,produto,valor_venda,custo,meio_pagamento,status_pagamento
2025-05-20,c1005960,Auditoria Contábil,1383.15,894.1,Pix,Pendente
2025-05-20,b894acf6,Auditoria Contábil,1317.94,915.85,Pix,Pago
2025-05-20,9e03667d,Auditoria Contábil,1153.08,415.3,Pix,Pago
2025-05-20,72592469,Plano Intermediário,528.69,363.72,Cartão de Crédito,Pago
2025-05-20,e024c907,Consultoria Financeira,1335.39,850.44,Boleto,Pago
2025-05-20,a6af877d,Consultoria Financeira,1188.55,553.78,Pix,Cancelado
2025-05-20,d2f63bb1,Plano Intermediário,823.78,337.22,Pix,Cancelado
2025-05-20,f5534c19,Auditoria Contábil,1200.52,729.43,Transferência,Pendente
2025-05-20,d4cba754,Plano Básico,304.7,206.56,Pix,Pago
2025-05-20,8af7aae3,Consultoria Financeira,1154.99,554.65,Cartão de Crédito,Pago
2025-05-20,b4fc9431,Plano Avançado,1262.28,443.9,Pix,Pago
2025-05-20,902164d4,Auditoria Contábil,1212.03,474.46,Pix,Cancelado
2025-05-20,f3713c03,Consultoria Financeira,1251.44,711.67,Boleto,Pago
2025-05-20,4f8c8ffe,Plano Avançado,1046.59,361.52,Cartão de Crédito,Pago
2025-05-20,bb3d4eda,Plano Básico,427.77,243.24,Boleto,Pago
2025-05-20,8dd779c0,Plano Avançado,1355.12,688.49,Boleto,Pago
2025-05-20,9ae0fade,Plano Avançado,1211.57,776.46,Transferência,Pago
2025-05-20,b4a1b003,Plano Intermediário,906.07,589.54,Pix,Pago
2025-05-20,e28e1db0,Plano Intermediário,875.53,403.96,Cartão de Crédito,Pago
2025-05-20,34da685d,Auditoria Contábil,1264.54,735.5,Cartão de Crédito,Pago
2025-05-20,2ed6ef07,Plano Intermediário,836.86,322.35,Cartão de Crédito,Pago
2025-05-20,e517e12f,Consultoria Financeira,1305.84,596.64,Transferência,Pago
2025-05-20,838c0893,Plano Avançado,1024.13,486.45,Cartão de Crédito,Pago
2025-05-20,234ce6aa,Auditoria Contábil,1173.06,593.09,Transferência,Pago
2025-05-20,bcf6c281,Plano Avançado,1271.75,780.17,Pix,Pendente
2025-05-20,d34ea5cb,Consultoria Financeira,1362.86,878.97,Pix,Pago
2025-05-20,34da685d,Auditoria Contábil,1061.99,721.95,Transferência,Pago
2025-05-20,f6a2c989,Plano Avançado,1029.66,498.0,Boleto,Cancelado
2025-05-20,83e2e600,Consultoria Financeira,1194.45,826.57,Transferência,Pago
2025-05-20,53dda9e7,Plano Básico,93.26,51.61,Pix,Pendente
2025-05-20,ef39a43c,Plano Intermediário,691.09,273.71,Transferência,Pago
2025-05-20,bfa26e2d,Auditoria Contábil,1236.66,460.97,Transferência,Pago
2025-05-20,7be9fda6,Plano Intermediário,606.01,265.59,Boleto,Pendente
2025-05-20,e7704e2a,Plano Básico,293.73,166.55,Transferência,Pendente
2025-05-20,85050e16,Auditoria Contábil,1295.51,477.95,Transferência,Pago
2025-05-20,2c46ff5e,Plano Avançado,1146.97,425.3,Transferência,Pago
2025-05-20,34588043,Plano Intermediário,620.71,208.24,Cartão de Crédito,Pendente
2025-05-20,352fbcce,Auditoria Contábil,1189.3,454.95,Transferência,Pendente
2025-05-20,e517e12f,Consultoria Financeira,1096.48,488.71,Transferência,Pago
2025-05-20,cefd3c78,Plano Básico,496.47,156.75,Pix,Cancelado
2025-05-20,8af7aae3,Plano Intermediário,703.53,436.02,Pix,Cancelado
2025-05-20,85daef29,Plano Avançado,1130.03,733.88,Boleto,Pendente
2025-05-20,8fd2de20,Plano Avançado,1221.4,816.32,Boleto,Pago
2025-05-20,3e3f9af2,Plano Avançado,1188.77,739.99,Pix,Pendente
2025-05-20,22e7d95c,Plano Básico,277.9,166.55,Cartão de Crédito,Pago
2025-05-20,14d5d4bf,Auditoria Contábil,1146.95,514.05,Transferência,Pendente
2025-05-20,29c41e63,Plano Básico,242.42,119.71,Pix,Pendente
2025-05-20,e9227863,Consultoria Financeira,1048.48,508.53,Boleto,Pago
2025-05-20,16b27319,Plano Avançado,1336.69,800.66,Pix,Pago
2025-05-20,4f8c8ffe,Auditoria Contábil,1257.66,634.7,Cartão de Crédito,Pago
2025-05-20,fe8b9235,Auditoria Contábil,1231.13,631.38,Pix,Pago
2025-05-20,6bffad7d,Plano Intermediário,687.21,352.57,Pix,Pago
2025-05-20,5fa4df12,Auditoria Contábil,1104.45,438.45,Pix,Pendente
2025-05-20,43c9d6f5,Plano Básico,224.36,69.11,Transferência,Pago
2025-05-20,cf1ebe05,Plano Intermediário,557.77,239.19,Transferência,Pago
2025-05-20,53dda9e7,Plano Avançado,1135.34,394.99,Transferência,Pago
2025-05-20,2c43fd10,Plano Intermediário,591.85,388.38,Boleto,Pendente
2025-05-20,91953d5e,Plano Básico,468.71,288.57,Cartão de Crédito,Pago
2025-05-20,fec30ee1,Plano Básico,388.16,193.84,Boleto,Pendente
2025-05-20,163a3e98,Plano Intermediário,707.74,378.45,Cartão de Crédito,Pago
2025-05-20,64952769,Auditoria Contábil,1113.87,666.29,Cartão de Crédito,Pago
2025-05-20,e024c907,Plano Avançado,1096.28,453.32,Cartão de Crédito,Pendente
2025-05-20,fec30ee1,Plano Básico,280.97,125.1,Transferência,Pendente
2025-05-20,b4a1b003,Plano Intermediário,792.62,350.69,Transferência,Pendente
2025-05-20,1e76fa0e,Plano Básico,490.94,341.01,Cartão de Crédito,Pago
2025-05-20,4f8c8ffe,Auditoria Contábil,1060.14,361.2,Transferência,Pago
2025-05-20,b4fc9431,Plano Básico,356.3,128.68,Cartão de Crédito,Pago
2025-05-20,68819479,Plano Básico,234.94,88.01,Boleto,Pago
2025-05-20,7d8188f3,Plano Avançado,1151.29,476.68,Boleto,Pago
2025-05-20,29c41e63,Auditoria Contábil,1204.85,559.24,Boleto,Pago
2025-05-20,83e2e600,Auditoria Contábil,1116.9,773.96,Transferência,Pago
2025-05-20,e3445f63,Plano Básico,276.11,189.91,Pix,Pendente
2025-05-20,9f671442,Plano Básico,209.24,135.21,Pix,Pago
2025-05-20,cf1ebe05,Plano Básico,242.32,89.26,Boleto,Pago
2025-05-20,b4a1b003,Plano Básico,375.54,213.1,Cartão de Crédito,Pago
2025-05-20,7fe9431e,Auditoria Contábil,1209.93,639.62,Transferência,Pago
2025-05-20,fec30ee1,Auditoria Contábil,1275.14,525.35,Transferência,Pago
2025-05-20,8dcc5eb7,Consultoria Financeira,1133.74,486.91,Boleto,Pendente
2025-05-20,88019547,Auditoria Contábil,1257.06,591.04,Cartão de Crédito,Pago
2025-05-20,50989097,Consultoria Financeira,1037.25,358.82,Transferência,Pendente
2025-05-20,da560193,Consultoria Financeira,1204.81,655.72,Boleto,Pago
2025-05-20,4edd1840,Plano Avançado,1263.86,457.2,Transferência,Cancelado
2025-05-20,53dda9e7,Consultoria Financeira,1033.85,509.13,Boleto,Pago
2025-05-20,3e465ec4,Plano Básico,234.82,102.06,Pix,Pago
2025-05-20,4de403bd,Plano Avançado,1204.74,426.2,Cartão de Crédito,Pago
2025-05-20,c1005960,Auditoria Contábil,1300.63,522.67,Transferência,Pago
2025-05-20,0da75a0d,Plano Avançado,1142.31,654.09,Pix,Pendente
2025-05-20,7be9fda6,Plano Básico,352.98,172.48,Transferência,Pago
2025-05-20,76b5d5b5,Plano Básico,444.16,206.42,Cartão de Crédito,Pago
2025-05-20,df99804c,Plano Intermediário,757.71,479.06,Boleto,Pago
2025-05-20,85daef29,Plano Avançado,1179.7,809.29,Boleto,Pendente
2025-05-20,fd634e85,Plano Intermediário,737.11,497.8,Pix,Pendente
2025-05-20,fc732816,Auditoria Contábil,1139.6,424.49,Boleto,Pago
2025-05-20,83e2e600,Plano Avançado,1208.66,640.34,Boleto,Pago
2025-05-20,f6a2c989,Plano Avançado,1184.43,754.16,Transferência,Pago
2025-05-20,e28e1db0,Plano Intermediário,733.76,279.31,Pix,Pago
2025-05-20,4de403bd,Plano Básico,258.81,94.59,Boleto,Pago
2025-05-20,1dd73ec3,Consultoria Financeira,1239.45,701.63,Pix,Pago
2025-05-20,809e8137,Plano Avançado,1157.9,589.63,Transferência,Pago
2025-05-20,945c8852,Auditoria Contábil,1287.11,588.18,Boleto,Pendente
2025-05-20,14c536e1,Plano Intermediário,667.4,418.22,Boleto,Pago
2025-05-20,5c88b44f,Consultoria Financeira,996.19,483.22,Pix,Pago
2025-05-20,cf1ebe05,Consultoria Financeira,1099.19,462.27,Transferência,Pago
2025-05-20,ff83af04,Plano Básico,301.84,118.59,Transferência,Pago
2025-05-20,84833a28,Auditoria Contábil,1367.64,902.41,Pix,Pago
2025-05-20,e6e04fe5,Plano Básico,382.94,253.73,Cartão de Crédito,Pago
2025-05-20,01e0c209,Plano Básico,78.89,43.37,Boleto,Pago
2025-05-20,405479fd,Plano Intermediário,552.14,196.4,Transferência,Pago
2025-05-20,07f7efa5,Plano Básico,414.38,255.93,Pix,Pago
2025-05-20,34588043,Plano Intermediário,763.28,501.9,Pix,Pago
2025-05-20,50989097,Auditoria Contábil,1427.07,878.27,Transferência,Pago
2025-05-20,4de403bd,Plano Básico,254.06,101.47,Pix,Pago
2025-05-20,f3617404,Plano Avançado,1115.02,666.31,Pix,Pago
2025-05-20,fd722556,Consultoria Financeira,1207.16,730.31,Transferência,Pago
2025-05-20,6f084a1f,Plano Avançado,1152.23,749.76,Cartão de Crédito,Pendente
2025-05-20,14d5d4bf,Consultoria Financeira,1303.75,448.82,Transferência,Pago
2025-05-20,4d3f9f70,Plano Intermediário,649.0,414.44,Pix,Pago
2025-05-20,68819479,Plano Básico,273.01,168.97,Pix,Pendente
2025-05-20,d93c0874,Plano Avançado,1102.12,396.73,Cartão de Crédito,Pago
2025-05-20,b98e2b98,Plano Básico,375.7,220.92,Boleto,Pago
2025-05-20,dd91e604,Plano Avançado,1107.78,616.43,Transferência,Pago
2025-05-20,e7704e2a,Plano Intermediário,741.34,297.07,Cartão de Crédito,Pago
2025-05-20,e517e12f,Plano Intermediário,887.68,389.05,Cartão de Crédito,Pago
2025-05-20,da462287,Plano Básico,122.13,59.21,Cartão de Crédito,Cancelado
2025-05-20,f3713c03,Consultoria Financeira,1349.6,916.26,Pix,Pendente
2025-05-20,da462287,Auditoria Contábil,1228.0,616.89,Pix,Pago
2025-05-20,699833e9,Auditoria Contábil,1087.45,592.21,Transferência,Pendente
2025-05-20,f3713c03,Plano Avançado,1210.94,700.72,Cartão de Crédito,Pago
2025-05-20,9e842c39,Consultoria Financeira,1272.58,851.36,Transferência,Pendente
2025-05-20,0f1b8a1f,Plano Básico,220.95,117.22,Transferência,Pago
2025-05-20,eb7bf608,Consultoria Financeira,1247.15,676.81,Pix,Pago
2025-05-20,fe8b9235,Plano Avançado,1359.32,915.84,Boleto,Pago
2025-05-20,2c46ff5e,Auditoria Contábil,1148.88,770.01,Pix,Pago
2025-05-20,9e03667d,Plano Básico,201.04,139.51,Pix,Pendente
2025-05-20,fd634e85,Plano Intermediário,687.42,436.9,Transferência,Pago
2025-05-20,f42064ce,Plano Intermediário,705.57,378.55,Boleto,Pago
2025-05-20,bc7e9946,Plano Básico,409.42,188.17,Cartão de Crédito,Pago
2025-05-20,fd722556,Consultoria Financeira,1184.2,735.56,Pix,Pago
2025-05-20,0f77cc0f,Plano Intermediário,657.31,198.41,Transferência,Pago
2025-05-20,84833a28,Consultoria Financeira,1098.79,565.83,Pix,Pendente
2025-05-20,8519c9b9,Auditoria Contábil,1034.51,690.99,Boleto,Pendente
2025-05-20,e7704e2a,Plano Avançado,1071.0,637.25,Boleto,Pago
2025-05-20,85daef29,Consultoria Financeira,1070.49,514.78,Transferência,Pago
2025-05-20,83e2e600,Auditoria Contábil,1174.04,418.36,Cartão de Crédito,Pago
2025-05-20,2ed6ef07,Plano Intermediário,549.69,203.69,Transferência,Pago
2025-05-20,f2f1883d,Consultoria Financeira,930.31,619.53,Cartão de Crédito,Pago
2025-05-20,3e465ec4,Plano Avançado,1194.57,531.53,Pix,Pago
2025-05-20,902164d4,Plano Intermediário,884.9,270.1,Boleto,Pago
2025-05-20,bcf6c281,Auditoria Contábil,1312.66,742.2,Transferência,Pago
2025-05-20,eb7bf608,Plano Intermediário,673.11,224.91,Cartão de Crédito,Pago
2025-05-20,fc732816,Consultoria Financeira,1089.35,761.18,Cartão de Crédito,Pago
2025-05-20,63ee329b,Plano Intermediário,957.34,312.89,Boleto,Pago
2025-05-20,fa1fca51,Auditoria Contábil,1205.92,723.53,Boleto,Pago
2025-05-20,fc732816,Auditoria Contábil,1219.81,466.04,Cartão de Crédito,Pago
2025-05-20,14c536e1,Plano Intermediário,685.56,257.96,Cartão de Crédito,Pendente
2025-05-20,cfceac6d,Auditoria Contábil,1196.72,629.4,Cartão de Crédito,Pago
2025-05-20,bd5fc63d,Consultoria Financeira,1145.66,373.81,Transferência,Pago
2025-05-20,4f8c8ffe,Consultoria Financeira,1174.5,598.71,Transferência,Pendente
2025-05-20,b894acf6,Plano Intermediário,850.4,405.05,Cartão de Crédito,Pago
2025-05-20,9e842c39,Plano Intermediário,824.61,298.59,Transferência,Pago
2025-05-20,fd634e85,Consultoria Financeira,992.66,370.04,Pix,Pendente
2025-05-20,7d8188f3,Consultoria Financeira,1059.25,590.64,Pix,Cancelado
2025-05-20,1ec260d5,Auditoria Contábil,1122.22,520.14,Cartão de Crédito,Pendente
2025-05-20,e11548e5,Consultoria Financeira,1293.57,402.09,Transferência,Pago
2025-05-20,2a5aaa20,Auditoria Contábil,1327.16,515.99,Boleto,Pago
2025-05-20,64952769,Plano Intermediário,772.17,237.74,Transferência,Pago
2025-05-20,ff83af04,Plano Intermediário,587.09,200.58,Pix,Pago
2025-05-20,29c41e63,Consultoria Financeira,1147.55,643.89,Transferência,Pendente
2025-05-20,0371adaf,Plano Básico,348.94,137.93,Pix,Pago
2025-05-20,4f8c8ffe,Consultoria Financeira,1175.97,692.54,Boleto,Pago
2025-05-20,e3445f63,Plano Avançado,1162.52,746.66,Boleto,Pendente
2025-05-20,d2f63bb1,Plano Avançado,1163.9,660.2,Cartão de Crédito,Pago
2025-05-20,ef39a43c,Consultoria Financeira,1315.93,502.68,Cartão de Crédito,Pendente
2025-05-20,9e842c39,Consultoria Financeira,1259.31,384.34,Boleto,Pendente
2025-05-20,b9322c5f,Plano Avançado,1169.05,390.7,Cartão de Crédito,Pendente
2025-05-20,cd692f1a,Auditoria Contábil,1232.61,577.56,Pix,Pago
2025-05-20,ef39a43c,Plano Intermediário,574.89,377.74,Transferência,Pago
2025-05-20,44b4830b,Consultoria Financeira,1147.73,463.42,Pix,Pago
2025-05-20,7675fac6,Auditoria Contábil,1304.9,589.65,Boleto,Pago
2025-05-20,df74f82a,Plano Intermediário,544.34,299.2,Cartão de Crédito,Pago
2025-05-20,5fe2102d,Auditoria Contábil,1260.6,584.62,Transferência,Pago
2025-05-20,0371adaf,Plano Intermediário,491.81,205.47,Boleto,Pago
2025-05-20,c6a8f08d,Plano Básico,469.65,319.07,Boleto,Pago
2025-05-20,9e842c39,Plano Básico,245.51,158.94,Pix,Cancelado
2025-05-20,bd9acbb3,Plano Básico,339.91,168.25,Transferência,Pendente
2025-05-20,234ce6aa,Plano Intermediário,711.42,334.43,Boleto,Pendente
2025-05-20,58fa93e2,Plano Avançado,1215.03,375.43,Cartão de Crédito,Pago
2025-05-20,8884a6a4,Plano Avançado,1230.78,681.1,Cartão de Crédito,Pendente
