data,id_cliente,produto,valor_venda,custo,meio_pagamento,status_pagamento
2025-05-07,da560193,Plano Básico,198.55,76.25,Transferência,Pago
2025-05-07,69a69b35,Consultoria Financeira,1131.86,400.96,Transferência,Pago
2025-05-07,91953d5e,Consultoria Financeira,1296.78,464.57,Boleto,Pendente
2025-05-07,14d5d4bf,Plano Básico,399.38,244.86,Boleto,Pago
2025-05-07,3572e701,Plano Intermediário,837.39,565.23,Boleto,Cancelado
2025-05-07,de946ab3,Consultoria Financeira,1114.76,442.98,Cartão de Crédito,Pago
2025-05-07,bfa26e2d,Plano Avançado,1247.54,794.53,Boleto,Pendente
2025-05-07,e11548e5,Plano Avançado,1122.82,750.06,Boleto,Pago
2025-05-07,e9227863,Plano Básico,460.95,258.18,Transferência,Pago
2025-05-07,0f77cc0f,Consultoria Financeira,1117.79,515.19,Transferência,Pago
2025-05-07,63ee329b,Auditoria Contábil,1078.07,345.51,Pix,Pago
2025-05-07,64adcc21,Plano Intermediário,593.58,273.28,Pix,Pago
2025-05-07,27ddd74f,Plano Básico,299.02,131.65,Cartão de Crédito,Pago
2025-05-07,360ab68d,Consultoria Financeira,1267.09,457.88,Transferência,Pago
2025-05-07,5adf9642,Consultoria Financeira,1260.38,562.91,Cartão de Crédito,Pago
2025-05-07,fc732816,Plano Avançado,1097.26,679.62,Boleto,Pago
2025-05-07,163a3e98,Plano Intermediário,662.67,386.26,Boleto,Pago
2025-05-07,71645e64,Plano Básico,250.35,85.7,Cartão de Crédito,Pago
2025-05-07,1dd73ec3,Consultoria Financeira,1084.65,597.95,Pix,Pago
2025-05-07,2a5aaa20,Plano Avançado,1148.17,610.17,Cartão de Crédito,Pendente
2025-05-07,da462287,Auditoria Contábil,1332.53,885.52,Transferência,Pendente
2025-05-07,eb7bf608,Consultoria Financeira,1072.81,484.35,Cartão de Crédito,Pendente
2025-05-07,4d3f9f70,Plano Intermediário,721.14,459.55,Cartão de Crédito,Pendente
2025-05-07,8a5de1a7,Consultoria Financeira,1335.11,863.45,Cartão de Crédito,Pendente
2025-05-07,bfa26e2d,Plano Básico,429.27,282.28,Transferência,Pago
2025-05-07,53dda9e7,Plano Avançado,1366.37,823.61,Boleto,Pago
2025-05-07,4d3f9f70,Plano Básico,330.52,179.37,Cartão de Crédito,Pago
2025-05-07,186cc208,Plano Intermediário,744.74,437.94,Transferência,Pago
2025-05-07,360ab68d,Auditoria Contábil,1149.88,384.58,Pix,Pago
2025-05-07,07f7efa5,Auditoria Contábil,1070.94,465.85,Boleto,Pago
2025-05-07,405479fd,Plano Intermediário,685.67,210.66,Pix,Pago
2025-05-07,37164a6b,Plano Avançado,1309.65,717.47,Boleto,Pago
2025-05-07,fe8b9235,Plano Básico,80.87,45.72,Boleto,Pago
2025-05-07,5adf9642,Consultoria Financeira,1154.02,401.82,Cartão de Crédito,Pago
2025-05-07,c72662a8,Plano Intermediário,754.34,483.24,Transferência,Pago
2025-05-07,71645e64,Auditoria Contábil,1200.31,831.3,Pix,Pago
2025-05-07,69a69b35,Plano Intermediário,823.0,278.96,Boleto,Pago
2025-05-07,e11548e5,Plano Básico,398.27,175.24,Transferência,Pago
2025-05-07,9ea8ac4b,Plano Básico,159.99,107.41,Transferência,Pago
2025-05-07,14d5d4bf,Consultoria Financeira,1208.28,648.06,Pix,Pago
2025-05-07,29c41e63,Plano Avançado,1127.18,632.45,Pix,Pago
2025-05-07,e31cf753,Plano Avançado,1126.02,717.81,Transferência,Pago
2025-05-07,ef39a43c,Plano Básico,166.54,62.95,Boleto,Pago
2025-05-07,f6a2c989,Auditoria Contábil,1224.02,740.38,Pix,Pago
2025-05-07,de946ab3,Plano Intermediário,825.31,483.17,Cartão de Crédito,Pago
2025-05-07,65bb5f82,Plano Intermediário,732.69,474.12,Cartão de Crédito,Pago
2025-05-07,91953d5e,Plano Intermediário,561.07,265.3,Boleto,Pago
2025-05-07,9f671442,Plano Avançado,1194.85,426.7,Boleto,Pago
2025-05-07,b4fc9431,Plano Básico,350.31,159.66,Cartão de Crédito,Pago
2025-05-07,3572e701,Auditoria Contábil,1187.67,768.71,Transferência,Cancelado
2025-05-07,2ed6ef07,Plano Básico,330.9,215.91,Pix,Pendente
2025-05-07,9e842c39,Plano Básico,234.43,138.27,Boleto,Pendente
2025-05-07,ac40ed62,Plano Avançado,1176.43,499.52,Cartão de Crédito,Pago
2025-05-07,4a94313e,Plano Intermediário,670.55,331.32,Boleto,Pago
2025-05-07,58fa93e2,Plano Avançado,1345.28,822.19,Pix,Pago
2025-05-07,d25f4939,Auditoria Contábil,1099.16,495.15,Transferência,Pago
2025-05-07,bd9acbb3,Plano Avançado,991.41,443.1,Pix,Pago
2025-05-07,76b5d5b5,Plano Avançado,1337.85,594.95,Transferência,Pendente
2025-05-07,945c8852,Auditoria Contábil,1211.58,617.54,Pix,Pago
2025-05-07,53dda9e7,Auditoria Contábil,1080.2,443.97,Boleto,Pago
2025-05-07,0da75a0d,Plano Intermediário,788.71,531.09,Cartão de Crédito,Pago
2025-05-07,e3445f63,Plano Intermediário,756.48,422.94,Pix,Pago
2025-05-07,d93c0874,Plano Básico,463.58,144.51,Cartão de Crédito,Pendente
2025-05-07,8b520075,Plano Básico,319.26,165.47,Transferência,Pendente
2025-05-07,8519c9b9,Auditoria Contábil,1439.21,638.68,Pix,Cancelado
2025-05-07,68819479,Plano Intermediário,688.52,335.08,Transferência,Pendente
2025-05-07,d25f4939,Plano Avançado,1256.68,403.5,Pix,Pago
2025-05-07,2c43fd10,Plano Avançado,1271.14,504.96,Cartão de Crédito,Pago
2025-05-07,69694584,Plano Avançado,1511.29,903.6,Boleto,Pago
2025-05-07,91953d5e,Auditoria Contábil,1157.62,560.62,Transferência,Pago
2025-05-07,3572e701,Consultoria Financeira,1154.66,478.62,Cartão de Crédito,Pago
2025-05-07,89567f21,Auditoria Contábil,1273.28,713.53,Transferência,Pago
2025-05-07,856c4622,Plano Intermediário,572.58,360.61,Transferência,Pago
2025-05-07,160977e3,Plano Avançado,1126.58,461.3,Boleto,Pago
2025-05-07,1dd73ec3,Plano Avançado,1185.85,820.61,Boleto,Pago
2025-05-07,e6e04fe5,Plano Básico,459.83,139.3,Pix,Pago
2025-05-07,5fe2102d,Plano Básico,373.35,189.39,Transferência,Pago
2025-05-07,84833a28,Auditoria Contábil,1207.66,807.09,Cartão de Crédito,Cancelado
2025-05-07,b322eeac,Plano Avançado,1148.82,789.66,Cartão de Crédito,Cancelado
2025-05-07,d34ea5cb,Consultoria Financeira,989.53,670.91,Boleto,Pago
2025-05-07,85050e16,Consultoria Financeira,1404.22,799.62,Transferência,Pago
2025-05-07,8519c9b9,Consultoria Financeira,1194.21,473.02,Pix,Pago
2025-05-07,fa1fca51,Plano Avançado,1126.49,549.64,Transferência,Pago
2025-05-07,34588043,Auditoria Contábil,1427.71,632.06,Pix,Pago
2025-05-07,72592469,Auditoria Contábil,1076.55,393.7,Cartão de Crédito,Pago
2025-05-07,1ec260d5,Plano Avançado,1328.81,751.58,Cartão de Crédito,Pago
2025-05-07,1ec260d5,Plano Avançado,1201.45,523.05,Transferência,Pago
2025-05-07,ac40ed62,Consultoria Financeira,1273.1,874.81,Cartão de Crédito,Pago
2025-05-07,bb3d4eda,Plano Básico,353.84,232.1,Cartão de Crédito,Pago
2025-05-07,8dd779c0,Plano Avançado,1271.57,395.63,Transferência,Pago
2025-05-07,9f671442,Consultoria Financeira,1439.44,573.85,Pix,Cancelado
2025-05-07,f4574bde,Plano Básico,518.51,271.13,Boleto,Cancelado
2025-05-07,1543f02f,Plano Básico,231.33,138.12,Cartão de Crédito,Pago
2025-05-07,e9227863,Plano Intermediário,749.91,251.41,Transferência,Pago
2025-05-07,8884a6a4,Auditoria Contábil,1030.77,479.79,Transferência,Pago
2025-05-07,1fd8d42c,Plano Intermediário,782.81,545.04,Pix,Pago
2025-05-07,f4574bde,Auditoria Contábil,1307.11,537.43,Pix,Pendente
2025-05-07,3e465ec4,Plano Básico,92.55,44.08,Transferência,Pendente
2025-05-07,d2f63bb1,Plano Básico,297.8,191.42,Transferência,Pago
2025-05-07,b4947d3a,Auditoria Contábil,1272.91,485.49,Pix,Pago
2025-05-07,d55456f6,Plano Básico,335.12,217.61,Boleto,Pago
2025-05-07,4c93ecbf,Plano Intermediário,578.34,291.97,Pix,Pago
2025-05-07,3e3f9af2,Plano Intermediário,587.85,397.55,Transferência,Pago
2025-05-07,7be9fda6,Plano Básico,286.15,183.89,Pix,Pago
2025-05-07,1ec260d5,Plano Básico,257.61,118.09,Boleto,Pago
2025-05-07,8dcc5eb7,Plano Básico,266.48,121.04,Boleto,Pago
2025-05-07,2a5aaa20,Consultoria Financeira,1065.89,710.06,Boleto,Pendente
2025-05-07,cf1ebe05,Consultoria Financeira,1203.14,836.6,Boleto,Pendente
2025-05-07,1345c41b,Consultoria Financeira,1360.76,661.48,Pix,Cancelado
2025-05-07,4f8c8ffe,Auditoria Contábil,1082.11,734.78,Transferência,Pendente
2025-05-07,04ac6356,Consultoria Financeira,1178.03,714.76,Boleto,Pago
2025-05-07,7fe9431e,Plano Básico,360.95,212.45,Cartão de Crédito,Pago
2025-05-07,d93c0874,Plano Intermediário,544.46,368.33,Cartão de Crédito,Pago
2025-05-07,f6a2c989,Auditoria Contábil,1204.13,734.35,Cartão de Crédito,Pago
2025-05-07,b4947d3a,Plano Avançado,1303.72,684.27,Boleto,Cancelado
2025-05-07,71645e64,Plano Avançado,1100.64,385.72,Transferência,Pago
2025-05-07,723e148d,Plano Básico,313.59,160.5,Pix,Pago
2025-05-07,bcf6c281,Plano Intermediário,795.63,547.02,Boleto,Pago
2025-05-07,07f7efa5,Auditoria Contábil,1432.47,707.19,Pix,Pago
2025-05-07,e9227863,Plano Básico,308.45,196.31,Pix,Pago
2025-05-07,76b5d5b5,Plano Intermediário,628.64,439.26,Pix,Pendente
2025-05-07,186cc208,Plano Avançado,1017.92,674.54,Boleto,Cancelado
2025-05-07,de42cc92,Auditoria Contábil,1129.42,425.22,Cartão de Crédito,Pago
2025-05-07,0d34ba05,Auditoria Contábil,1060.8,335.67,Pix,Pago
2025-05-07,34588043,Plano Intermediário,870.41,382.04,Transferência,Pago
2025-05-07,699833e9,Plano Avançado,1288.92,875.84,Pix,Pago
2025-05-07,63ee329b,Plano Avançado,1087.82,442.98,Transferência,Pendente
2025-05-07,65bb5f82,Consultoria Financeira,1123.31,756.68,Pix,Cancelado
2025-05-07,5239936f,Plano Intermediário,706.81,428.71,Transferência,Pago
2025-05-07,72592469,Auditoria Contábil,1302.88,728.32,Transferência,Pago
2025-05-07,c72662a8,Plano Básico,350.17,240.77,Boleto,Pago
2025-05-07,5adf9642,Plano Intermediário,740.02,375.08,Cartão de Crédito,Pago
2025-05-07,4d3f9f70,Consultoria Financeira,1220.17,423.19,Pix,Pago
2025-05-07,e024c907,Plano Intermediário,592.63,318.24,Boleto,Pendente
2025-05-07,34588043,Consultoria Financeira,1208.11,595.59,Pix,Pendente
2025-05-07,d55456f6,Auditoria Contábil,1196.01,813.53,Transferência,Pago
2025-05-07,06019269,Plano Básico,159.58,72.36,Pix,Pendente
2025-05-07,5239936f,Plano Básico,467.34,253.07,Cartão de Crédito,Pago
2025-05-07,723e148d,Consultoria Financeira,1141.05,478.75,Pix,Pago
2025-05-07,8d9c0793,Auditoria Contábil,1061.94,728.92,Cartão de Crédito,Pago
2025-05-07,5fa4df12,Consultoria Financeira,1156.38,407.34,Transferência,Pago
2025-05-07,4de403bd,Plano Intermediário,674.24,262.09,Pix,Pendente
2025-05-07,dd91e604,Plano Básico,293.04,179.4,Boleto,Pago
2025-05-07,27ddd74f,Plano Básico,272.63,91.03,Cartão de Crédito,Pago
2025-05-07,63ee329b,Plano Básico,298.57,186.02,Transferência,Pendente
2025-05-07,ac40ed62,Auditoria Contábil,1214.96,779.77,Boleto,Pago
2025-05-07,04ac6356,Auditoria Contábil,1209.78,693.53,Pix,Pago
2025-05-07,ea61cc7f,Auditoria Contábil,1239.26,623.83,Pix,Pago
2025-05-07,de42cc92,Auditoria Contábil,1245.36,489.63,Cartão de Crédito,Pendente
2025-05-07,d4cba754,Consultoria Financeira,1247.95,863.96,Pix,Pendente
2025-05-07,ac40ed62,Plano Básico,372.89,135.09,Cartão de Crédito,Pendente
2025-05-07,1345c41b,Plano Básico,230.76,142.38,Boleto,Pago
2025-05-07,e11548e5,Auditoria Contábil,1134.1,425.02,Transferência,Pago
2025-05-07,b4947d3a,Plano Avançado,1303.39,680.17,Pix,Pago
2025-05-07,65bb5f82,Plano Intermediário,659.25,435.54,Transferência,Pago
2025-05-07,df74f82a,Plano Intermediário,687.57,390.35,Transferência,Pago
2025-05-07,9ae0fade,Auditoria Contábil,1178.86,772.52,Boleto,Pago
2025-05-07,b4fc9431,Plano Básico,527.58,198.05,Boleto,Pago
2025-05-07,5a66b672,Plano Intermediário,614.78,382.39,Transferência,Pendente
2025-05-07,d55456f6,Plano Intermediário,613.07,321.04,Cartão de Crédito,Pago
2025-05-07,5adf9642,Plano Avançado,1198.91,600.79,Boleto,Pago
2025-05-07,6c605674,Auditoria Contábil,1181.59,512.39,Boleto,Pago
2025-05-07,6c605674,Consultoria Financeira,1086.98,552.98,Boleto,Pendente
2025-05-07,0801ddf7,Plano Intermediário,690.8,417.52,Transferência,Pago
2025-05-07,2a5aaa20,Plano Básico,301.6,176.5,Pix,Pago
2025-05-07,d2f63bb1,Plano Avançado,1149.64,692.05,Pix,Pago
2025-05-07,50989097,Plano Básico,284.94,194.35,Boleto,Pago
2025-05-07,d34ea5cb,Auditoria Contábil,1123.39,419.61,Pix,Pago
2025-05-07,58fa93e2,Plano Básico,187.19,99.36,Pix,Pago
2025-05-07,fc732816,Consultoria Financeira,1158.54,670.57,Cartão de Crédito,Pago
2025-05-07,9f671442,Auditoria Contábil,1100.48,576.7,Cartão de Crédito,Pago
2025-05-07,07f7efa5,Auditoria Contábil,1069.84,561.5,Transferência,Pago
2025-05-07,bc7e9946,Consultoria Financeira,1014.7,306.79,Boleto,Pago
2025-05-07,2c46ff5e,Auditoria Contábil,1221.87,816.23,Boleto,Pago
2025-05-07,06019269,Auditoria Contábil,1155.37,471.71,Boleto,Cancelado
2025-05-07,8fd2de20,Plano Intermediário,804.04,524.78,Boleto,Pago
2025-05-07,f5534c19,Consultoria Financeira,1004.5,679.81,Cartão de Crédito,Pago
2025-05-07,4edd1840,Plano Avançado,1163.11,660.25,Cartão de Crédito,Cancelado
2025-05-07,a810c961,Auditoria Contábil,1221.38,566.87,Pix,Pago
2025-05-07,877afd71,Plano Básico,236.46,89.01,Boleto,Pago
2025-05-07,8884a6a4,Plano Intermediário,695.87,428.8,Pix,Pago
2025-05-07,de42cc92,Plano Intermediário,515.34,233.76,Pix,Pago
2025-05-07,352fbcce,Auditoria Contábil,1157.13,742.6,Transferência,Pendente
2025-05-07,163a3e98,Auditoria Contábil,1115.36,387.03,Transferência,Pago
2025-05-07,805310ba,Auditoria Contábil,1292.57,518.06,Boleto,Pago
2025-05-07,0da75a0d,Auditoria Contábil,1214.95,623.75,Pix,Pago
2025-05-07,e31cf753,Plano Intermediário,777.08,418.5,Cartão de Crédito,Pago
2025-05-07,9e03667d,Plano Intermediário,815.98,415.59,Boleto,Pago
2025-05-07,8af7aae3,Plano Básico,249.4,86.47,Cartão de Crédito,Pago
2025-05-07,d2f63bb1,Consultoria Financeira,1210.72,816.79,Boleto,Pago
2025-05-07,85050e16,Plano Avançado,1092.15,462.35,Transferência,Pago
2025-05-07,1345c41b,Plano Básico,336.04,134.12,Boleto,Pago
2025-05-07,0f77cc0f,Consultoria Financeira,1250.43,393.31,Pix,Pago
2025-05-07,34da685d,Consultoria Financeira,1229.1,466.9,Pix,Pago
