data,id_cliente,produto,valor_venda,custo,meio_pagamento,status_pagamento
2025-05-21,1e76fa0e,Plano Básico,349.67,207.28,Transferência,Pago
2025-05-21,63ee329b,Plano Básico,286.17,154.38,Boleto,Pago
2025-05-21,85050e16,Plano Básico,276.58,89.4,Boleto,Pago
2025-05-21,bd89e3a3,Auditoria Contábil,1176.59,760.63,Boleto,Pago
2025-05-21,3e210845,Auditoria Contábil,1357.92,418.56,Pix,Pago
2025-05-21,c1005960,Plano Avançado,1276.74,878.35,Boleto,Pendente
2025-05-21,809e8137,Consultoria Financeira,1153.05,429.78,Transferência,Pago
2025-05-21,1dd73ec3,Plano Avançado,1254.26,468.29,Boleto,Pago
2025-05-21,d013ff9d,Plano Avançado,1224.2,578.77,Transferência,Pago
2025-05-21,bd5fc63d,Consultoria Financeira,1008.67,420.1,Boleto,Cancelado
2025-05-21,8b520075,Plano Básico,198.72,82.84,Transferência,Pendente
2025-05-21,14d5d4bf,Plano Avançado,1231.42,549.88,Cartão de Crédito,Pago
2025-05-21,bd5fc63d,Plano Intermediário,846.56,321.58,Transferência,Cancelado
2025-05-21,e024c907,Plano Básico,277.42,140.29,Pix,Pago
2025-05-21,7fe9431e,Plano Avançado,1145.56,622.06,Cartão de Crédito,Pago
2025-05-21,ea61cc7f,Plano Avançado,1211.09,445.94,Boleto,Pago
2025-05-21,b98e2b98,Auditoria Contábil,1139.94,653.98,Cartão de Crédito,Pago
2025-05-21,34da685d,Plano Avançado,1170.83,557.39,Cartão de Crédito,Pago
2025-05-21,fc732816,Plano Básico,298.65,93.7,Cartão de Crédito,Pendente
2025-05-21,4edd1840,Consultoria Financeira,1094.23,726.27,Transferência,Pago
2025-05-21,ac40ed62,Plano Avançado,1282.25,544.55,Cartão de Crédito,Pago
2025-05-21,b4baf750,Consultoria Financeira,1077.92,547.61,Cartão de Crédito,Pago
2025-05-21,88b9030f,Auditoria Contábil,1067.18,734.04,Transferência,Pago
2025-05-21,9f671442,Auditoria Contábil,1219.69,744.08,Pix,Pago
2025-05-21,63ee329b,Auditoria Contábil,1273.85,427.25,Pix,Pago
2025-05-21,69a69b35,Plano Básico,317.14,120.0,Cartão de Crédito,Pago
2025-05-21,04ac6356,Consultoria Financeira,1188.44,541.3,Boleto,Pago
2025-05-21,fec30ee1,Consultoria Financeira,1169.89,477.95,Transferência,Cancelado
2025-05-21,3572e701,Plano Básico,253.94,104.72,Transferência,Pendente
2025-05-21,bc7e9946,Plano Básico,405.71,209.78,Transferência,Pago
2025-05-21,91953d5e,Plano Básico,332.41,109.64,Transferência,Cancelado
2025-05-21,64952769,Plano Intermediário,661.49,459.57,Boleto,Pendente
2025-05-21,1345c41b,Auditoria Contábil,1132.31,342.19,Cartão de Crédito,Pago
2025-05-21,64952769,Plano Intermediário,761.17,476.63,Boleto,Pago
2025-05-21,5fa4df12,Plano Básico,403.1,245.29,Boleto,Pendente
2025-05-21,e6e04fe5,Plano Intermediário,793.13,261.43,Boleto,Pago
2025-05-21,ac40ed62,Plano Básico,216.08,139.42,Boleto,Pago
2025-05-21,65bb5f82,Auditoria Contábil,1169.08,642.2,Cartão de Crédito,Pago
2025-05-21,a6af877d,Auditoria Contábil,1152.08,488.93,Cartão de Crédito,Pago
2025-05-21,5239936f,Consultoria Financeira,1181.43,508.1,Cartão de Crédito,Pendente
2025-05-21,bd9b7985,Plano Intermediário,781.25,511.63,Transferência,Pago
2025-05-21,27ddd74f,Plano Avançado,1335.62,652.97,Pix,Pendente
2025-05-21,74c6dcec,Plano Básico,336.16,203.15,Cartão de Crédito,Pago
2025-05-21,cefd3c78,Plano Básico,235.49,123.52,Cartão de Crédito,Pago
2025-05-21,51dcc5b4,Plano Básico,296.42,150.91,Boleto,Pago
2025-05-21,85050e16,Plano Avançado,1356.46,638.91,Boleto,Pago
2025-05-21,43c9d6f5,Consultoria Financeira,1208.7,514.59,Cartão de Crédito,Pago
2025-05-21,e674add6,Auditoria Contábil,1170.1,589.06,Pix,Pago
2025-05-21,a6af877d,Consultoria Financeira,1178.03,546.79,Cartão de Crédito,Pago
2025-05-21,83e2e600,Consultoria Financeira,1235.71,744.17,Transferência,Pago
2025-05-21,838c0893,Plano Básico,219.15,147.24,Boleto,Pago
2025-05-21,6bffad7d,Plano Avançado,1149.82,716.62,Boleto,Pago
2025-05-21,bfa26e2d,Auditoria Contábil,1291.54,802.65,Pix,Pago
2025-05-21,e28e1db0,Plano Avançado,1232.88,461.87,Pix,Pago
2025-05-21,f3617404,Consultoria Financeira,1209.71,753.62,Boleto,Pago
2025-05-21,805310ba,Plano Básico,396.86,261.31,Boleto,Pendente
2025-05-21,4f8c8ffe,Plano Intermediário,629.79,246.36,Pix,Pago
2025-05-21,405479fd,Consultoria Financeira,1167.23,549.58,Boleto,Pago
2025-05-21,5fe2102d,Consultoria Financeira,1229.61,372.3,Transferência,Pendente
2025-05-21,91953d5e,Plano Avançado,1226.11,618.33,Pix,Pago
2025-05-21,5adf9642,Auditoria Contábil,1058.46,368.29,Pix,Pago
2025-05-21,11e08084,Plano Intermediário,657.94,286.23,Boleto,Pago
2025-05-21,805310ba,Plano Básico,283.87,144.07,Transferência,Pago
2025-05-21,2ed6ef07,Consultoria Financeira,1240.41,720.94,Cartão de Crédito,Pago
2025-05-21,37164a6b,Plano Básico,325.76,223.14,Cartão de Crédito,Pago
2025-05-21,65bb5f82,Plano Intermediário,692.56,277.52,Pix,Pago
2025-05-21,ac40ed62,Plano Intermediário,508.12,210.33,Boleto,Pago
2025-05-21,1543f02f,Auditoria Contábil,1197.35,376.87,Transferência,Pendente
2025-05-21,e31cf753,Plano Avançado,1206.02,386.64,Cartão de Crédito,Pago
2025-05-21,a810c961,Plano Avançado,1446.32,595.1,Pix,Pago
2025-05-21,c537a075,Plano Básico,280.76,100.5,Boleto,Pago
2025-05-21,699833e9,Plano Básico,330.15,163.68,Boleto,Pago
2025-05-21,bd89e3a3,Plano Avançado,1314.28,519.21,Cartão de Crédito,Pendente
2025-05-21,65bb5f82,Plano Intermediário,775.19,458.36,Transferência,Pago
2025-05-21,d4cba754,Auditoria Contábil,1340.28,741.73,Transferência,Pago
2025-05-21,f2f1883d,Auditoria Contábil,1059.81,545.07,Boleto,Pago
2025-05-21,9e03667d,Plano Avançado,1100.95,348.24,Boleto,Pendente
2025-05-21,aafa4686,Plano Avançado,1143.37,613.25,Boleto,Pendente
2025-05-21,d93c0874,Auditoria Contábil,1044.93,583.14,Cartão de Crédito,Pago
2025-05-21,8dcc5eb7,Plano Intermediário,706.86,261.36,Transferência,Pago
2025-05-21,7fe9431e,Plano Avançado,1108.06,747.6,Pix,Pago
2025-05-21,e11548e5,Plano Básico,454.99,161.53,Pix,Pendente
2025-05-21,bd5fc63d,Plano Básico,221.67,148.49,Transferência,Pendente
2025-05-21,8d9c0793,Plano Avançado,1167.79,760.16,Cartão de Crédito,Pago
2025-05-21,9e03667d,Consultoria Financeira,1281.35,803.26,Boleto,Pago
2025-05-21,de946ab3,Plano Intermediário,576.91,301.19,Boleto,Pendente
2025-05-21,2ed6ef07,Auditoria Contábil,1039.25,350.48,Cartão de Crédito,Pago
2025-05-21,111842ea,Plano Avançado,1218.46,802.83,Transferência,Pendente
2025-05-21,111842ea,Plano Avançado,1225.99,534.06,Cartão de Crédito,Pago
2025-05-21,856c4622,Plano Básico,378.18,166.28,Transferência,Pendente
2025-05-21,0c9111bd,Auditoria Contábil,1252.19,819.98,Cartão de Crédito,Pendente
2025-05-21,4f8c8ffe,Plano Intermediário,729.7,446.54,Cartão de Crédito,Pendente
2025-05-21,5fbc6417,Plano Intermediário,632.0,230.46,Transferência,Pendente
2025-05-21,0da75a0d,Plano Intermediário,723.23,476.91,Transferência,Pago
2025-05-21,f6a2c989,Plano Básico,329.31,99.46,Pix,Pendente
2025-05-21,9e842c39,Plano Intermediário,628.56,229.0,Cartão de Crédito,Pendente
2025-05-21,186cc208,Plano Avançado,1386.58,777.57,Transferência,Pendente
2025-05-21,50989097,Plano Intermediário,747.38,291.26,Boleto,Pago
2025-05-21,da560193,Plano Avançado,1102.53,474.26,Transferência,Pendente
2025-05-21,cfceac6d,Plano Avançado,1278.71,765.43,Transferência,Pago
2025-05-21,da560193,Auditoria Contábil,1296.34,729.9,Transferência,Pendente
2025-05-21,88019547,Plano Avançado,1241.28,654.56,Cartão de Crédito,Pago
2025-05-21,b4fc9431,Plano Básico,275.46,111.86,Boleto,Pago
2025-05-21,234ce6aa,Plano Avançado,1124.63,447.15,Pix,Pago
2025-05-21,37164a6b,Plano Básico,292.29,191.98,Pix,Pendente
2025-05-21,bfa26e2d,Plano Avançado,1234.12,681.8,Boleto,Pago
2025-05-21,5fe2102d,Auditoria Contábil,1201.3,637.6,Cartão de Crédito,Pago
2025-05-21,65bb5f82,Plano Avançado,1345.35,668.65,Transferência,Pago
2025-05-21,877afd71,Plano Avançado,1262.57,520.57,Transferência,Pago
2025-05-21,11255cd4,Consultoria Financeira,1114.28,345.12,Transferência,Pago
2025-05-21,dd91e604,Consultoria Financeira,1092.91,739.01,Pix,Pago
2025-05-21,34588043,Auditoria Contábil,1248.25,850.77,Transferência,Pago
2025-05-21,5fe2102d,Plano Avançado,1177.65,360.58,Transferência,Pago
2025-05-21,681d27d6,Auditoria Contábil,1271.4,853.53,Transferência,Pago
2025-05-21,cf1ebe05,Plano Intermediário,747.32,512.25,Pix,Pendente
2025-05-21,58fa93e2,Plano Intermediário,692.72,444.17,Boleto,Pago
2025-05-21,360ab68d,Auditoria Contábil,1115.32,714.31,Transferência,Pago
2025-05-21,c537a075,Plano Intermediário,548.52,234.09,Transferência,Pago
2025-05-21,d34ea5cb,Plano Intermediário,721.41,486.56,Boleto,Pago
2025-05-21,a6af877d,Auditoria Contábil,1075.43,622.04,Boleto,Pago
2025-05-21,5f4d6138,Auditoria Contábil,1111.61,606.94,Cartão de Crédito,Pago
2025-05-21,8a5de1a7,Consultoria Financeira,1215.37,845.92,Pix,Pago
2025-05-21,f2f1883d,Plano Básico,305.82,199.07,Boleto,Pendente
2025-05-21,29c41e63,Plano Intermediário,585.7,349.26,Pix,Pago
2025-05-21,88b9030f,Plano Básico,408.31,181.21,Pix,Pago
2025-05-21,f4574bde,Auditoria Contábil,1305.38,544.91,Transferência,Cancelado
2025-05-21,cf1ebe05,Auditoria Contábil,1251.5,809.51,Pix,Pendente
2025-05-21,cd692f1a,Consultoria Financeira,1251.38,832.54,Cartão de Crédito,Pago
2025-05-21,a6af877d,Consultoria Financeira,1251.5,775.08,Transferência,Pendente
2025-05-21,8d9c0793,Plano Avançado,1585.27,887.73,Pix,Pago
2025-05-21,2c43fd10,Consultoria Financeira,1295.4,849.79,Boleto,Pago
2025-05-21,4f8c8ffe,Plano Avançado,1265.14,550.59,Transferência,Pago
2025-05-21,805310ba,Plano Básico,222.72,118.33,Cartão de Crédito,Pago
2025-05-21,8a5de1a7,Plano Intermediário,676.32,212.62,Cartão de Crédito,Pago
2025-05-21,0c9111bd,Plano Avançado,1431.47,593.51,Pix,Pago
2025-05-21,e31cf753,Consultoria Financeira,1013.27,543.45,Pix,Pendente
2025-05-21,2ed6ef07,Plano Básico,252.81,88.69,Pix,Pago
2025-05-21,76b5d5b5,Plano Avançado,1308.9,666.1,Pix,Pendente
2025-05-21,1543f02f,Auditoria Contábil,1128.47,619.71,Cartão de Crédito,Pago
2025-05-21,5c88b44f,Consultoria Financeira,1267.96,423.67,Pix,Pago
2025-05-21,cefd3c78,Consultoria Financeira,1204.56,621.86,Cartão de Crédito,Pendente
2025-05-21,f5534c19,Auditoria Contábil,1134.84,629.8,Boleto,Pendente
2025-05-21,0f1b8a1f,Auditoria Contábil,997.49,616.52,Boleto,Pago
2025-05-21,9f671442,Plano Intermediário,718.65,293.45,Pix,Pago
2025-05-21,5a66b672,Consultoria Financeira,1120.75,347.59,Transferência,Pago
2025-05-21,11255cd4,Plano Avançado,1188.53,814.21,Pix,Pago
2025-05-21,1543f02f,Plano Avançado,1250.5,579.71,Boleto,Pago
2025-05-21,06019269,Auditoria Contábil,1286.58,475.16,Boleto,Cancelado
2025-05-21,d25f4939,Plano Intermediário,652.51,339.1,Boleto,Pendente
2025-05-21,d2f63bb1,Plano Básico,234.67,137.48,Boleto,Pendente
2025-05-21,1ec260d5,Plano Básico,173.91,118.6,Cartão de Crédito,Pago
2025-05-21,a6af877d,Plano Básico,391.79,233.18,Cartão de Crédito,Pago
2025-05-21,e517e12f,Plano Avançado,1412.22,660.69,Cartão de Crédito,Pago
2025-05-21,06019269,Plano Básico,403.25,160.93,Cartão de Crédito,Cancelado
2025-05-21,4d3f9f70,Auditoria Contábil,1326.69,405.65,Boleto,Pendente
2025-05-21,df74f82a,Consultoria Financeira,1129.23,391.2,Pix,Pendente
2025-05-21,d34ea5cb,Plano Básico,344.38,168.63,Cartão de Crédito,Pago
2025-05-21,cfceac6d,Plano Avançado,1277.46,433.23,Boleto,Pendente
2025-05-21,699833e9,Plano Básico,-24.13,-8.91,Transferência,Pago
2025-05-21,360ab68d,Plano Avançado,1097.56,519.74,Boleto,Pago
2025-05-21,bc7e9946,Plano Básico,463.24,256.65,Pix,Pendente
2025-05-21,4d3f9f70,Consultoria Financeira,1056.99,336.25,Transferência,Pago
2025-05-21,186cc208,Plano Intermediário,844.13,423.12,Pix,Pago
2025-05-21,69694584,Plano Avançado,1056.41,678.84,Pix,Pago
2025-05-21,5adf9642,Auditoria Contábil,1101.85,361.66,Transferência,Pago
2025-05-21,163a3e98,Plano Básico,346.21,192.83,Transferência,Pendente
2025-05-21,163a3e98,Consultoria Financeira,1206.98,816.03,Pix,Pago
2025-05-21,71645e64,Plano Avançado,1161.47,615.8,Cartão de Crédito,Pago
2025-05-21,76b5d5b5,Plano Avançado,1358.6,656.61,Transferência,Pago
2025-05-21,fec30ee1,Plano Avançado,1076.22,557.75,Boleto,Pago
2025-05-21,bfa26e2d,Plano Básico,284.82,194.95,Cartão de Crédito,Pago
2025-05-21,5fa4df12,Auditoria Contábil,1258.83,833.52,Cartão de Crédito,Pago
2025-05-21,e7704e2a,Consultoria Financeira,1228.1,403.4,Pix,Pendente
2025-05-21,2c46ff5e,Plano Avançado,1137.73,486.48,Cartão de Crédito,Pago
2025-05-21,163a3e98,Plano Avançado,1141.06,396.25,Transferência,Pago
2025-05-21,03bbe434,Plano Avançado,1284.96,743.6,Pix,Cancelado
2025-05-21,cd692f1a,Plano Avançado,1289.96,766.27,Transferência,Pago
2025-05-21,5c88b44f,Plano Avançado,1230.73,764.77,Transferência,Pago
2025-05-21,7be9fda6,Plano Intermediário,617.1,370.41,Transferência,Pago
2025-05-21,a69c7843,Plano Intermediário,643.98,401.03,Cartão de Crédito,Pago
2025-05-21,df99804c,Plano Avançado,1197.91,537.63,Transferência,Cancelado
2025-05-21,dd91e604,Plano Avançado,1211.73,739.84,Cartão de Crédito,Pago
2025-05-21,e9227863,Plano Básico,354.71,228.21,Cartão de Crédito,Pago
2025-05-21,e11548e5,Auditoria Contábil,1179.78,556.38,Transferência,Pago
2025-05-21,f5534c19,Consultoria Financeira,1282.54,437.67,Boleto,Pendente
2025-05-21,fd634e85,Plano Avançado,1281.35,847.0,Pix,Pago
2025-05-21,bc7e9946,Plano Intermediário,830.55,355.49,Boleto,Pago
2025-05-21,0801ddf7,Plano Básico,302.1,198.85,Boleto,Pago
2025-05-21,6c605674,Auditoria Contábil,1232.42,838.34,Boleto,Pago
2025-05-21,699833e9,Plano Avançado,1186.99,628.36,Boleto,Cancelado
2025-05-21,07f7efa5,Auditoria Contábil,1118.18,466.6,Pix,Pago
2025-05-21,14d5d4bf,Plano Intermediário,909.24,392.31,Pix,Pago
2025-05-21,cf1ebe05,Plano Avançado,1315.81,811.37,Pix,Pago
2025-05-21,14d5d4bf,Plano Básico,379.17,233.51,Boleto,Pendente
2025-05-21,ea61cc7f,Plano Intermediário,698.78,225.72,Transferência,Pago
2025-05-21,809e8137,Plano Intermediário,610.27,317.23,Cartão de Crédito,Pago
2025-05-21,809e8137,Plano Básico,397.51,175.05,Pix,Pago
2025-05-21,fec30ee1,Consultoria Financeira,1185.29,411.09,Transferência,Pago
2025-05-21,ef39a43c,Plano Avançado,1241.29,679.34,Pix,Pago
2025-05-21,e024c907,Plano Avançado,1143.63,389.35,Cartão de Crédito,Pago
2025-05-21,8884a6a4,Plano Intermediário,724.5,238.44,Cartão de Crédito,Pendente
2025-05-21,8af7aae3,Plano Básico,249.31,156.75,Boleto,Pago
2025-05-21,e6e04fe5,Auditoria Contábil,1152.9,384.99,Transferência,Pago
2025-05-21,838c0893,Plano Avançado,1223.2,849.7,Pix,Pendente
2025-05-21,f42064ce,Auditoria Contábil,1055.19,659.62,Pix,Pago
2025-05-21,01e0c209,Plano Básico,159.25,108.11,Pix,Pago
2025-05-21,8dcc5eb7,Plano Avançado,1128.16,689.15,Boleto,Pago
2025-05-21,3e3f9af2,Auditoria Contábil,1178.66,616.87,Boleto,Cancelado
2025-05-21,3e3f9af2,Plano Avançado,1285.77,442.92,Boleto,Pendente
2025-05-21,34588043,Consultoria Financeira,1184.01,588.51,Pix,Pendente
2025-05-21,e28e1db0,Auditoria Contábil,1198.15,386.43,Pix,Pago
2025-05-21,5fa4df12,Plano Básico,271.13,94.23,Pix,Pago
2025-05-21,de962a39,Plano Avançado,1232.27,737.41,Boleto,Pendente
2025-05-21,902164d4,Consultoria Financeira,1117.28,595.9,Pix,Pago
2025-05-21,da560193,Auditoria Contábil,1189.12,492.63,Boleto,Pago
2025-05-21,4edd1840,Plano Avançado,1240.17,802.94,Transferência,Pago
2025-05-21,cfceac6d,Consultoria Financeira,1222.41,402.81,Boleto,Pago
2025-05-21,805310ba,Consultoria Financeira,1201.26,626.51,Pix,Pago
2025-05-21,4c93ecbf,Plano Avançado,1202.45,663.46,Pix,Pago
2025-05-21,da462287,Plano Básico,349.8,202.29,Cartão de Crédito,Pago
2025-05-21,a810c961,Plano Avançado,1415.32,755.39,Pix,Pendente
2025-05-21,3268a45e,Plano Básico,223.27,147.46,Boleto,Cancelado
2025-05-21,5239936f,Plano Intermediário,918.98,377.66,Cartão de Crédito,Pago
2025-05-21,8fd2de20,Auditoria Contábil,1119.17,419.97,Pix,Pago
2025-05-21,88019547,Consultoria Financeira,987.61,526.85,Boleto,Pago
2025-05-21,14c536e1,Consultoria Financeira,1147.42,379.9,Transferência,Pago
2025-05-21,5c88b44f,Consultoria Financeira,1234.18,523.06,Pix,Cancelado
2025-05-21,163a3e98,Consultoria Financeira,1387.62,867.98,Cartão de Crédito,Pago
2025-05-21,01e0c209,Auditoria Contábil,1110.16,737.56,Cartão de Crédito,Pendente
2025-05-21,2c43fd10,Consultoria Financeira,1249.19,785.76,Transferência,Pendente
2025-05-21,bd89e3a3,Plano Avançado,1067.98,718.85,Boleto,Pago
