data,id_cliente,produto,valor_venda,custo,meio_pagamento,status_pagamento
2025-04-29,877afd71,Plano Intermediário,624.45,284.66,Pix,Pago
2025-04-29,4ac7ffdb,Auditoria Contábil,1189.8,709.88,Cartão de Crédito,Cancelado
2025-04-29,fe8b9235,Plano Básico,142.7,76.79,Transferência,Pago
2025-04-29,b98e2b98,Auditoria Contábil,1094.75,710.36,Pix,Pago
2025-04-29,9e03667d,Plano Básico,287.11,104.31,Pix,Pago
2025-04-29,ea61cc7f,Plano Intermediário,649.09,375.27,Pix,Pago
2025-04-29,4331374a,Auditoria Contábil,1230.57,510.04,Pix,Pago
2025-04-29,b9322c5f,Auditoria Contábil,1126.87,427.72,Cartão de Crédito,Pago
2025-04-29,d55456f6,Plano Avançado,1162.46,573.6,Boleto,Pendente
2025-04-29,1fd8d42c,Plano Avançado,1195.12,598.06,Boleto,Pendente
2025-04-29,03bbe434,Plano Básico,219.23,98.78,Transferência,Pago
2025-04-29,5a66b672,Plano Intermediário,660.84,375.96,Pix,Pago
2025-04-29,88b9030f,Auditoria Contábil,1216.28,651.85,Cartão de Crédito,Pago
2025-04-29,64952769,Plano Intermediário,849.5,323.02,Boleto,Pago
2025-04-29,163a3e98,Plano Intermediário,619.77,247.73,Boleto,Pago
2025-04-29,da560193,Auditoria Contábil,1149.54,448.27,Transferência,Pago
2025-04-29,69694584,Auditoria Contábil,1472.19,998.11,Transferência,Pago
2025-04-29,809e8137,Plano Básico,384.45,145.41,Cartão de Crédito,Pendente
2025-04-29,bd9b7985,Plano Intermediário,810.17,424.61,Transferência,Pago
2025-04-29,03bbe434,Consultoria Financeira,1249.2,502.18,Cartão de Crédito,Pago
2025-04-29,7d8188f3,Plano Avançado,1307.29,417.03,Boleto,Pago
2025-04-29,111842ea,Consultoria Financeira,1114.66,432.17,Transferência,Pendente
2025-04-29,5f4d6138,Consultoria Financeira,1296.53,625.09,Cartão de Crédito,Pago
2025-04-29,c537a075,Plano Avançado,1270.43,735.87,Transferência,Pendente
2025-04-29,111842ea,Plano Intermediário,590.24,271.07,Pix,Pendente
2025-04-29,7be9fda6,Plano Avançado,1163.84,619.15,Transferência,Pago
2025-04-29,b64c91ff,Plano Avançado,993.16,499.88,Cartão de Crédito,Cancelado
2025-04-29,6bffad7d,Plano Básico,308.94,95.64,Boleto,Pago
2025-04-29,e6e04fe5,Consultoria Financeira,1294.53,675.2,Transferência,Pendente
2025-04-29,ff83af04,Auditoria Contábil,1144.74,549.74,Boleto,Pendente
2025-04-29,5adf9642,Plano Básico,200.28,90.78,Transferência,Pago
2025-04-29,723e148d,Auditoria Contábil,1094.1,693.91,Cartão de Crédito,Pendente
2025-04-29,2c43fd10,Plano Avançado,1193.66,545.91,Cartão de Crédito,Pago
2025-04-29,723e148d,Plano Básico,348.28,222.42,Transferência,Pago
2025-04-29,53dda9e7,Plano Básico,452.0,177.35,Transferência,Pago
2025-04-29,1dd73ec3,Plano Intermediário,486.42,290.59,Transferência,Pago
2025-04-29,68819479,Plano Avançado,1337.23,818.78,Transferência,Pendente
2025-04-29,877afd71,Consultoria Financeira,1214.2,468.68,Cartão de Crédito,Pendente
2025-04-29,2a5aaa20,Plano Básico,389.32,170.69,Boleto,Pago
2025-04-29,91953d5e,Auditoria Contábil,1264.19,466.54,Pix,Pago
2025-04-29,877afd71,Auditoria Contábil,1199.59,528.99,Boleto,Pago
2025-04-29,d34ea5cb,Plano Intermediário,695.87,363.22,Boleto,Pago
2025-04-29,d34ea5cb,Consultoria Financeira,1233.43,497.2,Cartão de Crédito,Pago
2025-04-29,0d3cb43f,Plano Avançado,1171.0,457.36,Cartão de Crédito,Pago
2025-04-29,0c9111bd,Plano Básico,278.55,107.53,Boleto,Cancelado
2025-04-29,c537a075,Auditoria Contábil,839.89,343.3,Pix,Pendente
2025-04-29,11255cd4,Consultoria Financeira,1253.28,762.04,Boleto,Pago
2025-04-29,f42064ce,Consultoria Financeira,1119.45,542.86,Boleto,Pago
2025-04-29,b64c91ff,Plano Intermediário,799.44,284.05,Boleto,Cancelado
2025-04-29,e3445f63,Auditoria Contábil,1290.23,885.71,Boleto,Pago
2025-04-29,0371adaf,Plano Básico,250.01,93.62,Cartão de Crédito,Pendente
2025-04-29,68819479,Plano Básico,354.3,124.1,Cartão de Crédito,Pago
2025-04-29,de962a39,Consultoria Financeira,1240.97,605.42,Pix,Pago
2025-04-29,84833a28,Auditoria Contábil,1140.3,699.2,Boleto,Cancelado
2025-04-29,0371adaf,Plano Básico,361.84,207.89,Cartão de Crédito,Pago
2025-04-29,0f77cc0f,Plano Avançado,1345.56,413.55,Cartão de Crédito,Pendente
2025-04-29,f3617404,Plano Avançado,1303.17,395.82,Boleto,Pendente
2025-04-29,68819479,Auditoria Contábil,1059.11,331.7,Transferência,Pago
2025-04-29,b4947d3a,Plano Intermediário,744.49,302.37,Cartão de Crédito,Pago
2025-04-29,0801ddf7,Plano Avançado,1285.07,739.15,Boleto,Pago
2025-04-29,bd9b7985,Consultoria Financeira,1134.3,356.64,Cartão de Crédito,Pago
2025-04-29,e674add6,Plano Intermediário,799.46,538.13,Cartão de Crédito,Pago
2025-04-29,bd89e3a3,Plano Intermediário,623.82,309.88,Boleto,Pago
2025-04-29,2c43fd10,Plano Avançado,1170.03,710.66,Transferência,Pago
2025-04-29,2c46ff5e,Plano Avançado,1127.32,447.64,Boleto,Pago
2025-04-29,5adf9642,Plano Avançado,1112.24,774.86,Cartão de Crédito,Pago
2025-04-29,0c9111bd,Plano Básico,333.27,223.33,Transferência,Pago
2025-04-29,7d8188f3,Plano Avançado,1066.69,382.68,Cartão de Crédito,Pago
2025-04-29,b4baf750,Consultoria Financeira,1175.27,650.66,Pix,Cancelado
2025-04-29,d93c0874,Plano Básico,333.32,201.44,Boleto,Pago
2025-04-29,f5534c19,Consultoria Financeira,1128.59,417.86,Boleto,Pendente
2025-04-29,dd91e604,Plano Básico,417.84,195.78,Cartão de Crédito,Pago
2025-04-29,b4baf750,Auditoria Contábil,1182.8,609.15,Boleto,Pendente
2025-04-29,64952769,Plano Básico,443.82,309.81,Pix,Pago
2025-04-29,91953d5e,Plano Básico,463.72,206.86,Transferência,Pendente
2025-04-29,405479fd,Plano Básico,156.86,71.7,Cartão de Crédito,Pendente
2025-04-29,e517e12f,Plano Avançado,1237.26,639.59,Transferência,Pago
2025-04-29,d421c1e5,Auditoria Contábil,1216.65,738.94,Cartão de Crédito,Pago
2025-04-29,4d3f9f70,Consultoria Financeira,1159.58,465.16,Pix,Pago
2025-04-29,b054bf90,Plano Intermediário,700.18,354.96,Cartão de Crédito,Cancelado
2025-04-29,b4fc9431,Plano Avançado,1471.03,986.03,Boleto,Pago
2025-04-29,e9227863,Auditoria Contábil,1251.99,698.78,Boleto,Pendente
2025-04-29,b894acf6,Plano Intermediário,770.94,473.32,Transferência,Pago
2025-04-29,0801ddf7,Auditoria Contábil,1185.94,450.66,Cartão de Crédito,Pago
2025-04-29,405479fd,Plano Intermediário,738.57,386.98,Transferência,Pago
2025-04-29,877afd71,Plano Básico,219.01,134.88,Boleto,Pago
2025-04-29,74c6dcec,Plano Básico,372.98,259.05,Boleto,Pago
2025-04-29,699833e9,Auditoria Contábil,1339.19,687.59,Boleto,Pendente
2025-04-29,ef39a43c,Auditoria Contábil,1281.0,874.72,Cartão de Crédito,Pendente
2025-04-29,b322eeac,Consultoria Financeira,1127.51,652.51,Transferência,Pago
2025-04-29,4a94313e,Consultoria Financeira,1104.39,492.3,Pix,Pendente
2025-04-29,fd634e85,Consultoria Financeira,1431.76,631.7,Transferência,Pendente
2025-04-29,0d3cb43f,Auditoria Contábil,1331.42,760.78,Pix,Pago
2025-04-29,69694584,Plano Avançado,1271.33,482.3,Cartão de Crédito,Pago
2025-04-29,352fbcce,Auditoria Contábil,1346.79,660.31,Pix,Pago
2025-04-29,ac40ed62,Plano Intermediário,696.97,358.7,Cartão de Crédito,Pago
2025-04-29,2a5aaa20,Plano Avançado,1269.38,588.66,Boleto,Pendente
2025-04-29,eb7bf608,Auditoria Contábil,1316.65,866.57,Cartão de Crédito,Cancelado
2025-04-29,bfa26e2d,Plano Básico,270.96,160.38,Cartão de Crédito,Pendente
2025-04-29,e746ca72,Plano Avançado,1244.41,777.02,Cartão de Crédito,Pendente
2025-04-29,d421c1e5,Consultoria Financeira,1304.01,451.4,Boleto,Pago
2025-04-29,f6a2c989,Plano Básico,198.11,91.67,Pix,Pago
2025-04-29,8d9c0793,Plano Básico,261.39,140.22,Pix,Pendente
2025-04-29,e3445f63,Consultoria Financeira,1301.52,652.72,Cartão de Crédito,Pago
2025-04-29,eb7bf608,Auditoria Contábil,1219.34,392.99,Cartão de Crédito,Pago
2025-04-29,29c41e63,Plano Avançado,1205.97,638.66,Transferência,Pago
2025-04-29,69694584,Plano Intermediário,694.22,230.07,Boleto,Pendente
2025-04-29,84833a28,Plano Básico,412.78,216.39,Transferência,Cancelado
2025-04-29,360ab68d,Plano Básico,207.49,132.71,Cartão de Crédito,Pendente
2025-04-29,699833e9,Auditoria Contábil,1154.98,587.47,Pix,Pago
2025-04-29,cd692f1a,Plano Intermediário,565.95,375.97,Pix,Pago
2025-04-29,de42cc92,Auditoria Contábil,1168.02,431.97,Cartão de Crédito,Pago
2025-04-29,4ac7ffdb,Plano Básico,314.43,127.45,Pix,Pago
2025-04-29,234ce6aa,Consultoria Financeira,1016.63,390.33,Boleto,Pendente
2025-04-29,1dd73ec3,Plano Básico,220.4,71.25,Pix,Pendente
2025-04-29,fa1fca51,Plano Intermediário,719.19,322.84,Cartão de Crédito,Pendente
2025-04-29,4edd1840,Auditoria Contábil,1242.8,583.06,Transferência,Cancelado
2025-04-29,c537a075,Plano Básico,472.31,248.58,Transferência,Pendente
2025-04-29,945c8852,Plano Avançado,1257.71,404.93,Pix,Pago
2025-04-29,44b4830b,Auditoria Contábil,1182.2,673.09,Transferência,Pendente
2025-04-29,5c88b44f,Plano Básico,311.76,116.48,Boleto,Pendente
2025-04-29,4a94313e,Consultoria Financeira,1215.14,508.38,Cartão de Crédito,Pago
2025-04-29,856c4622,Auditoria Contábil,1155.13,721.66,Pix,Pago
2025-04-29,5c901b8a,Plano Básico,323.43,190.04,Boleto,Pago
2025-04-29,64952769,Consultoria Financeira,1150.58,675.51,Cartão de Crédito,Pago
2025-04-29,27ddd74f,Plano Intermediário,728.38,416.58,Transferência,Pendente
2025-04-29,5fbc6417,Plano Básico,294.12,105.74,Boleto,Pago
2025-04-29,9ae0fade,Auditoria Contábil,1177.91,616.46,Transferência,Pago
2025-04-29,5f4d6138,Auditoria Contábil,1180.64,753.22,Boleto,Pendente
2025-04-29,72592469,Plano Básico,374.46,112.37,Pix,Pago
2025-04-29,7f123ea3,Auditoria Contábil,1264.19,428.28,Cartão de Crédito,Pendente
2025-04-29,cf1ebe05,Consultoria Financeira,1172.97,636.41,Cartão de Crédito,Pago
2025-04-29,fe8b9235,Plano Intermediário,770.35,268.86,Transferência,Pago
2025-04-29,71645e64,Consultoria Financeira,1192.22,458.78,Pix,Pago
2025-04-29,1fd8d42c,Plano Intermediário,693.71,285.21,Boleto,Pago
2025-04-29,b894acf6,Plano Intermediário,655.21,424.55,Pix,Pendente
2025-04-29,0da75a0d,Plano Intermediário,859.3,440.62,Cartão de Crédito,Pago
2025-04-29,85daef29,Plano Básico,446.52,150.36,Pix,Pago
2025-04-29,a6af877d,Consultoria Financeira,1134.93,555.11,Boleto,Cancelado
2025-04-29,699833e9,Auditoria Contábil,1167.34,666.38,Boleto,Pendente
2025-04-29,b4fc9431,Plano Básico,336.02,226.96,Pix,Pendente
2025-04-29,3e3f9af2,Auditoria Contábil,1254.13,403.28,Transferência,Pago
2025-04-29,dd91e604,Plano Intermediário,599.94,259.39,Cartão de Crédito,Pago
2025-04-29,73af6a17,Plano Intermediário,614.49,250.66,Transferência,Pago
2025-04-29,b98e2b98,Plano Intermediário,415.0,209.56,Transferência,Pendente
2025-04-29,da560193,Plano Básico,354.46,201.72,Pix,Pago
2025-04-29,1b2bdc70,Consultoria Financeira,1058.37,387.87,Boleto,Pago
2025-04-29,4a94313e,Plano Básico,235.72,103.67,Boleto,Pago
2025-04-29,5fe2102d,Consultoria Financeira,1286.02,728.87,Boleto,Pago
2025-04-29,bcf6c281,Plano Intermediário,781.03,307.42,Transferência,Pago
2025-04-29,71645e64,Auditoria Contábil,1352.68,667.83,Transferência,Pago
2025-04-29,bfa26e2d,Plano Intermediário,890.26,462.93,Pix,Pago
2025-04-29,856c4622,Auditoria Contábil,1482.42,869.0,Transferência,Pago
2025-04-29,0f1b8a1f,Plano Básico,264.58,90.98,Cartão de Crédito,Pendente
2025-04-29,72592469,Plano Básico,241.79,78.98,Cartão de Crédito,Pendente
2025-04-29,11e08084,Auditoria Contábil,1239.9,856.07,Boleto,Cancelado
2025-04-29,d013ff9d,Consultoria Financeira,1067.99,527.73,Transferência,Pago
2025-04-29,e11548e5,Plano Intermediário,676.12,427.36,Pix,Pago
2025-04-29,bd9acbb3,Plano Básico,314.16,138.72,Pix,Pago
2025-04-29,4d3f9f70,Plano Intermediário,747.53,404.66,Pix,Pago
2025-04-29,7675fac6,Auditoria Contábil,1258.45,815.68,Cartão de Crédito,Pendente
2025-04-29,f3617404,Plano Básico,273.19,142.96,Cartão de Crédito,Pago
2025-04-29,5fa4df12,Auditoria Contábil,1080.58,338.62,Cartão de Crédito,Pago
2025-04-29,dd91e604,Plano Avançado,1098.74,688.17,Pix,Pago
2025-04-29,8884a6a4,Plano Avançado,1006.46,491.6,Pix,Pendente
2025-04-29,53dda9e7,Auditoria Contábil,1145.08,718.53,Pix,Pago
2025-04-29,9f671442,Plano Intermediário,565.99,254.39,Cartão de Crédito,Pendente
2025-04-29,ff83af04,Plano Intermediário,651.43,282.18,Transferência,Pago
2025-04-29,cefd3c78,Plano Intermediário,738.88,362.53,Pix,Cancelado
2025-04-29,6f084a1f,Consultoria Financeira,1082.61,699.67,Pix,Pago
2025-04-29,07f7efa5,Consultoria Financeira,1208.56,731.4,Pix,Pago
2025-04-29,c72662a8,Consultoria Financeira,1172.16,707.74,Cartão de Crédito,Pendente
2025-04-29,4c93ecbf,Plano Intermediário,733.51,492.28,Boleto,Pago
2025-04-29,5fe2102d,Consultoria Financeira,1256.48,544.13,Cartão de Crédito,Pago
2025-04-29,b98e2b98,Plano Intermediário,666.21,201.72,Cartão de Crédito,Pago
2025-04-29,11255cd4,Plano Intermediário,700.22,277.32,Boleto,Cancelado
2025-04-29,8519c9b9,Plano Avançado,1172.54,434.8,Boleto,Pendente
2025-04-29,805310ba,Consultoria Financeira,1154.28,359.45,Boleto,Pago
2025-04-29,c72662a8,Auditoria Contábil,1131.09,752.05,Cartão de Crédito,Pago
2025-04-29,69694584,Plano Intermediário,746.77,490.72,Boleto,Cancelado
2025-04-29,63ee329b,Plano Avançado,1331.06,402.16,Pix,Cancelado
2025-04-29,bd9b7985,Auditoria Contábil,1317.11,914.01,Boleto,Pago
2025-04-29,9ea8ac4b,Plano Avançado,1074.34,706.33,Cartão de Crédito,Pago
2025-04-29,5239936f,Auditoria Contábil,1328.92,553.64,Transferência,Pendente
2025-04-29,b9322c5f,Plano Intermediário,609.38,407.54,Cartão de Crédito,Pendente
2025-04-29,16b27319,Plano Avançado,1214.2,432.63,Boleto,Cancelado
2025-04-29,8dd779c0,Plano Intermediário,731.37,442.94,Pix,Cancelado
2025-04-29,01e0c209,Plano Avançado,1051.54,575.97,Transferência,Pago
2025-04-29,1345c41b,Auditoria Contábil,1182.54,782.26,Transferência,Pendente
2025-04-29,0f77cc0f,Auditoria Contábil,1336.02,619.83,Boleto,Pago
2025-04-29,84833a28,Plano Avançado,978.14,468.58,Pix,Pago
2025-04-29,bd89e3a3,Consultoria Financeira,1441.88,879.66,Boleto,Pago
2025-04-29,d4cba754,Plano Básico,102.79,41.45,Transferência,Pendente
2025-04-29,4f8c8ffe,Auditoria Contábil,1228.8,387.19,Pix,Pago
2025-04-29,0801ddf7,Plano Intermediário,555.61,199.6,Cartão de Crédito,Pago
2025-04-29,4331374a,Consultoria Financeira,1244.49,698.82,Transferência,Pago
2025-04-29,f3617404,Auditoria Contábil,1312.1,657.93,Boleto,Pago
2025-04-29,360ab68d,Consultoria Financeira,1280.56,842.12,Pix,Pago
2025-04-29,71645e64,Consultoria Financeira,1058.45,733.69,Cartão de Crédito,Pendente
2025-04-29,df74f82a,Consultoria Financeira,1297.79,531.65,Pix,Pago
2025-04-29,14c536e1,Plano Intermediário,672.96,217.19,Transferência,Pago
2025-04-29,d34ea5cb,Consultoria Financeira,1061.02,733.59,Boleto,Pendente
2025-04-29,9ea8ac4b,Plano Avançado,1335.2,750.81,Boleto,Pago
2025-04-29,b64c91ff,Plano Intermediário,909.94,453.89,Transferência,Pago
2025-04-29,4ac7ffdb,Plano Básico,309.13,181.3,Transferência,Pendente
2025-04-29,5c901b8a,Consultoria Financeira,1161.95,542.28,Transferência,Pago
2025-04-29,ac40ed62,Plano Básico,221.99,86.25,Boleto,Pago
2025-04-29,4a94313e,Plano Avançado,1273.53,464.29,Cartão de Crédito,Pendente
2025-04-29,bc7e9946,Plano Avançado,1303.02,822.42,Transferência,Pago
2025-04-29,68819479,Consultoria Financeira,1162.0,526.54,Pix,Pago
2025-04-29,d34ea5cb,Plano Intermediário,859.74,340.87,Transferência,Pendente
2025-04-29,0f77cc0f,Plano Avançado,1264.47,464.38,Cartão de Crédito,Pago
2025-04-29,7fe9431e,Plano Intermediário,707.99,490.33,Transferência,Pendente
2025-04-29,29c41e63,Plano Intermediário,732.09,318.53,Boleto,Pago
2025-04-29,4a94313e,Plano Avançado,1101.21,445.42,Boleto,Pago
2025-04-29,11255cd4,Plano Intermediário,772.3,389.83,Transferência,Pago
2025-04-29,df99804c,Plano Intermediário,607.11,245.97,Transferência,Pago
2025-04-29,df74f82a,Plano Intermediário,649.59,204.17,Pix,Pendente
2025-04-29,29c41e63,Plano Intermediário,692.71,233.93,Transferência,Pago
2025-04-29,53dda9e7,Plano Avançado,1388.93,512.07,Boleto,Pago
2025-04-29,bd89e3a3,Plano Básico,323.82,109.35,Pix,Pago
2025-04-29,5fbc6417,Consultoria Financeira,1115.92,671.46,Transferência,Cancelado
