data,id_cliente,produto,valor_venda,custo,meio_pagamento,status_pagamento
2025-04-28,11255cd4,Plano Básico,332.48,109.45,Transferência,Pendente
2025-04-28,cfceac6d,Plano Avançado,1258.06,790.63,Transferência,Pago
2025-04-28,dd91e604,Plano Avançado,1320.92,713.69,Boleto,Pendente
2025-04-28,ff83af04,Auditoria Contábil,1197.57,685.89,Boleto,Pendente
2025-04-28,1e76fa0e,Consultoria Financeira,1129.26,356.6,Pix,Pago
2025-04-28,d34ea5cb,Auditoria Contábil,1420.99,434.52,Transferência,Pago
2025-04-28,4ac7ffdb,Plano Básico,332.7,175.29,Boleto,Pendente
2025-04-28,ea61cc7f,Consultoria Financeira,1116.49,582.11,Transferência,Pago
2025-04-28,11e08084,Consultoria Financeira,1196.7,801.61,Boleto,Pago
2025-04-28,11255cd4,Plano Intermediário,649.63,298.2,Boleto,Pago
2025-04-28,34588043,Plano Avançado,1327.79,814.69,Cartão de Crédito,Pendente
2025-04-28,a6af877d,Auditoria Contábil,1257.05,638.22,Boleto,Pago
2025-04-28,9f671442,Consultoria Financeira,1168.72,766.07,Transferência,Pago
2025-04-28,14d5d4bf,Plano Avançado,1303.09,516.14,Cartão de Crédito,Pago
2025-04-28,0d3cb43f,Plano Básico,288.64,178.45,Transferência,Cancelado
2025-04-28,73af6a17,Plano Básico,294.41,137.44,Transferência,Pago
2025-04-28,8a5de1a7,Auditoria Contábil,1126.71,744.26,Boleto,Pago
2025-04-28,68819479,Consultoria Financeira,1125.98,713.38,Boleto,Pago
2025-04-28,a810c961,Consultoria Financeira,1412.1,691.55,Boleto,Pago
2025-04-28,a810c961,Plano Intermediário,797.78,364.32,Transferência,Pago
2025-04-28,63ee329b,Plano Avançado,1018.8,508.65,Pix,Pago
2025-04-28,11255cd4,Auditoria Contábil,1104.93,533.74,Pix,Pendente
2025-04-28,74c6dcec,Auditoria Contábil,1085.81,548.61,Pix,Pago
2025-04-28,4a94313e,Plano Intermediário,705.99,280.26,Pix,Pago
2025-04-28,37164a6b,Plano Avançado,1158.51,637.94,Transferência,Pago
2025-04-28,cefd3c78,Auditoria Contábil,1350.2,798.02,Pix,Cancelado
2025-04-28,64adcc21,Auditoria Contábil,1167.34,531.33,Transferência,Pago
2025-04-28,f5534c19,Plano Avançado,1398.54,629.88,Boleto,Cancelado
2025-04-28,8dd779c0,Consultoria Financeira,1191.62,762.22,Transferência,Pago
2025-04-28,51dcc5b4,Plano Básico,525.4,341.45,Boleto,Pago
2025-04-28,e6e04fe5,Plano Avançado,1179.77,651.42,Cartão de Crédito,Pago
2025-04-28,e024c907,Plano Básico,281.68,118.44,Cartão de Crédito,Pago
2025-04-28,88019547,Plano Avançado,1295.32,492.98,Transferência,Pago
2025-04-28,51dcc5b4,Plano Avançado,1278.91,503.48,Transferência,Pago
2025-04-28,69694584,Plano Intermediário,570.69,240.93,Pix,Pago
2025-04-28,e28e1db0,Plano Básico,308.39,132.17,Transferência,Pago
2025-04-28,69694584,Auditoria Contábil,1157.63,712.43,Pix,Pago
2025-04-28,14d5d4bf,Consultoria Financeira,1151.08,422.31,Cartão de Crédito,Pago
2025-04-28,de946ab3,Plano Intermediário,707.9,488.73,Pix,Pago
2025-04-28,8d9c0793,Consultoria Financeira,1171.18,506.52,Transferência,Pago
2025-04-28,89567f21,Plano Básico,318.3,210.89,Cartão de Crédito,Pago
2025-04-28,ff83af04,Plano Intermediário,600.85,368.7,Transferência,Pago
2025-04-28,65bb5f82,Auditoria Contábil,1049.7,542.43,Cartão de Crédito,Pendente
2025-04-28,34588043,Auditoria Contábil,1299.57,437.3,Boleto,Pago
2025-04-28,bfa26e2d,Plano Básico,416.44,285.68,Cartão de Crédito,Pago
2025-04-28,8af7aae3,Plano Básico,392.57,158.66,Transferência,Pago
2025-04-28,d55456f6,Consultoria Financeira,1203.43,701.26,Boleto,Pendente
2025-04-28,69694584,Plano Intermediário,663.75,408.98,Pix,Pago
2025-04-28,809e8137,Plano Intermediário,638.16,322.29,Pix,Pago
2025-04-28,9ea8ac4b,Plano Intermediário,620.51,268.21,Pix,Pago
2025-04-28,0d34ba05,Plano Básico,291.73,180.82,Pix,Pago
2025-04-28,e28e1db0,Plano Avançado,1313.62,699.17,Pix,Pago
2025-04-28,5a66b672,Plano Avançado,1130.26,714.96,Transferência,Pago
2025-04-28,34da685d,Plano Intermediário,813.82,333.53,Boleto,Pago
2025-04-28,14d5d4bf,Plano Básico,154.12,75.55,Pix,Pago
2025-04-28,83e2e600,Auditoria Contábil,1223.51,522.77,Cartão de Crédito,Pago
2025-04-28,1fd8d42c,Plano Básico,344.04,238.65,Cartão de Crédito,Pago
2025-04-28,07f7efa5,Consultoria Financeira,1147.9,353.51,Cartão de Crédito,Pago
2025-04-28,53dda9e7,Plano Intermediário,594.96,188.12,Cartão de Crédito,Pago
2025-04-28,3e210845,Plano Intermediário,784.61,361.83,Cartão de Crédito,Cancelado
2025-04-28,e3445f63,Plano Avançado,1204.19,781.95,Cartão de Crédito,Pago
2025-04-28,df74f82a,Auditoria Contábil,1463.67,488.28,Cartão de Crédito,Pago
2025-04-28,b98e2b98,Plano Básico,415.35,235.77,Pix,Pendente
2025-04-28,83e2e600,Auditoria Contábil,1316.26,891.02,Boleto,Pago
2025-04-28,4f8c8ffe,Auditoria Contábil,960.39,407.26,Cartão de Crédito,Pago
2025-04-28,4a94313e,Plano Avançado,1132.1,544.01,Transferência,Pago
2025-04-28,163a3e98,Auditoria Contábil,1084.26,749.99,Cartão de Crédito,Pago
2025-04-28,e6e04fe5,Plano Avançado,1001.92,336.1,Pix,Pago
2025-04-28,e674add6,Consultoria Financeira,1196.17,657.29,Pix,Pago
2025-04-28,1fd8d42c,Plano Avançado,1281.88,810.24,Cartão de Crédito,Pendente
2025-04-28,fd634e85,Plano Avançado,1103.66,511.89,Transferência,Pendente
2025-04-28,df74f82a,Consultoria Financeira,1006.79,452.95,Boleto,Pago
2025-04-28,b894acf6,Auditoria Contábil,1111.11,608.49,Pix,Pago
2025-04-28,fd634e85,Plano Intermediário,684.03,244.52,Pix,Pago
2025-04-28,9ae0fade,Plano Avançado,1176.77,502.06,Cartão de Crédito,Pago
2025-04-28,fec30ee1,Consultoria Financeira,1201.05,685.65,Pix,Pago
2025-04-28,405479fd,Consultoria Financeira,1241.87,806.77,Transferência,Pago
2025-04-28,85daef29,Auditoria Contábil,1198.6,531.73,Cartão de Crédito,Pago
2025-04-28,e3445f63,Plano Básico,387.9,257.26,Cartão de Crédito,Pendente
2025-04-28,b4baf750,Plano Básico,205.35,80.96,Cartão de Crédito,Pago
2025-04-28,bd5fc63d,Plano Avançado,1172.7,809.83,Pix,Pago
2025-04-28,53dda9e7,Consultoria Financeira,1258.5,519.14,Pix,Pago
2025-04-28,ea61cc7f,Plano Avançado,1228.12,603.19,Transferência,Pago
2025-04-28,8d9c0793,Auditoria Contábil,1383.26,538.64,Pix,Pendente
2025-04-28,c537a075,Plano Básico,209.15,109.0,Cartão de Crédito,Pago
2025-04-28,e9227863,Plano Intermediário,760.41,305.15,Pix,Pago
2025-04-28,fd634e85,Auditoria Contábil,1137.0,529.42,Transferência,Pago
2025-04-28,65bb5f82,Plano Avançado,1126.58,442.85,Cartão de Crédito,Cancelado
2025-04-28,6bffad7d,Auditoria Contábil,1308.45,765.21,Boleto,Pago
2025-04-28,89567f21,Auditoria Contábil,1197.48,637.04,Cartão de Crédito,Pendente
2025-04-28,6bffad7d,Auditoria Contábil,1226.38,449.55,Transferência,Pago
2025-04-28,2c46ff5e,Plano Avançado,1144.12,703.12,Cartão de Crédito,Pago
2025-04-28,f2f1883d,Auditoria Contábil,1149.56,506.02,Cartão de Crédito,Pago
2025-04-28,d34ea5cb,Plano Básico,148.01,95.25,Pix,Cancelado
2025-04-28,3e465ec4,Plano Intermediário,718.21,256.28,Pix,Pago
2025-04-28,88019547,Plano Intermediário,596.4,347.06,Pix,Pago
2025-04-28,89567f21,Plano Intermediário,685.83,339.65,Boleto,Pago
2025-04-28,07f7efa5,Consultoria Financeira,1287.78,864.06,Pix,Pago
2025-04-28,360ab68d,Plano Intermediário,523.19,277.99,Boleto,Pago
2025-04-28,cfceac6d,Plano Básico,599.28,345.0,Boleto,Pago
2025-04-28,c72662a8,Plano Básico,224.68,138.06,Cartão de Crédito,Pendente
2025-04-28,111842ea,Plano Básico,288.64,130.11,Boleto,Pago
2025-04-28,e674add6,Plano Avançado,1226.25,799.58,Pix,Pendente
2025-04-28,d34ea5cb,Auditoria Contábil,1121.58,734.75,Cartão de Crédito,Pago
2025-04-28,fd634e85,Plano Intermediário,652.92,352.98,Pix,Pago
2025-04-28,ea61cc7f,Auditoria Contábil,1312.12,711.86,Boleto,Pago
2025-04-28,91953d5e,Plano Avançado,1275.7,639.5,Boleto,Pago
2025-04-28,84833a28,Plano Intermediário,674.74,327.87,Boleto,Pago
2025-04-28,6f084a1f,Auditoria Contábil,1199.82,445.56,Pix,Pago
2025-04-28,63ee329b,Plano Avançado,1214.0,613.35,Boleto,Pago
2025-04-28,11255cd4,Plano Intermediário,755.74,465.11,Cartão de Crédito,Pago
2025-04-28,8b520075,Plano Intermediário,763.22,445.12,Boleto,Pendente
2025-04-28,0f1b8a1f,Plano Intermediário,760.41,499.88,Transferência,Cancelado
2025-04-28,d25f4939,Consultoria Financeira,1159.0,437.71,Boleto,Pendente
2025-04-28,58fa93e2,Plano Básico,310.77,173.58,Cartão de Crédito,Pago
2025-04-28,ac40ed62,Auditoria Contábil,1299.82,673.5,Transferência,Pago
2025-04-28,8dd779c0,Auditoria Contábil,1420.65,711.83,Pix,Pendente
2025-04-28,945c8852,Plano Básico,307.96,152.97,Cartão de Crédito,Cancelado
2025-04-28,07f7efa5,Plano Intermediário,645.96,234.83,Transferência,Pago
2025-04-28,de42cc92,Auditoria Contábil,1119.85,423.6,Transferência,Pago
2025-04-28,5c901b8a,Plano Avançado,1261.23,686.2,Cartão de Crédito,Pago
2025-04-28,5fbc6417,Plano Avançado,1044.06,377.52,Boleto,Pendente
2025-04-28,7d8188f3,Plano Intermediário,762.29,301.05,Boleto,Pago
2025-04-28,df99804c,Plano Básico,364.15,151.29,Pix,Pago
2025-04-28,4331374a,Plano Intermediário,649.34,303.44,Pix,Pago
2025-04-28,71645e64,Plano Avançado,1223.99,641.03,Boleto,Pago
2025-04-28,14d5d4bf,Plano Básico,277.93,150.2,Pix,Pago
2025-04-28,3e465ec4,Consultoria Financeira,1066.73,459.71,Pix,Pendente
2025-04-28,6f084a1f,Consultoria Financeira,1254.46,538.72,Cartão de Crédito,Pago
2025-04-28,84833a28,Auditoria Contábil,1244.94,791.11,Boleto,Pago
2025-04-28,5a66b672,Plano Intermediário,656.74,435.52,Boleto,Pago
2025-04-28,fd722556,Plano Avançado,1418.57,631.65,Boleto,Pago
2025-04-28,877afd71,Plano Básico,300.64,145.02,Transferência,Pendente
2025-04-28,c72662a8,Consultoria Financeira,1015.17,444.41,Pix,Pago
2025-04-28,e6e04fe5,Auditoria Contábil,1305.61,837.15,Boleto,Pago
2025-04-28,0f1b8a1f,Plano Avançado,1278.83,881.3,Transferência,Pago
2025-04-28,34588043,Plano Intermediário,791.41,362.23,Transferência,Pago
2025-04-28,4d3f9f70,Plano Intermediário,601.3,343.24,Transferência,Pago
2025-04-28,5fe2102d,Plano Básico,321.28,190.06,Boleto,Pago
2025-04-28,fc732816,Plano Básico,298.96,203.59,Boleto,Pago
2025-04-28,5fbc6417,Consultoria Financeira,1182.61,473.89,Cartão de Crédito,Pago
2025-04-28,da560193,Plano Avançado,1333.86,597.74,Boleto,Pago
2025-04-28,bcf6c281,Auditoria Contábil,1202.0,603.43,Boleto,Pago
2025-04-28,4c93ecbf,Plano Básico,260.02,132.64,Transferência,Pago
2025-04-28,b4a1b003,Auditoria Contábil,1159.07,544.28,Boleto,Pendente
2025-04-28,4d3f9f70,Plano Avançado,1094.39,486.14,Boleto,Pago
2025-04-28,d34ea5cb,Auditoria Contábil,1211.49,640.68,Boleto,Pago
2025-04-28,2a5aaa20,Plano Intermediário,842.73,540.36,Boleto,Pago
2025-04-28,50989097,Plano Avançado,1167.68,683.75,Boleto,Cancelado
2025-04-28,ef39a43c,Plano Avançado,1226.88,581.76,Transferência,Pago
2025-04-28,1ec260d5,Consultoria Financeira,1181.08,584.52,Cartão de Crédito,Pago
2025-04-28,d34ea5cb,Plano Básico,291.37,128.84,Boleto,Pago
2025-04-28,e28e1db0,Plano Avançado,1283.65,780.19,Transferência,Pago
2025-04-28,0d34ba05,Consultoria Financeira,1093.23,435.01,Transferência,Pago
2025-04-28,e31cf753,Plano Básico,152.33,60.72,Boleto,Pago
2025-04-28,27ddd74f,Plano Intermediário,805.78,244.64,Pix,Pago
2025-04-28,d4cba754,Plano Avançado,1146.79,624.85,Pix,Pendente
2025-04-28,bb3d4eda,Plano Intermediário,661.14,242.39,Boleto,Pago
2025-04-28,160977e3,Auditoria Contábil,1445.99,606.18,Cartão de Crédito,Pendente
2025-04-28,f6a2c989,Consultoria Financeira,1278.15,401.37,Boleto,Pago
2025-04-28,4ac7ffdb,Consultoria Financeira,1113.57,688.77,Pix,Pago
2025-04-28,eb7bf608,Plano Avançado,1313.56,620.91,Boleto,Pendente
2025-04-28,88019547,Plano Básico,380.67,222.77,Pix,Pago
2025-04-28,856c4622,Consultoria Financeira,905.69,370.79,Boleto,Pendente
2025-04-28,16b27319,Plano Básico,315.17,135.77,Transferência,Pago
2025-04-28,8884a6a4,Auditoria Contábil,1097.62,523.56,Boleto,Pendente
2025-04-28,699833e9,Plano Avançado,1191.16,652.89,Boleto,Pago
2025-04-28,856c4622,Plano Básico,521.07,269.75,Transferência,Pendente
2025-04-28,111842ea,Plano Avançado,1288.24,661.74,Boleto,Pendente
2025-04-28,1345c41b,Auditoria Contábil,1302.75,744.6,Pix,Pendente
2025-04-28,b4baf750,Auditoria Contábil,1181.28,549.42,Pix,Pago
2025-04-28,e7704e2a,Plano Básico,403.27,244.26,Cartão de Crédito,Pago
2025-04-28,d4cba754,Plano Básico,227.84,149.66,Pix,Pago
2025-04-28,85daef29,Plano Avançado,1213.89,379.11,Boleto,Pago
2025-04-28,34da685d,Plano Básico,383.15,261.02,Cartão de Crédito,Pago
2025-04-28,ef39a43c,Plano Básico,379.81,122.17,Pix,Pago
2025-04-28,4ac7ffdb,Plano Intermediário,557.58,241.02,Cartão de Crédito,Pendente
2025-04-28,64952769,Plano Avançado,1391.16,467.61,Pix,Pago
2025-04-28,58fa93e2,Auditoria Contábil,1109.73,379.33,Transferência,Pago
2025-04-28,88019547,Auditoria Contábil,1469.83,801.05,Pix,Pendente
2025-04-28,65bb5f82,Plano Avançado,1286.39,851.78,Cartão de Crédito,Pendente
2025-04-28,360ab68d,Plano Intermediário,776.91,360.32,Boleto,Pago
2025-04-28,e11548e5,Auditoria Contábil,1117.47,529.85,Pix,Pendente
2025-04-28,805310ba,Plano Intermediário,650.71,299.82,Boleto,Pago
2025-04-28,9ae0fade,Plano Intermediário,880.76,528.45,Boleto,Pago
2025-04-28,360ab68d,Plano Avançado,1364.14,687.47,Boleto,Pendente
2025-04-28,8884a6a4,Plano Básico,283.99,90.49,Cartão de Crédito,Pago
2025-04-28,f6a2c989,Auditoria Contábil,1175.66,684.29,Pix,Pendente
2025-04-28,1e76fa0e,Plano Básico,278.48,186.97,Pix,Cancelado
2025-04-28,5adf9642,Auditoria Contábil,1314.34,704.64,Transferência,Pendente
2025-04-28,37164a6b,Plano Básico,403.14,168.8,Boleto,Cancelado
2025-04-28,da560193,Plano Avançado,1238.82,547.19,Transferência,Pago
2025-04-28,4423823b,Plano Básico,314.88,146.08,Pix,Pendente
2025-04-28,de42cc92,Auditoria Contábil,1182.87,823.66,Cartão de Crédito,Pago
2025-04-28,d4cba754,Auditoria Contábil,1458.36,746.55,Transferência,Pago
2025-04-28,3572e701,Auditoria Contábil,1066.98,457.41,Cartão de Crédito,Pago
2025-04-28,5fbc6417,Plano Avançado,1162.36,709.86,Boleto,Pago
2025-04-28,64adcc21,Consultoria Financeira,1231.61,677.8,Boleto,Pendente
2025-04-28,e28e1db0,Plano Intermediário,549.28,353.68,Pix,Pago
2025-04-28,1345c41b,Auditoria Contábil,1144.33,663.8,Pix,Pago
2025-04-28,e7704e2a,Plano Básico,519.34,174.72,Cartão de Crédito,Pago
2025-04-28,7675fac6,Auditoria Contábil,1295.57,634.27,Transferência,Pendente
2025-04-28,01e0c209,Consultoria Financeira,1143.57,645.57,Cartão de Crédito,Pago
2025-04-28,c537a075,Consultoria Financeira,1140.73,758.02,Pix,Pago
2025-04-28,69a69b35,Plano Avançado,1067.64,597.34,Boleto,Pago
2025-04-28,50989097,Plano Básico,256.41,166.28,Transferência,Pendente
2025-04-28,73af6a17,Auditoria Contábil,1256.86,646.81,Pix,Pago
2025-04-28,9f671442,Plano Básico,338.29,203.23,Pix,Pendente
2025-04-28,0d3cb43f,Plano Intermediário,661.4,301.48,Cartão de Crédito,Pago
2025-04-28,3e3f9af2,Auditoria Contábil,1108.42,559.22,Cartão de Crédito,Pago
2025-04-28,8b520075,Plano Avançado,1181.57,523.5,Boleto,Pendente
2025-04-28,186cc208,Auditoria Contábil,1179.42,490.99,Pix,Pago
2025-04-28,8d9c0793,Plano Básico,380.97,260.93,Pix,Pago
2025-04-28,84833a28,Auditoria Contábil,1223.07,686.68,Pix,Pago
2025-04-28,88b9030f,Plano Avançado,1209.26,463.55,Pix,Pago
2025-04-28,74c6dcec,Auditoria Contábil,1324.29,675.22,Transferência,Pago
2025-04-28,cf1ebe05,Plano Básico,463.01,179.63,Cartão de Crédito,Pago
2025-04-28,2a5aaa20,Consultoria Financeira,1237.03,553.35,Cartão de Crédito,Pago
2025-04-28,de42cc92,Auditoria Contábil,1239.59,592.0,Cartão de Crédito,Pendente
2025-04-28,0c9111bd,Plano Avançado,1188.28,715.39,Cartão de Crédito,Pago
2025-04-28,fd634e85,Plano Intermediário,616.26,325.85,Transferência,Pago
