data,id_cliente,produto,valor_venda,custo,meio_pagamento,status_pagamento
2025-05-11,2ed6ef07,Plano Intermediário,685.3,452.96,Boleto,Pago
2025-05-11,fd634e85,Plano Intermediário,570.74,272.26,Pix,Pendente
2025-05-11,88b9030f,Consultoria Financeira,1146.78,366.22,Boleto,Pendente
2025-05-11,5fbc6417,Plano Avançado,1242.58,665.03,Boleto,Pago
2025-05-11,0f1b8a1f,Plano Básico,341.82,150.83,Transferência,Pago
2025-05-11,1b2bdc70,Consultoria Financeira,1225.26,772.37,Pix,Pago
2025-05-11,4ac7ffdb,Auditoria Contábil,1338.45,739.61,Boleto,Pago
2025-05-11,bd5fc63d,Auditoria Contábil,1246.65,580.51,Pix,Pago
2025-05-11,5adf9642,Auditoria Contábil,1334.62,911.78,Cartão de Crédito,Pago
2025-05-11,69a69b35,Plano Avançado,1427.24,554.05,Transferência,Pendente
2025-05-11,d93c0874,Plano Básico,388.9,214.0,Pix,Pago
2025-05-11,e517e12f,Plano Intermediário,571.17,184.96,Cartão de Crédito,Cancelado
2025-05-11,da560193,Plano Básico,329.27,178.38,Boleto,Pendente
2025-05-11,4423823b,Consultoria Financeira,1214.1,474.36,Pix,Pago
2025-05-11,c537a075,Plano Intermediário,858.86,486.64,Boleto,Pago
2025-05-11,d421c1e5,Plano Avançado,1188.85,434.34,Cartão de Crédito,Pago
2025-05-11,d013ff9d,Plano Avançado,1119.5,418.45,Cartão de Crédito,Pago
2025-05-11,5c901b8a,Consultoria Financeira,1152.24,369.25,Transferência,Pago
2025-05-11,bcf6c281,Plano Básico,174.49,80.11,Pix,Pendente
2025-05-11,4331374a,Plano Intermediário,407.06,184.44,Pix,Pago
2025-05-11,2c46ff5e,Plano Básico,505.3,321.2,Transferência,Cancelado
2025-05-11,8519c9b9,Plano Intermediário,701.88,227.98,Cartão de Crédito,Pendente
2025-05-11,68819479,Auditoria Contábil,1082.83,355.67,Boleto,Pago
2025-05-11,bb3d4eda,Plano Básico,469.57,305.79,Pix,Pago
2025-05-11,f5534c19,Plano Avançado,1389.73,727.04,Cartão de Crédito,Pago
2025-05-11,11e08084,Auditoria Contábil,1217.53,679.66,Boleto,Pago
2025-05-11,bd5fc63d,Auditoria Contábil,1066.33,339.34,Boleto,Pago
2025-05-11,0da75a0d,Plano Básico,254.55,93.66,Pix,Pago
2025-05-11,ac40ed62,Plano Avançado,1178.13,413.26,Transferência,Pago
2025-05-11,1b2bdc70,Auditoria Contábil,1205.23,480.09,Boleto,Pago
2025-05-11,360ab68d,Consultoria Financeira,1093.94,484.9,Cartão de Crédito,Pendente
2025-05-11,1fd8d42c,Plano Básico,397.78,131.55,Boleto,Pago
2025-05-11,0d34ba05,Plano Avançado,989.44,298.49,Transferência,Pago
2025-05-11,91953d5e,Consultoria Financeira,1315.36,610.74,Transferência,Pago
2025-05-11,b64c91ff,Plano Intermediário,838.63,415.84,Cartão de Crédito,Pago
2025-05-11,8dcc5eb7,Plano Avançado,1163.87,505.29,Boleto,Pago
2025-05-11,b9322c5f,Plano Básico,293.58,108.87,Pix,Pago
2025-05-11,b98e2b98,Consultoria Financeira,1353.02,576.58,Pix,Pago
2025-05-11,83e2e600,Auditoria Contábil,1266.49,579.11,Pix,Pago
2025-05-11,4331374a,Plano Avançado,1167.3,433.78,Pix,Pendente
2025-05-11,73af6a17,Plano Intermediário,678.65,420.09,Cartão de Crédito,Pago
2025-05-11,1e76fa0e,Plano Básico,351.15,172.08,Cartão de Crédito,Pendente
2025-05-11,ea61cc7f,Consultoria Financeira,1393.52,932.23,Cartão de Crédito,Pago
2025-05-11,bb3d4eda,Auditoria Contábil,1181.68,519.91,Cartão de Crédito,Pago
2025-05-11,cfceac6d,Consultoria Financeira,1164.33,713.7,Cartão de Crédito,Pago
2025-05-11,6f084a1f,Plano Básico,304.52,118.72,Cartão de Crédito,Pendente
2025-05-11,4de403bd,Consultoria Financeira,1205.12,554.03,Pix,Pago
2025-05-11,74c6dcec,Auditoria Contábil,1232.3,458.86,Cartão de Crédito,Pago
2025-05-11,ac40ed62,Consultoria Financeira,1193.9,739.82,Boleto,Pago
2025-05-11,2a5aaa20,Consultoria Financeira,1322.08,618.74,Pix,Pendente
2025-05-11,58fa93e2,Auditoria Contábil,1112.32,591.02,Transferência,Pago
2025-05-11,da560193,Consultoria Financeira,1243.48,804.0,Pix,Pago
2025-05-11,d55456f6,Auditoria Contábil,1247.54,404.01,Boleto,Pago
2025-05-11,4edd1840,Auditoria Contábil,1120.44,522.49,Boleto,Pago
2025-05-11,e7704e2a,Consultoria Financeira,1242.44,645.37,Pix,Pago
2025-05-11,889382a2,Plano Avançado,1250.27,873.45,Pix,Pago
2025-05-11,6f084a1f,Plano Intermediário,450.67,159.58,Transferência,Pago
2025-05-11,9e842c39,Plano Avançado,1103.43,389.74,Pix,Pago
2025-05-11,29c41e63,Auditoria Contábil,1362.92,495.41,Transferência,Pendente
2025-05-11,3e210845,Consultoria Financeira,1141.82,648.2,Cartão de Crédito,Pendente
2025-05-11,e674add6,Consultoria Financeira,1082.61,534.29,Pix,Pendente
2025-05-11,3e3f9af2,Plano Avançado,1016.83,546.56,Pix,Pendente
2025-05-11,4423823b,Auditoria Contábil,1094.87,580.54,Cartão de Crédito,Pago
2025-05-11,06019269,Plano Básico,289.66,151.03,Pix,Pago
2025-05-11,1ec260d5,Plano Intermediário,576.09,304.24,Pix,Pago
2025-05-11,0371adaf,Consultoria Financeira,1267.89,393.15,Transferência,Pago
2025-05-11,85daef29,Plano Básico,218.76,96.68,Boleto,Pago
2025-05-11,5a66b672,Plano Avançado,1233.09,498.74,Cartão de Crédito,Pago
2025-05-11,f42064ce,Plano Básico,445.1,257.26,Boleto,Pago
2025-05-11,88019547,Auditoria Contábil,1337.65,794.58,Cartão de Crédito,Pago
2025-05-11,e746ca72,Consultoria Financeira,1231.31,669.89,Transferência,Cancelado
2025-05-11,76b5d5b5,Plano Básico,188.84,76.39,Transferência,Pendente
2025-05-11,de946ab3,Auditoria Contábil,1196.42,559.49,Boleto,Pago
2025-05-11,d4cba754,Consultoria Financeira,1234.67,512.73,Boleto,Cancelado
2025-05-11,0f77cc0f,Auditoria Contábil,1451.16,439.1,Boleto,Pendente
2025-05-11,111842ea,Auditoria Contábil,1015.99,603.34,Boleto,Pago
2025-05-11,07f7efa5,Plano Intermediário,696.77,215.71,Transferência,Pago
2025-05-11,b4947d3a,Consultoria Financeira,1264.05,467.4,Pix,Pago
2025-05-11,fa1fca51,Plano Intermediário,712.31,348.08,Transferência,Pago
2025-05-11,63ee329b,Plano Básico,323.28,168.17,Cartão de Crédito,Pago
2025-05-11,0371adaf,Plano Básico,224.32,103.85,Cartão de Crédito,Pendente
2025-05-11,a6af877d,Plano Avançado,1295.84,490.5,Transferência,Pago
2025-05-11,3e465ec4,Plano Avançado,1205.17,372.43,Transferência,Pago
2025-05-11,0371adaf,Plano Avançado,1222.91,802.55,Cartão de Crédito,Pago
2025-05-11,c537a075,Auditoria Contábil,1307.43,704.41,Pix,Pendente
2025-05-11,63ee329b,Consultoria Financeira,1170.25,702.08,Pix,Pendente
2025-05-11,186cc208,Auditoria Contábil,1331.2,885.54,Transferência,Pendente
2025-05-11,cf1ebe05,Plano Intermediário,572.99,233.5,Boleto,Pago
2025-05-11,4c93ecbf,Plano Básico,328.7,124.73,Boleto,Pago
2025-05-11,da560193,Plano Intermediário,618.46,322.87,Pix,Pago
2025-05-11,da462287,Plano Básico,193.38,103.5,Cartão de Crédito,Pendente
2025-05-11,9ae0fade,Auditoria Contábil,1392.04,463.03,Transferência,Pago
2025-05-11,04ac6356,Auditoria Contábil,1077.71,361.16,Transferência,Pago
2025-05-11,4edd1840,Plano Avançado,1207.13,465.47,Boleto,Pendente
2025-05-11,03bbe434,Auditoria Contábil,1070.65,442.51,Cartão de Crédito,Pago
2025-05-11,b894acf6,Plano Intermediário,823.96,251.76,Pix,Pago
2025-05-11,d2f63bb1,Consultoria Financeira,1160.38,649.52,Cartão de Crédito,Pendente
2025-05-11,3e465ec4,Plano Básico,406.84,273.84,Transferência,Pago
2025-05-11,7be9fda6,Plano Intermediário,760.41,234.25,Transferência,Pago
2025-05-11,37164a6b,Auditoria Contábil,1430.36,808.46,Transferência,Pago
2025-05-11,bd9b7985,Plano Intermediário,552.06,315.57,Boleto,Pago
2025-05-11,805310ba,Auditoria Contábil,1102.66,718.83,Transferência,Pago
2025-05-11,945c8852,Plano Avançado,1300.71,415.82,Pix,Cancelado
2025-05-11,1e76fa0e,Plano Básico,333.61,134.27,Transferência,Pago
2025-05-11,bd89e3a3,Plano Avançado,1177.25,457.08,Boleto,Pago
2025-05-11,d2f63bb1,Plano Básico,504.98,199.78,Pix,Pago
2025-05-11,58fa93e2,Plano Básico,300.07,181.01,Pix,Pago
2025-05-11,4f8c8ffe,Auditoria Contábil,1122.01,520.92,Cartão de Crédito,Pago
2025-05-11,84833a28,Auditoria Contábil,1308.2,502.19,Cartão de Crédito,Pago
2025-05-11,69694584,Plano Intermediário,703.4,473.96,Boleto,Pago
2025-05-11,2ed6ef07,Plano Intermediário,711.14,299.64,Transferência,Pago
2025-05-11,b4a1b003,Consultoria Financeira,1269.29,731.95,Pix,Pago
2025-05-11,d55456f6,Consultoria Financeira,1273.46,873.92,Cartão de Crédito,Pago
2025-05-11,b894acf6,Plano Básico,201.42,114.54,Transferência,Pago
2025-05-11,c72662a8,Auditoria Contábil,1171.58,693.25,Pix,Pendente
2025-05-11,2ed6ef07,Consultoria Financeira,1062.71,533.25,Pix,Cancelado
2025-05-11,de946ab3,Consultoria Financeira,1235.15,524.79,Pix,Pendente
2025-05-11,8af7aae3,Auditoria Contábil,1389.78,831.21,Cartão de Crédito,Pago
2025-05-11,186cc208,Plano Intermediário,605.21,237.78,Boleto,Pago
2025-05-11,91953d5e,Consultoria Financeira,1045.72,396.8,Boleto,Pago
2025-05-11,b054bf90,Plano Avançado,1136.72,697.21,Boleto,Pago
2025-05-11,0c9111bd,Plano Básico,276.4,165.98,Boleto,Pago
2025-05-11,b4947d3a,Plano Básico,374.42,246.67,Cartão de Crédito,Pago
2025-05-11,e6e04fe5,Plano Avançado,1166.09,795.88,Transferência,Pago
2025-05-11,e3445f63,Plano Intermediário,737.01,332.15,Cartão de Crédito,Pendente
2025-05-11,1543f02f,Plano Básico,250.31,123.77,Transferência,Pendente
2025-05-11,1dd73ec3,Plano Intermediário,681.74,234.25,Pix,Pago
2025-05-11,cd692f1a,Plano Avançado,1118.9,697.67,Boleto,Pendente
2025-05-11,0371adaf,Consultoria Financeira,1088.6,707.8,Transferência,Pago
2025-05-11,cefd3c78,Consultoria Financeira,1278.29,821.8,Pix,Pendente
2025-05-11,5239936f,Plano Intermediário,656.89,397.98,Cartão de Crédito,Pago
2025-05-11,186cc208,Consultoria Financeira,1244.48,843.77,Pix,Pago
2025-05-11,6bffad7d,Plano Avançado,1117.43,640.31,Boleto,Pendente
2025-05-11,856c4622,Auditoria Contábil,1200.72,670.35,Pix,Pago
2025-05-11,b4baf750,Plano Avançado,991.35,499.87,Boleto,Cancelado
2025-05-11,cf1ebe05,Plano Avançado,1164.0,722.8,Boleto,Pendente
2025-05-11,fd722556,Plano Básico,227.19,146.44,Transferência,Pago
2025-05-11,877afd71,Auditoria Contábil,1319.27,792.53,Boleto,Pago
2025-05-11,14d5d4bf,Auditoria Contábil,1074.21,671.14,Boleto,Cancelado
2025-05-11,69694584,Plano Intermediário,685.79,441.24,Pix,Pago
2025-05-11,b9322c5f,Plano Básico,333.87,117.75,Cartão de Crédito,Cancelado
2025-05-11,2c43fd10,Plano Intermediário,802.95,458.56,Cartão de Crédito,Pendente
2025-05-11,681d27d6,Consultoria Financeira,1287.23,516.08,Boleto,Pendente
2025-05-11,5239936f,Plano Avançado,1193.53,383.66,Pix,Pago
2025-05-11,5fa4df12,Plano Básico,307.29,180.37,Transferência,Pago
2025-05-11,0371adaf,Plano Básico,419.17,190.03,Transferência,Pago
2025-05-11,2c46ff5e,Plano Básico,291.63,107.12,Boleto,Pago
2025-05-11,ef39a43c,Plano Intermediário,717.87,269.69,Cartão de Crédito,Pago
2025-05-11,73af6a17,Plano Intermediário,822.92,484.0,Transferência,Cancelado
2025-05-11,8519c9b9,Plano Intermediário,948.52,459.42,Boleto,Pago
2025-05-11,11255cd4,Plano Intermediário,726.48,458.76,Boleto,Pago
2025-05-11,1345c41b,Consultoria Financeira,1253.34,428.84,Boleto,Pago
2025-05-11,0da75a0d,Plano Avançado,1283.95,816.0,Transferência,Pago
2025-05-11,07f7efa5,Plano Básico,421.82,187.79,Cartão de Crédito,Pago
2025-05-11,fec30ee1,Auditoria Contábil,1305.74,850.97,Cartão de Crédito,Pago
2025-05-11,c537a075,Auditoria Contábil,1142.83,529.26,Pix,Pendente
2025-05-11,4ac7ffdb,Plano Básico,333.26,218.14,Transferência,Pago
2025-05-11,0c9111bd,Plano Básico,406.52,165.95,Pix,Pago
2025-05-11,7fe9431e,Plano Intermediário,845.26,337.7,Boleto,Pago
2025-05-11,c1005960,Plano Básico,285.96,174.49,Cartão de Crédito,Pendente
2025-05-11,d2f63bb1,Plano Intermediário,730.76,334.14,Transferência,Pago
2025-05-11,b894acf6,Plano Básico,342.41,153.28,Cartão de Crédito,Pendente
2025-05-11,8af7aae3,Plano Avançado,1203.94,533.2,Cartão de Crédito,Pendente
2025-05-11,a69c7843,Consultoria Financeira,1228.1,584.9,Pix,Pago
2025-05-11,f4574bde,Auditoria Contábil,986.74,643.32,Transferência,Pago
2025-05-11,4a94313e,Plano Básico,624.31,221.85,Boleto,Pendente
2025-05-11,df99804c,Plano Avançado,1430.79,991.67,Transferência,Pendente
2025-05-11,34da685d,Plano Avançado,1181.86,668.06,Cartão de Crédito,Pago
2025-05-11,37164a6b,Plano Avançado,1189.37,640.06,Boleto,Pago
2025-05-11,9ea8ac4b,Auditoria Contábil,1036.2,636.25,Boleto,Pago
2025-05-11,b4baf750,Plano Básico,121.36,45.91,Cartão de Crédito,Pago
2025-05-11,43c9d6f5,Consultoria Financeira,1249.69,584.34,Cartão de Crédito,Pago
2025-05-11,64adcc21,Plano Avançado,1306.98,631.55,Transferência,Cancelado
2025-05-11,fd722556,Consultoria Financeira,1285.8,649.52,Transferência,Pago
2025-05-11,72592469,Plano Avançado,1117.18,478.53,Cartão de Crédito,Pago
2025-05-11,01e0c209,Plano Avançado,1279.32,560.35,Boleto,Pendente
2025-05-11,aafa4686,Plano Básico,287.79,92.64,Pix,Pago
2025-05-11,3572e701,Plano Intermediário,662.94,257.12,Pix,Pago
2025-05-11,723e148d,Consultoria Financeira,1065.2,319.66,Pix,Pago
2025-05-11,d2f63bb1,Plano Básico,228.53,79.56,Boleto,Pendente
2025-05-11,27ddd74f,Consultoria Financeira,1252.13,409.5,Boleto,Pago
2025-05-11,8b520075,Auditoria Contábil,1232.17,581.85,Transferência,Pago
2025-05-11,fc732816,Plano Básico,316.81,110.14,Boleto,Pago
2025-05-11,dd91e604,Consultoria Financeira,982.29,441.96,Boleto,Pago
2025-05-11,6f084a1f,Plano Avançado,1217.85,668.03,Transferência,Pago
2025-05-11,4331374a,Plano Avançado,1141.41,358.67,Cartão de Crédito,Pago
2025-05-11,71645e64,Plano Avançado,1232.91,860.24,Boleto,Pago
2025-05-11,0d34ba05,Auditoria Contábil,1325.28,578.48,Cartão de Crédito,Pago
2025-05-11,8d9c0793,Consultoria Financeira,1155.18,551.8,Boleto,Pendente
2025-05-11,ac40ed62,Auditoria Contábil,1210.34,780.16,Pix,Pago
2025-05-11,dd91e604,Auditoria Contábil,1404.21,907.7,Cartão de Crédito,Pago
2025-05-11,f5534c19,Plano Básico,327.74,161.67,Cartão de Crédito,Pago
2025-05-11,ac40ed62,Plano Intermediário,697.77,484.78,Transferência,Pago
2025-05-11,8519c9b9,Plano Básico,218.7,112.71,Transferência,Pago
2025-05-11,91953d5e,Plano Básico,382.33,266.43,Pix,Pago
2025-05-11,d2f63bb1,Plano Básico,202.46,61.3,Transferência,Pago
2025-05-11,0c9111bd,Plano Avançado,1330.35,613.81,Boleto,Pago
2025-05-11,838c0893,Consultoria Financeira,1266.47,550.83,Transferência,Pago
2025-05-11,bd5fc63d,Plano Intermediário,644.71,406.82,Boleto,Pago
2025-05-11,1543f02f,Auditoria Contábil,1121.8,367.14,Pix,Pago
2025-05-11,1fd8d42c,Plano Intermediário,624.03,233.92,Transferência,Pago
2025-05-11,fd634e85,Plano Básico,122.89,57.38,Cartão de Crédito,Cancelado
2025-05-11,bcf6c281,Plano Básico,347.15,156.48,Cartão de Crédito,Pago
2025-05-11,902164d4,Plano Avançado,992.44,340.13,Boleto,Pago
2025-05-11,d013ff9d,Plano Básico,291.39,198.54,Pix,Pago
2025-05-11,5fbc6417,Auditoria Contábil,1184.97,496.77,Transferência,Pendente
2025-05-11,88b9030f,Plano Básico,267.33,114.46,Pix,Pago
2025-05-11,bc7e9946,Plano Básico,346.44,120.91,Transferência,Pago
2025-05-11,4f8c8ffe,Plano Básico,244.94,135.69,Pix,Pendente
2025-05-11,f3713c03,Consultoria Financeira,1218.11,403.37,Boleto,Pago
2025-05-11,d55456f6,Plano Básico,430.33,293.56,Pix,Pago
2025-05-11,8dd779c0,Plano Básico,358.62,131.8,Cartão de Crédito,Pago
2025-05-11,cf1ebe05,Plano Básico,258.76,166.01,Transferência,Pago
2025-05-11,d421c1e5,Plano Básico,300.79,182.81,Boleto,Pago
2025-05-11,b054bf90,Plano Básico,267.44,180.23,Transferência,Pendente
2025-05-11,da560193,Plano Básico,283.57,117.31,Pix,Pago
2025-05-11,01e0c209,Auditoria Contábil,1221.21,507.52,Boleto,Pago
2025-05-11,f4574bde,Consultoria Financeira,1061.15,549.49,Boleto,Pago
2025-05-11,3e3f9af2,Plano Básico,139.97,50.94,Pix,Pago
2025-05-11,c1005960,Plano Intermediário,610.72,259.02,Boleto,Pago
2025-05-11,fec30ee1,Plano Básico,351.36,176.15,Cartão de Crédito,Pendente
2025-05-11,f5534c19,Auditoria Contábil,1265.5,706.42,Transferência,Pago
2025-05-11,df99804c,Auditoria Contábil,1281.08,464.15,Pix,Pago
2025-05-11,63ee329b,Plano Básico,214.35,96.66,Boleto,Pago
2025-05-11,2ed6ef07,Consultoria Financeira,1209.77,563.03,Transferência,Pago
2025-05-11,805310ba,Plano Intermediário,661.72,245.92,Cartão de Crédito,Pago
2025-05-11,8dcc5eb7,Plano Avançado,1187.63,542.61,Transferência,Pago
2025-05-11,3572e701,Auditoria Contábil,1160.01,803.31,Cartão de Crédito,Pago
2025-05-11,bd89e3a3,Auditoria Contábil,1226.93,555.37,Boleto,Pago
2025-05-11,d34ea5cb,Plano Intermediário,632.99,348.82,Cartão de Crédito,Pendente
2025-05-11,bc7e9946,Plano Intermediário,817.17,307.91,Pix,Pago
2025-05-11,838c0893,Auditoria Contábil,1318.19,431.86,Transferência,Pendente
2025-05-11,699833e9,Plano Avançado,1248.09,541.57,Transferência,Pago
2025-05-11,4423823b,Plano Básico,403.61,178.55,Pix,Pendente
