data,id_cliente,produto,valor_venda,custo,meio_pagamento,status_pagamento
2025-05-08,f2f1883d,Plano Avançado,1178.11,650.62,Cartão de Crédito,Pendente
2025-05-08,53dda9e7,Consultoria Financeira,1276.62,602.64,Boleto,Pago
2025-05-08,1e76fa0e,Plano Intermediário,517.89,313.25,Boleto,Cancelado
2025-05-08,84833a28,Plano Avançado,1140.23,769.05,Boleto,Pago
2025-05-08,07f7efa5,Plano Avançado,1237.02,496.21,Boleto,Pendente
2025-05-08,8dcc5eb7,Plano Intermediário,758.43,247.94,Cartão de Crédito,Pago
2025-05-08,de962a39,Auditoria Contábil,1241.06,686.64,Cartão de Crédito,Pago
2025-05-08,89567f21,Plano Avançado,1176.89,692.51,Transferência,Pago
2025-05-08,2a5aaa20,Plano Avançado,1287.28,400.66,Pix,Pago
2025-05-08,b4fc9431,Plano Básico,203.38,91.55,Boleto,Pendente
2025-05-08,89567f21,Plano Intermediário,599.44,377.17,Transferência,Pago
2025-05-08,b894acf6,Consultoria Financeira,1236.02,487.01,Boleto,Pago
2025-05-08,9f671442,Plano Avançado,1092.98,588.48,Cartão de Crédito,Pago
2025-05-08,f5534c19,Plano Intermediário,871.9,299.04,Pix,Pago
2025-05-08,71645e64,Consultoria Financeira,1279.19,895.1,Pix,Pago
2025-05-08,0da75a0d,Auditoria Contábil,1142.94,439.54,Transferência,Pago
2025-05-08,f2f1883d,Plano Intermediário,785.25,538.82,Pix,Pago
2025-05-08,7675fac6,Auditoria Contábil,1077.08,717.69,Pix,Pago
2025-05-08,50989097,Consultoria Financeira,1345.21,476.61,Boleto,Pago
2025-05-08,1543f02f,Auditoria Contábil,1201.41,830.14,Cartão de Crédito,Pago
2025-05-08,4f8c8ffe,Plano Avançado,1140.36,466.05,Boleto,Pago
2025-05-08,b9322c5f,Plano Avançado,1170.08,732.92,Pix,Cancelado
2025-05-08,1e76fa0e,Plano Básico,225.06,98.33,Transferência,Pago
2025-05-08,7d8188f3,Plano Intermediário,677.85,469.45,Transferência,Pago
2025-05-08,9e03667d,Consultoria Financeira,1082.3,396.79,Cartão de Crédito,Pago
2025-05-08,e746ca72,Plano Básico,482.05,334.77,Cartão de Crédito,Pago
2025-05-08,723e148d,Plano Intermediário,643.36,211.04,Pix,Pago
2025-05-08,723e148d,Consultoria Financeira,1283.16,414.01,Transferência,Pago
2025-05-08,4d3f9f70,Auditoria Contábil,1220.95,819.87,Boleto,Pago
2025-05-08,fec30ee1,Plano Intermediário,601.55,299.99,Boleto,Pago
2025-05-08,8af7aae3,Plano Básico,281.17,164.04,Cartão de Crédito,Pago
2025-05-08,ac40ed62,Consultoria Financeira,1319.31,782.02,Cartão de Crédito,Pendente
2025-05-08,9e842c39,Plano Intermediário,654.03,362.93,Transferência,Pago
2025-05-08,7be9fda6,Plano Avançado,1092.02,358.49,Pix,Pendente
2025-05-08,8dd779c0,Plano Básico,354.58,247.67,Transferência,Pago
2025-05-08,d55456f6,Plano Básico,82.84,40.58,Cartão de Crédito,Pago
2025-05-08,3572e701,Consultoria Financeira,1172.25,725.1,Pix,Pago
2025-05-08,91953d5e,Auditoria Contábil,1329.13,715.29,Transferência,Pendente
2025-05-08,f42064ce,Plano Avançado,1178.4,638.36,Cartão de Crédito,Pago
2025-05-08,809e8137,Plano Avançado,1293.75,714.16,Boleto,Pago
2025-05-08,f5534c19,Plano Intermediário,590.79,199.35,Pix,Pago
2025-05-08,29c41e63,Consultoria Financeira,1174.63,360.22,Cartão de Crédito,Pendente
2025-05-08,b054bf90,Auditoria Contábil,1165.48,448.25,Boleto,Pendente
2025-05-08,838c0893,Consultoria Financeira,1248.93,742.38,Transferência,Pago
2025-05-08,c72662a8,Consultoria Financeira,1206.78,440.48,Cartão de Crédito,Pago
2025-05-08,22e7d95c,Consultoria Financeira,998.01,682.54,Cartão de Crédito,Pago
2025-05-08,2a5aaa20,Plano Básico,444.19,158.82,Transferência,Pago
2025-05-08,de962a39,Plano Básico,248.76,75.49,Cartão de Crédito,Pago
2025-05-08,805310ba,Plano Básico,305.59,147.34,Boleto,Pago
2025-05-08,3572e701,Plano Avançado,1169.04,592.94,Cartão de Crédito,Pago
2025-05-08,8d9c0793,Plano Básico,298.34,175.19,Cartão de Crédito,Pago
2025-05-08,ac40ed62,Auditoria Contábil,1189.42,567.45,Boleto,Pago
2025-05-08,df99804c,Plano Básico,211.27,132.1,Boleto,Pago
2025-05-08,eb7bf608,Plano Básico,377.18,201.93,Transferência,Pendente
2025-05-08,b4baf750,Auditoria Contábil,1133.28,624.68,Cartão de Crédito,Pago
2025-05-08,1fd8d42c,Plano Avançado,1126.7,712.05,Cartão de Crédito,Pago
2025-05-08,d013ff9d,Plano Avançado,1045.51,676.24,Pix,Pendente
2025-05-08,f42064ce,Plano Básico,246.07,139.7,Cartão de Crédito,Pago
2025-05-08,34da685d,Consultoria Financeira,1132.08,432.12,Boleto,Pago
2025-05-08,89567f21,Consultoria Financeira,908.57,500.37,Boleto,Pendente
2025-05-08,2c46ff5e,Plano Intermediário,498.27,262.26,Cartão de Crédito,Pendente
2025-05-08,f2f1883d,Plano Intermediário,416.77,277.86,Cartão de Crédito,Cancelado
2025-05-08,f42064ce,Auditoria Contábil,1177.43,691.72,Transferência,Pago
2025-05-08,a810c961,Plano Avançado,1338.9,715.63,Transferência,Pago
2025-05-08,d421c1e5,Plano Básico,160.73,78.05,Pix,Pago
2025-05-08,0f77cc0f,Auditoria Contábil,1196.54,476.61,Boleto,Cancelado
2025-05-08,ac40ed62,Consultoria Financeira,1175.14,800.16,Boleto,Pendente
2025-05-08,8af7aae3,Plano Avançado,1262.66,648.03,Boleto,Pago
2025-05-08,91953d5e,Plano Avançado,1270.34,446.84,Cartão de Crédito,Pendente
2025-05-08,4423823b,Plano Básico,515.49,232.14,Transferência,Pago
2025-05-08,76b5d5b5,Plano Básico,324.61,155.41,Boleto,Pago
2025-05-08,cfceac6d,Consultoria Financeira,1119.77,684.4,Transferência,Cancelado
2025-05-08,e517e12f,Consultoria Financeira,1143.44,528.88,Cartão de Crédito,Pendente
2025-05-08,ac40ed62,Consultoria Financeira,1152.87,773.15,Boleto,Pago
2025-05-08,ef39a43c,Consultoria Financeira,1135.83,575.76,Pix,Pendente
2025-05-08,04ac6356,Plano Intermediário,866.54,289.15,Pix,Pago
2025-05-08,889382a2,Plano Avançado,1265.23,434.98,Transferência,Pago
2025-05-08,0da75a0d,Auditoria Contábil,1036.87,711.64,Pix,Pago
2025-05-08,04ac6356,Plano Básico,348.03,138.58,Boleto,Pago
2025-05-08,163a3e98,Auditoria Contábil,1094.49,642.49,Boleto,Pago
2025-05-08,2a5aaa20,Plano Avançado,1269.28,692.77,Pix,Pago
2025-05-08,da560193,Plano Básico,410.58,269.75,Cartão de Crédito,Pago
2025-05-08,f4574bde,Plano Básico,276.87,110.56,Transferência,Pago
2025-05-08,0d3cb43f,Auditoria Contábil,1142.36,794.18,Pix,Pago
2025-05-08,e28e1db0,Plano Básico,447.1,256.59,Pix,Pendente
2025-05-08,1ec260d5,Consultoria Financeira,1130.05,434.88,Transferência,Pago
2025-05-08,bc7e9946,Auditoria Contábil,1120.39,520.37,Pix,Pago
2025-05-08,4de403bd,Consultoria Financeira,1104.99,435.07,Boleto,Pago
2025-05-08,16b27319,Auditoria Contábil,1191.73,518.88,Cartão de Crédito,Pendente
2025-05-08,b4a1b003,Plano Intermediário,724.31,219.35,Transferência,Pago
2025-05-08,01e0c209,Consultoria Financeira,1295.13,464.49,Boleto,Pendente
2025-05-08,c6a8f08d,Consultoria Financeira,1252.69,455.81,Pix,Pago
2025-05-08,405479fd,Plano Básico,351.02,111.6,Pix,Pago
2025-05-08,7fe9431e,Plano Intermediário,827.26,454.18,Boleto,Pago
2025-05-08,2c43fd10,Consultoria Financeira,1100.71,669.11,Boleto,Pago
2025-05-08,b322eeac,Consultoria Financeira,1055.48,659.01,Pix,Pago
2025-05-08,27ddd74f,Plano Avançado,1257.74,581.81,Cartão de Crédito,Pendente
2025-05-08,2c46ff5e,Consultoria Financeira,1187.13,722.65,Transferência,Cancelado
2025-05-08,1345c41b,Plano Intermediário,795.53,527.52,Cartão de Crédito,Pago
2025-05-08,1543f02f,Consultoria Financeira,1196.13,400.66,Pix,Pago
2025-05-08,4423823b,Consultoria Financeira,1139.16,708.61,Transferência,Pendente
2025-05-08,fd634e85,Consultoria Financeira,1259.25,805.99,Boleto,Pago
2025-05-08,fec30ee1,Plano Intermediário,708.13,226.56,Boleto,Pago
2025-05-08,681d27d6,Auditoria Contábil,1196.21,430.59,Cartão de Crédito,Pago
2025-05-08,5adf9642,Plano Avançado,1438.84,802.96,Boleto,Pago
2025-05-08,186cc208,Plano Intermediário,818.43,251.08,Pix,Pendente
2025-05-08,88019547,Consultoria Financeira,1272.28,720.59,Transferência,Pago
2025-05-08,5fe2102d,Consultoria Financeira,1211.18,761.91,Cartão de Crédito,Pago
2025-05-08,8d9c0793,Auditoria Contábil,1202.62,581.86,Boleto,Pago
2025-05-08,d93c0874,Plano Intermediário,669.64,334.54,Pix,Pago
2025-05-08,945c8852,Plano Intermediário,721.06,361.46,Pix,Pago
2025-05-08,ea61cc7f,Plano Intermediário,651.15,394.64,Boleto,Pago
2025-05-08,352fbcce,Plano Básico,181.1,101.29,Transferência,Pendente
2025-05-08,f42064ce,Plano Básico,295.01,108.85,Pix,Pago
2025-05-08,91953d5e,Consultoria Financeira,1229.09,446.01,Pix,Pago
2025-05-08,805310ba,Consultoria Financeira,1295.78,887.53,Transferência,Pago
2025-05-08,7f123ea3,Consultoria Financeira,1120.91,617.32,Pix,Pago
2025-05-08,9e03667d,Auditoria Contábil,1203.4,482.9,Cartão de Crédito,Pago
2025-05-08,34da685d,Plano Avançado,1251.89,865.78,Pix,Pago
2025-05-08,f6a2c989,Auditoria Contábil,1249.58,625.72,Boleto,Cancelado
2025-05-08,2a5aaa20,Plano Básico,460.43,162.53,Boleto,Pago
2025-05-08,0da75a0d,Plano Básico,271.49,140.84,Pix,Pago
2025-05-08,889382a2,Auditoria Contábil,1113.17,520.07,Boleto,Pago
2025-05-08,f42064ce,Auditoria Contábil,1209.78,775.85,Boleto,Pago
2025-05-08,1543f02f,Plano Intermediário,676.41,439.6,Cartão de Crédito,Pendente
2025-05-08,9e03667d,Consultoria Financeira,1159.31,407.57,Boleto,Pago
2025-05-08,9e842c39,Plano Básico,246.52,135.4,Transferência,Cancelado
2025-05-08,f4574bde,Consultoria Financeira,1229.5,543.96,Pix,Pago
2025-05-08,22e7d95c,Plano Intermediário,633.46,352.0,Transferência,Pago
2025-05-08,83e2e600,Plano Avançado,1272.19,501.59,Transferência,Pendente
2025-05-08,0371adaf,Plano Intermediário,767.19,269.07,Boleto,Pendente
2025-05-08,0371adaf,Plano Básico,338.42,218.84,Boleto,Pago
2025-05-08,22e7d95c,Auditoria Contábil,1100.56,518.38,Transferência,Pago
2025-05-08,fd634e85,Consultoria Financeira,1224.95,446.3,Cartão de Crédito,Pago
2025-05-08,1fd8d42c,Plano Intermediário,802.94,274.86,Pix,Pendente
2025-05-08,df74f82a,Consultoria Financeira,1279.67,642.98,Cartão de Crédito,Pendente
2025-05-08,5c901b8a,Plano Intermediário,764.56,393.19,Pix,Pendente
2025-05-08,4c93ecbf,Plano Intermediário,701.94,321.26,Pix,Pago
2025-05-08,fd722556,Plano Intermediário,697.58,340.95,Boleto,Pago
2025-05-08,1fd8d42c,Plano Avançado,1320.25,655.01,Cartão de Crédito,Pendente
2025-05-08,e31cf753,Plano Básico,327.91,151.3,Boleto,Pago
2025-05-08,3572e701,Auditoria Contábil,1229.16,532.62,Cartão de Crédito,Pago
2025-05-08,fd722556,Auditoria Contábil,1475.52,583.32,Boleto,Pago
2025-05-08,5fbc6417,Plano Intermediário,669.44,413.43,Pix,Pago
2025-05-08,7d8188f3,Plano Avançado,990.97,339.63,Cartão de Crédito,Pago
2025-05-08,29c41e63,Plano Avançado,1182.97,467.91,Cartão de Crédito,Pago
2025-05-08,163a3e98,Consultoria Financeira,1188.54,436.84,Transferência,Pago
2025-05-08,2c43fd10,Plano Básico,326.43,158.08,Cartão de Crédito,Pago
2025-05-08,8d9c0793,Auditoria Contábil,1248.62,650.14,Boleto,Pago
2025-05-08,fec30ee1,Plano Básico,105.06,46.5,Boleto,Pago
2025-05-08,b4fc9431,Plano Intermediário,750.7,338.52,Boleto,Pago
2025-05-08,c6a8f08d,Plano Intermediário,694.26,279.99,Pix,Pago
2025-05-08,6f084a1f,Consultoria Financeira,1173.73,708.71,Boleto,Pago
2025-05-08,f3713c03,Plano Básico,140.41,53.69,Cartão de Crédito,Pago
2025-05-08,8b520075,Plano Avançado,1342.73,584.75,Pix,Pendente
2025-05-08,e28e1db0,Plano Avançado,1158.06,608.55,Boleto,Pendente
2025-05-08,83e2e600,Auditoria Contábil,1265.95,406.26,Boleto,Pago
2025-05-08,bc7e9946,Plano Avançado,1119.61,717.69,Pix,Cancelado
2025-05-08,01e0c209,Auditoria Contábil,1230.73,542.77,Boleto,Pago
2025-05-08,4de403bd,Plano Avançado,1175.22,692.29,Boleto,Pago
2025-05-08,e3445f63,Auditoria Contábil,1262.76,442.79,Boleto,Pago
2025-05-08,da462287,Plano Intermediário,672.05,249.6,Cartão de Crédito,Pendente
2025-05-08,88019547,Plano Intermediário,615.43,232.87,Boleto,Pago
2025-05-08,29c41e63,Plano Básico,298.59,202.3,Cartão de Crédito,Pago
2025-05-08,df99804c,Plano Intermediário,693.74,464.33,Boleto,Pago
2025-05-08,9e03667d,Plano Avançado,1224.12,634.01,Pix,Pago
2025-05-08,71645e64,Consultoria Financeira,1292.35,728.32,Pix,Pendente
2025-05-08,bd9acbb3,Plano Intermediário,594.94,413.87,Cartão de Crédito,Pago
2025-05-08,3e210845,Plano Avançado,1286.88,412.84,Pix,Pago
2025-05-08,fc732816,Auditoria Contábil,1081.37,373.57,Transferência,Pago
2025-05-08,e31cf753,Consultoria Financeira,1258.79,634.29,Pix,Pendente
2025-05-08,bcf6c281,Auditoria Contábil,1261.97,530.06,Transferência,Pendente
2025-05-08,889382a2,Plano Básico,253.15,114.02,Pix,Pago
2025-05-08,ac40ed62,Plano Avançado,1124.12,677.31,Transferência,Pendente
2025-05-08,160977e3,Consultoria Financeira,1119.36,343.88,Cartão de Crédito,Pendente
2025-05-08,37164a6b,Plano Avançado,1207.57,411.7,Pix,Pago
2025-05-08,e7704e2a,Auditoria Contábil,1268.56,704.0,Transferência,Pago
2025-05-08,88019547,Plano Intermediário,685.84,425.72,Transferência,Pago
2025-05-08,b64c91ff,Plano Avançado,982.18,337.24,Cartão de Crédito,Pago
2025-05-08,83e2e600,Plano Avançado,1147.05,746.01,Transferência,Pago
2025-05-08,4edd1840,Plano Básico,243.82,123.11,Boleto,Pago
2025-05-08,3572e701,Plano Avançado,1247.94,617.67,Cartão de Crédito,Pago
2025-05-08,72592469,Plano Intermediário,753.1,400.58,Boleto,Pago
2025-05-08,8dcc5eb7,Plano Intermediário,714.89,368.95,Cartão de Crédito,Pago
2025-05-08,43c9d6f5,Auditoria Contábil,1287.07,456.17,Boleto,Pago
2025-05-08,e7704e2a,Consultoria Financeira,1294.88,821.51,Pix,Pago
2025-05-08,64adcc21,Plano Intermediário,652.42,260.7,Cartão de Crédito,Pago
2025-05-08,71645e64,Consultoria Financeira,1117.39,501.62,Boleto,Cancelado
2025-05-08,1543f02f,Plano Básico,292.41,135.38,Boleto,Pago
2025-05-08,01e0c209,Plano Avançado,1031.53,716.53,Pix,Pago
2025-05-08,6f084a1f,Plano Avançado,1214.69,390.89,Boleto,Pago
2025-05-08,df74f82a,Plano Básico,247.79,157.24,Pix,Pago
2025-05-08,c72662a8,Plano Básico,607.69,318.82,Boleto,Pago
2025-05-08,b9322c5f,Plano Básico,436.01,160.59,Pix,Pago
2025-05-08,0371adaf,Plano Avançado,1139.2,612.2,Transferência,Pago
