data,id_cliente,produto,valor_venda,custo,meio_pagamento,status_pagamento
2025-05-05,b4a1b003,Plano Intermediário,689.0,412.75,Cartão de Crédito,Pago
2025-05-05,5fe2102d,Plano Avançado,1331.55,910.56,Boleto,Pendente
2025-05-05,e11548e5,Plano Intermediário,721.05,444.93,Pix,Pago
2025-05-05,9e842c39,Plano Avançado,1183.96,374.16,Transferência,Pago
2025-05-05,07f7efa5,Plano Intermediário,950.09,659.1,Pix,Pago
2025-05-05,8a5de1a7,Consultoria Financeira,1094.44,620.2,Transferência,Pago
2025-05-05,69694584,Plano Avançado,1164.63,481.83,Boleto,Pendente
2025-05-05,405479fd,Plano Intermediário,868.92,415.6,Transferência,Pago
2025-05-05,bb3d4eda,Auditoria Contábil,1366.99,867.28,Pix,Pago
2025-05-05,bd9acbb3,Plano Básico,263.48,135.71,Pix,Pago
2025-05-05,7f123ea3,Plano Básico,132.88,75.14,Transferência,Pendente
2025-05-05,cfceac6d,Plano Avançado,1150.8,642.63,Pix,Pago
2025-05-05,b054bf90,Plano Intermediário,832.81,300.02,Pix,Pago
2025-05-05,06019269,Plano Básico,282.74,167.33,Cartão de Crédito,Pago
2025-05-05,68819479,Plano Intermediário,763.87,235.38,Boleto,Pago
2025-05-05,902164d4,Plano Básico,293.64,191.25,Transferência,Pendente
2025-05-05,f42064ce,Plano Básico,154.91,79.14,Transferência,Pago
2025-05-05,2c43fd10,Consultoria Financeira,1197.08,593.97,Pix,Pago
2025-05-05,723e148d,Plano Avançado,1277.51,444.44,Transferência,Pago
2025-05-05,fd634e85,Plano Básico,237.55,156.75,Pix,Cancelado
2025-05-05,5f4d6138,Consultoria Financeira,1274.7,846.82,Pix,Pago
2025-05-05,06019269,Auditoria Contábil,1203.15,686.8,Boleto,Pago
2025-05-05,e3445f63,Auditoria Contábil,1269.01,775.88,Cartão de Crédito,Pago
2025-05-05,7f123ea3,Plano Intermediário,727.31,228.17,Boleto,Pago
2025-05-05,07f7efa5,Plano Básico,200.18,99.9,Pix,Pago
2025-05-05,d55456f6,Plano Avançado,1165.59,519.88,Boleto,Pendente
2025-05-05,43c9d6f5,Plano Intermediário,662.55,313.37,Boleto,Pago
2025-05-05,3e3f9af2,Plano Avançado,1133.19,568.27,Cartão de Crédito,Pendente
2025-05-05,c1005960,Plano Avançado,1219.34,454.87,Boleto,Pendente
2025-05-05,c72662a8,Consultoria Financeira,1390.03,726.55,Boleto,Pago
2025-05-05,da462287,Auditoria Contábil,1302.31,775.29,Cartão de Crédito,Pago
2025-05-05,3e465ec4,Plano Intermediário,816.75,386.41,Pix,Pago
2025-05-05,5239936f,Plano Intermediário,627.6,309.83,Pix,Pago
2025-05-05,06019269,Plano Básico,418.61,177.47,Transferência,Pago
2025-05-05,d25f4939,Plano Básico,454.03,151.79,Transferência,Pago
2025-05-05,723e148d,Plano Básico,224.61,99.43,Pix,Pago
2025-05-05,2c46ff5e,Plano Intermediário,738.27,396.45,Boleto,Pago
2025-05-05,0f1b8a1f,Plano Básico,340.94,103.53,Cartão de Crédito,Pendente
2025-05-05,1dd73ec3,Plano Avançado,1172.33,446.14,Pix,Pago
2025-05-05,e674add6,Plano Intermediário,711.34,287.86,Transferência,Pendente
2025-05-05,0d3cb43f,Plano Intermediário,745.9,243.76,Cartão de Crédito,Pago
2025-05-05,34da685d,Plano Avançado,1178.61,693.18,Cartão de Crédito,Pago
2025-05-05,699833e9,Plano Avançado,1297.03,865.53,Pix,Pago
2025-05-05,bfa26e2d,Plano Avançado,1072.9,543.8,Cartão de Crédito,Pago
2025-05-05,11e08084,Plano Avançado,1162.14,770.77,Pix,Pago
2025-05-05,5fa4df12,Plano Avançado,1265.95,839.31,Transferência,Pago
2025-05-05,0d3cb43f,Auditoria Contábil,1376.65,480.44,Pix,Pendente
2025-05-05,53dda9e7,Plano Intermediário,803.86,373.0,Boleto,Pendente
2025-05-05,2ed6ef07,Consultoria Financeira,1209.32,595.95,Cartão de Crédito,Pago
2025-05-05,ea61cc7f,Consultoria Financeira,1183.16,508.53,Transferência,Pago
2025-05-05,04ac6356,Plano Avançado,1167.4,791.55,Cartão de Crédito,Pago
2025-05-05,f42064ce,Auditoria Contábil,1167.96,664.01,Transferência,Pago
2025-05-05,cfceac6d,Plano Intermediário,522.06,190.49,Transferência,Pago
2025-05-05,5a66b672,Plano Básico,471.59,305.0,Boleto,Pago
2025-05-05,5f4d6138,Plano Intermediário,690.25,379.99,Pix,Pago
2025-05-05,c1005960,Plano Avançado,1118.91,758.97,Transferência,Pago
2025-05-05,83e2e600,Auditoria Contábil,1236.68,436.58,Boleto,Pago
2025-05-05,2a5aaa20,Plano Avançado,1125.95,758.26,Boleto,Pago
2025-05-05,a6af877d,Plano Avançado,1286.48,756.43,Transferência,Pago
2025-05-05,fa1fca51,Plano Intermediário,621.74,296.7,Transferência,Pago
2025-05-05,838c0893,Auditoria Contábil,1270.7,695.23,Cartão de Crédito,Pendente
2025-05-05,d4cba754,Auditoria Contábil,1166.02,798.66,Pix,Pago
2025-05-05,8dd779c0,Consultoria Financeira,1223.16,802.5,Pix,Pago
2025-05-05,163a3e98,Plano Avançado,1278.64,648.69,Transferência,Pago
2025-05-05,df99804c,Consultoria Financeira,1144.05,554.55,Transferência,Pago
2025-05-05,e024c907,Auditoria Contábil,1276.05,755.37,Boleto,Pago
2025-05-05,945c8852,Plano Avançado,1025.71,476.31,Pix,Pago
2025-05-05,4423823b,Auditoria Contábil,1344.78,785.95,Cartão de Crédito,Pendente
2025-05-05,fec30ee1,Auditoria Contábil,1293.86,415.05,Cartão de Crédito,Cancelado
2025-05-05,ac40ed62,Plano Intermediário,686.91,278.18,Cartão de Crédito,Pago
2025-05-05,e11548e5,Plano Básico,412.82,163.77,Transferência,Pendente
2025-05-05,8af7aae3,Plano Avançado,1301.03,587.21,Pix,Pago
2025-05-05,186cc208,Plano Básico,295.56,177.3,Cartão de Crédito,Pago
2025-05-05,34588043,Plano Avançado,1194.52,832.19,Transferência,Pago
2025-05-05,4f8c8ffe,Plano Intermediário,607.76,369.62,Pix,Pago
2025-05-05,163a3e98,Plano Intermediário,700.74,275.71,Transferência,Pago
2025-05-05,809e8137,Plano Avançado,1052.15,488.01,Boleto,Pago
2025-05-05,53dda9e7,Consultoria Financeira,1269.39,496.64,Cartão de Crédito,Pendente
2025-05-05,27ddd74f,Consultoria Financeira,1271.66,850.6,Pix,Pago
2025-05-05,64952769,Plano Básico,126.97,63.58,Pix,Pago
2025-05-05,64952769,Plano Intermediário,833.39,451.72,Pix,Pendente
2025-05-05,84833a28,Consultoria Financeira,1135.89,570.19,Pix,Pago
2025-05-05,234ce6aa,Consultoria Financeira,1482.43,549.34,Boleto,Pago
2025-05-05,5239936f,Plano Intermediário,717.96,253.03,Cartão de Crédito,Pago
2025-05-05,bc7e9946,Auditoria Contábil,1334.51,809.33,Boleto,Pago
2025-05-05,c537a075,Consultoria Financeira,1104.88,560.57,Boleto,Pago
2025-05-05,63ee329b,Consultoria Financeira,1165.82,402.26,Cartão de Crédito,Pago
2025-05-05,e9227863,Consultoria Financeira,1143.58,518.35,Boleto,Pago
2025-05-05,f2f1883d,Plano Intermediário,550.6,340.2,Pix,Pago
2025-05-05,eb7bf608,Consultoria Financeira,1073.19,436.66,Pix,Pago
2025-05-05,1543f02f,Plano Intermediário,683.17,344.08,Cartão de Crédito,Pago
2025-05-05,4c93ecbf,Plano Básico,333.16,175.34,Pix,Pendente
2025-05-05,234ce6aa,Plano Básico,195.28,114.41,Pix,Pendente
2025-05-05,8fd2de20,Plano Intermediário,660.01,434.31,Transferência,Pago
2025-05-05,bd89e3a3,Consultoria Financeira,1125.48,775.25,Pix,Pago
2025-05-05,f2f1883d,Consultoria Financeira,1189.5,361.28,Pix,Pendente
2025-05-05,e9227863,Consultoria Financeira,1261.28,601.58,Transferência,Pago
2025-05-05,88019547,Auditoria Contábil,1205.84,525.05,Pix,Pago
2025-05-05,7d8188f3,Consultoria Financeira,1139.61,557.7,Transferência,Pendente
2025-05-05,352fbcce,Plano Básico,397.37,224.42,Cartão de Crédito,Cancelado
2025-05-05,9ea8ac4b,Consultoria Financeira,1229.88,582.5,Boleto,Pago
2025-05-05,cefd3c78,Auditoria Contábil,1208.7,500.17,Transferência,Pago
2025-05-05,4331374a,Consultoria Financeira,1096.39,349.56,Pix,Pago
2025-05-05,84833a28,Plano Básico,385.67,140.83,Boleto,Pendente
2025-05-05,186cc208,Plano Avançado,1239.8,774.83,Boleto,Pendente
2025-05-05,53dda9e7,Plano Avançado,1245.05,533.21,Transferência,Pago
2025-05-05,3e3f9af2,Plano Avançado,1173.82,611.48,Boleto,Pago
2025-05-05,7f123ea3,Plano Avançado,1156.61,465.56,Transferência,Pago
2025-05-05,b894acf6,Plano Avançado,1372.22,516.18,Transferência,Pago
2025-05-05,fec30ee1,Plano Básico,255.2,126.05,Transferência,Pago
2025-05-05,9ea8ac4b,Consultoria Financeira,1078.52,476.7,Cartão de Crédito,Pago
2025-05-05,9ea8ac4b,Plano Básico,313.59,174.55,Cartão de Crédito,Pago
2025-05-05,7fe9431e,Consultoria Financeira,1194.75,369.62,Pix,Pendente
2025-05-05,234ce6aa,Consultoria Financeira,1302.28,547.72,Cartão de Crédito,Pendente
2025-05-05,5adf9642,Auditoria Contábil,1180.96,398.95,Pix,Pago
2025-05-05,11255cd4,Plano Avançado,1257.93,664.34,Boleto,Pago
2025-05-05,e674add6,Plano Básico,441.2,141.82,Pix,Pago
2025-05-05,e674add6,Plano Básico,333.84,127.9,Transferência,Pendente
2025-05-05,06019269,Plano Avançado,1100.74,552.16,Pix,Pago
2025-05-05,b64c91ff,Plano Avançado,1023.09,695.06,Boleto,Pendente
2025-05-05,d421c1e5,Plano Básico,336.67,214.45,Cartão de Crédito,Pago
2025-05-05,e9227863,Auditoria Contábil,1161.61,397.8,Cartão de Crédito,Pago
2025-05-05,69a69b35,Plano Avançado,1220.23,606.59,Pix,Pago
2025-05-05,bb3d4eda,Plano Avançado,1195.47,532.76,Cartão de Crédito,Pago
2025-05-05,27ddd74f,Plano Básico,176.69,98.2,Pix,Pendente
2025-05-05,8519c9b9,Plano Avançado,1180.42,483.83,Transferência,Pago
2025-05-05,ea61cc7f,Plano Básico,195.77,128.25,Pix,Pago
2025-05-05,2c43fd10,Plano Avançado,1148.13,706.92,Pix,Pago
2025-05-05,7fe9431e,Plano Avançado,1285.32,401.64,Boleto,Pago
2025-05-05,b9322c5f,Plano Avançado,1202.94,506.81,Cartão de Crédito,Pago
2025-05-05,ef39a43c,Auditoria Contábil,1251.66,557.03,Pix,Pago
2025-05-05,7fe9431e,Auditoria Contábil,1210.72,577.63,Transferência,Pago
2025-05-05,a6af877d,Auditoria Contábil,1168.12,793.82,Boleto,Pago
2025-05-05,64adcc21,Plano Avançado,1220.51,601.64,Pix,Pago
2025-05-05,d93c0874,Consultoria Financeira,1037.66,603.03,Cartão de Crédito,Pago
2025-05-05,b98e2b98,Consultoria Financeira,1269.76,476.99,Transferência,Pago
2025-05-05,360ab68d,Auditoria Contábil,1116.39,591.01,Boleto,Pago
2025-05-05,b054bf90,Plano Avançado,1245.21,842.85,Boleto,Pago
2025-05-05,03bbe434,Plano Avançado,1164.4,590.81,Transferência,Pago
2025-05-05,4edd1840,Consultoria Financeira,1076.75,344.47,Pix,Pago
2025-05-05,889382a2,Auditoria Contábil,1131.55,460.99,Cartão de Crédito,Pago
2025-05-05,699833e9,Consultoria Financeira,1245.73,844.13,Pix,Cancelado
2025-05-05,6f084a1f,Plano Avançado,1409.82,646.42,Pix,Cancelado
2025-05-05,8b520075,Auditoria Contábil,1189.3,600.63,Cartão de Crédito,Pago
2025-05-05,877afd71,Plano Básico,494.22,201.2,Pix,Pago
2025-05-05,1e76fa0e,Auditoria Contábil,1037.45,604.48,Transferência,Pago
2025-05-05,809e8137,Consultoria Financeira,949.34,642.0,Pix,Pago
2025-05-05,1dd73ec3,Consultoria Financeira,1171.52,584.02,Transferência,Pago
2025-05-05,c6a8f08d,Plano Básico,289.38,149.84,Transferência,Pago
2025-05-05,9ea8ac4b,Consultoria Financeira,1251.01,868.17,Cartão de Crédito,Pendente
2025-05-05,71645e64,Consultoria Financeira,1135.06,769.92,Transferência,Pendente
2025-05-05,74c6dcec,Plano Intermediário,729.52,424.43,Cartão de Crédito,Pago
2025-05-05,5fe2102d,Auditoria Contábil,1176.18,566.38,Transferência,Pendente
2025-05-05,f2f1883d,Plano Intermediário,817.72,402.36,Boleto,Pago
2025-05-05,f2f1883d,Consultoria Financeira,1213.67,545.28,Pix,Pago
2025-05-05,7fe9431e,Plano Básico,570.3,214.22,Cartão de Crédito,Pago
2025-05-05,14d5d4bf,Auditoria Contábil,1176.93,777.2,Boleto,Pago
2025-05-05,5adf9642,Consultoria Financeira,1310.32,445.24,Boleto,Pago
2025-05-05,88b9030f,Plano Intermediário,844.19,457.27,Pix,Pago
2025-05-05,fe8b9235,Plano Básico,56.47,30.24,Pix,Pago
2025-05-05,dd91e604,Plano Intermediário,768.42,257.95,Pix,Pago
2025-05-05,44b4830b,Plano Intermediário,575.02,399.55,Pix,Pendente
2025-05-05,1ec260d5,Plano Avançado,1173.48,615.44,Cartão de Crédito,Pago
2025-05-05,e3445f63,Plano Intermediário,588.52,198.86,Pix,Pago
2025-05-05,53dda9e7,Auditoria Contábil,1319.69,911.05,Pix,Cancelado
2025-05-05,7f123ea3,Consultoria Financeira,1140.31,638.51,Boleto,Pendente
2025-05-05,902164d4,Plano Intermediário,532.55,165.03,Cartão de Crédito,Pago
2025-05-05,65bb5f82,Plano Básico,316.06,129.99,Boleto,Pago
2025-05-05,0c9111bd,Auditoria Contábil,1336.21,433.79,Pix,Pendente
2025-05-05,6c605674,Consultoria Financeira,1089.68,355.5,Transferência,Pendente
2025-05-05,a69c7843,Plano Básico,382.06,220.16,Boleto,Pago
2025-05-05,e674add6,Plano Básico,109.53,48.79,Transferência,Pendente
2025-05-05,e674add6,Plano Básico,444.44,171.88,Transferência,Pago
2025-05-05,37164a6b,Consultoria Financeira,1235.83,580.44,Pix,Pendente
2025-05-05,2a5aaa20,Plano Intermediário,580.34,277.79,Transferência,Pendente
2025-05-05,681d27d6,Plano Básico,372.1,183.86,Cartão de Crédito,Pago
2025-05-05,83e2e600,Plano Avançado,1145.48,592.63,Cartão de Crédito,Pendente
2025-05-05,df99804c,Plano Intermediário,607.85,203.24,Transferência,Pago
2025-05-05,0d3cb43f,Plano Básico,243.46,142.58,Pix,Pendente
2025-05-05,5fa4df12,Plano Intermediário,761.23,347.24,Transferência,Pago
2025-05-05,de946ab3,Consultoria Financeira,1102.14,513.94,Transferência,Pendente
2025-05-05,f6a2c989,Plano Avançado,977.64,332.64,Transferência,Pago
2025-05-05,da462287,Plano Intermediário,648.19,274.74,Cartão de Crédito,Pago
2025-05-05,5fbc6417,Plano Intermediário,824.34,341.68,Transferência,Pago
2025-05-05,b322eeac,Plano Avançado,1322.8,640.29,Transferência,Pendente
2025-05-05,809e8137,Auditoria Contábil,1143.33,353.54,Transferência,Pago
2025-05-05,d4cba754,Plano Avançado,1140.02,750.93,Cartão de Crédito,Pago
2025-05-05,8dd779c0,Plano Intermediário,634.29,261.23,Cartão de Crédito,Pago
2025-05-05,8a5de1a7,Plano Avançado,1130.23,396.67,Cartão de Crédito,Pago
2025-05-05,405479fd,Auditoria Contábil,1136.45,401.94,Transferência,Pago
2025-05-05,8fd2de20,Plano Avançado,1220.83,681.1,Transferência,Pago
2025-05-05,d93c0874,Auditoria Contábil,1327.11,694.04,Pix,Pago
2025-05-05,b98e2b98,Plano Avançado,1101.99,443.45,Cartão de Crédito,Pago
2025-05-05,f42064ce,Plano Avançado,1118.26,575.42,Transferência,Pago
2025-05-05,3268a45e,Plano Intermediário,732.13,347.66,Pix,Pago
2025-05-05,34da685d,Plano Básico,367.23,238.16,Boleto,Pago
2025-05-05,eb7bf608,Plano Intermediário,549.95,384.72,Cartão de Crédito,Pago
2025-05-05,5239936f,Plano Básico,152.12,59.34,Cartão de Crédito,Pago
2025-05-05,186cc208,Auditoria Contábil,1367.23,550.77,Boleto,Pendente
2025-05-05,68819479,Plano Intermediário,473.39,315.05,Cartão de Crédito,Pago
2025-05-05,85050e16,Consultoria Financeira,1164.92,521.09,Boleto,Cancelado
2025-05-05,bd89e3a3,Plano Básico,160.09,101.6,Transferência,Pago
2025-05-05,9ea8ac4b,Auditoria Contábil,1047.97,587.19,Boleto,Cancelado
2025-05-05,9ae0fade,Consultoria Financeira,1042.88,654.05,Cartão de Crédito,Pago
2025-05-05,4de403bd,Plano Intermediário,808.15,254.85,Cartão de Crédito,Pago
2025-05-05,3e210845,Consultoria Financeira,1203.75,552.88,Cartão de Crédito,Pago
2025-05-05,5239936f,Plano Avançado,1309.18,653.11,Transferência,Pago
2025-05-05,bfa26e2d,Plano Básico,284.8,124.51,Cartão de Crédito,Pago
2025-05-05,d55456f6,Plano Intermediário,806.01,286.37,Cartão de Crédito,Pago
2025-05-05,da462287,Auditoria Contábil,1182.39,545.62,Pix,Pago
2025-05-05,a69c7843,Plano Básico,10.05,5.74,Transferência,Pendente
2025-05-05,6c605674,Plano Intermediário,750.57,405.09,Pix,Pago
2025-05-05,3e465ec4,Consultoria Financeira,1191.33,742.19,Cartão de Crédito,Pago
2025-05-05,c1005960,Plano Intermediário,676.51,294.11,Pix,Pago
2025-05-05,3572e701,Auditoria Contábil,1110.65,586.19,Pix,Pendente
2025-05-05,1e76fa0e,Consultoria Financeira,1264.59,653.98,Cartão de Crédito,Pago
2025-05-05,7fe9431e,Auditoria Contábil,1090.1,690.2,Pix,Cancelado
2025-05-05,bd9acbb3,Consultoria Financeira,1264.41,589.21,Transferência,Pago
2025-05-05,7f123ea3,Plano Avançado,1208.2,520.46,Pix,Pago
2025-05-05,e7704e2a,Plano Avançado,1267.24,804.41,Transferência,Pendente
2025-05-05,88b9030f,Plano Avançado,1216.67,849.47,Transferência,Pago
2025-05-05,f42064ce,Plano Avançado,1318.1,545.82,Pix,Pago
2025-05-05,bd9b7985,Plano Intermediário,740.33,292.94,Pix,Pago
2025-05-05,37164a6b,Consultoria Financeira,1210.29,634.36,Pix,Pago
2025-05-05,160977e3,Consultoria Financeira,968.6,572.87,Transferência,Pago
2025-05-05,cf1ebe05,Plano Avançado,1322.7,706.52,Cartão de Crédito,Pago
2025-05-05,4d3f9f70,Plano Intermediário,541.94,281.29,Cartão de Crédito,Pago
2025-05-05,e6e04fe5,Plano Avançado,1067.91,356.53,Pix,Pago
