data,id_cliente,produto,valor_venda,custo,meio_pagamento,status_pagamento
2025-04-22,3e210845,Consultoria Financeira,1248.67,492.94,Pix,Pago
2025-04-22,902164d4,Plano Intermediário,719.73,415.61,Pix,Pendente
2025-04-22,9e03667d,Plano Avançado,1165.97,418.95,Transferência,Cancelado
2025-04-22,c1005960,Consultoria Financeira,1177.43,683.87,Transferência,Pago
2025-04-22,f3713c03,Auditoria Contábil,1291.57,561.1,Transferência,Pago
2025-04-22,e674add6,Plano Básico,418.64,154.02,Pix,Pago
2025-04-22,5fe2102d,Consultoria Financeira,1146.81,678.38,Pix,Cancelado
2025-04-22,c537a075,Consultoria Financeira,1463.24,697.3,Boleto,Pago
2025-04-22,8884a6a4,Plano Básico,173.34,66.66,Boleto,Pago
2025-04-22,b98e2b98,Auditoria Contábil,1101.03,447.35,Boleto,Pago
2025-04-22,cfceac6d,Plano Básico,273.21,85.96,Transferência,Pendente
2025-04-22,1345c41b,Plano Intermediário,629.12,235.65,Boleto,Pago
2025-04-22,805310ba,Auditoria Contábil,1118.07,634.28,Boleto,Pago
2025-04-22,34588043,Plano Intermediário,815.85,478.7,Transferência,Cancelado
2025-04-22,88b9030f,Plano Intermediário,752.4,232.17,Cartão de Crédito,Pago
2025-04-22,4a94313e,Plano Intermediário,709.27,422.34,Transferência,Pago
2025-04-22,14c536e1,Plano Avançado,1150.3,424.44,Transferência,Pago
2025-04-22,d55456f6,Plano Básico,204.68,110.63,Cartão de Crédito,Cancelado
2025-04-22,84833a28,Plano Avançado,1100.61,567.7,Boleto,Pago
2025-04-22,c72662a8,Auditoria Contábil,1315.29,758.09,Transferência,Pago
2025-04-22,ea61cc7f,Auditoria Contábil,1310.65,797.69,Cartão de Crédito,Pendente
2025-04-22,163a3e98,Plano Intermediário,675.42,220.1,Cartão de Crédito,Pago
2025-04-22,88b9030f,Consultoria Financeira,1066.23,557.65,Cartão de Crédito,Pago
2025-04-22,a810c961,Plano Básico,361.22,246.62,Boleto,Pago
2025-04-22,06019269,Auditoria Contábil,1175.76,489.83,Cartão de Crédito,Pago
2025-04-22,4ac7ffdb,Plano Avançado,1296.22,510.4,Boleto,Pago
2025-04-22,681d27d6,Plano Básico,199.19,103.52,Pix,Pendente
2025-04-22,c537a075,Auditoria Contábil,1208.5,363.19,Pix,Pago
2025-04-22,0f77cc0f,Auditoria Contábil,1091.21,751.28,Cartão de Crédito,Cancelado
2025-04-22,07f7efa5,Plano Intermediário,631.58,373.2,Cartão de Crédito,Cancelado
2025-04-22,da560193,Plano Intermediário,629.42,318.94,Boleto,Pago
2025-04-22,eb7bf608,Auditoria Contábil,1173.94,452.41,Transferência,Pago
2025-04-22,160977e3,Plano Básico,424.73,232.04,Pix,Pago
2025-04-22,945c8852,Plano Avançado,1213.55,671.72,Boleto,Pago
2025-04-22,b894acf6,Plano Avançado,1277.77,859.63,Boleto,Pago
2025-04-22,e28e1db0,Consultoria Financeira,1207.47,609.88,Pix,Pago
2025-04-22,50989097,Plano Básico,260.83,97.71,Pix,Pago
2025-04-22,7be9fda6,Consultoria Financeira,1011.75,561.05,Cartão de Crédito,Pendente
2025-04-22,2c43fd10,Consultoria Financeira,1103.79,418.4,Transferência,Pago
2025-04-22,37164a6b,Consultoria Financeira,1200.02,590.23,Transferência,Pago
2025-04-22,8af7aae3,Plano Básico,316.55,181.26,Pix,Pago
2025-04-22,fc732816,Plano Intermediário,796.61,347.01,Boleto,Pago
2025-04-22,0f1b8a1f,Plano Intermediário,543.98,306.62,Transferência,Pago
2025-04-22,63ee329b,Plano Avançado,1411.73,452.08,Boleto,Pago
2025-04-22,0d34ba05,Plano Básico,110.8,47.7,Boleto,Pago
2025-04-22,50989097,Plano Avançado,1193.79,816.99,Transferência,Pago
2025-04-22,d013ff9d,Plano Avançado,1143.69,576.37,Cartão de Crédito,Pago
2025-04-22,63ee329b,Plano Básico,205.34,132.49,Boleto,Pago
2025-04-22,856c4622,Plano Básico,454.08,291.77,Pix,Pago
2025-04-22,0f1b8a1f,Consultoria Financeira,1147.35,486.48,Cartão de Crédito,Pago
2025-04-22,8dcc5eb7,Plano Intermediário,537.7,340.44,Transferência,Pago
2025-04-22,bd9acbb3,Plano Intermediário,578.65,183.86,Cartão de Crédito,Cancelado
2025-04-22,f42064ce,Auditoria Contábil,1309.75,689.16,Cartão de Crédito,Pago
2025-04-22,e517e12f,Plano Avançado,1082.81,513.81,Boleto,Pago
2025-04-22,58fa93e2,Plano Básico,160.62,75.86,Transferência,Pendente
2025-04-22,df99804c,Consultoria Financeira,1218.41,610.03,Boleto,Pago
2025-04-22,7fe9431e,Consultoria Financeira,1173.27,759.26,Cartão de Crédito,Cancelado
2025-04-22,4f8c8ffe,Plano Intermediário,744.84,415.39,Pix,Pago
2025-04-22,de42cc92,Auditoria Contábil,1161.25,467.94,Boleto,Pago
2025-04-22,838c0893,Auditoria Contábil,1271.25,575.34,Transferência,Cancelado
2025-04-22,2c43fd10,Plano Básico,170.23,72.74,Transferência,Pago
2025-04-22,de42cc92,Auditoria Contábil,1053.79,577.95,Cartão de Crédito,Pendente
2025-04-22,805310ba,Plano Intermediário,727.4,454.6,Transferência,Pago
2025-04-22,fd722556,Consultoria Financeira,1173.41,575.67,Cartão de Crédito,Pago
2025-04-22,34588043,Plano Básico,256.16,78.65,Transferência,Pago
2025-04-22,f5534c19,Auditoria Contábil,1261.16,690.72,Cartão de Crédito,Pago
2025-04-22,1dd73ec3,Plano Avançado,1430.0,943.42,Transferência,Pago
2025-04-22,2ed6ef07,Consultoria Financeira,1055.87,726.41,Cartão de Crédito,Pago
2025-04-22,34588043,Plano Intermediário,828.91,276.46,Transferência,Pago
2025-04-22,4d3f9f70,Auditoria Contábil,1265.64,461.06,Cartão de Crédito,Pago
2025-04-22,360ab68d,Consultoria Financeira,1152.05,551.12,Cartão de Crédito,Pendente
2025-04-22,1345c41b,Consultoria Financeira,1362.93,577.12,Cartão de Crédito,Pago
2025-04-22,bfa26e2d,Auditoria Contábil,1079.15,594.36,Transferência,Pendente
2025-04-22,e7704e2a,Plano Básico,341.21,126.08,Boleto,Pendente
2025-04-22,b98e2b98,Plano Intermediário,681.36,267.4,Cartão de Crédito,Pendente
2025-04-22,73af6a17,Plano Avançado,1152.06,755.29,Cartão de Crédito,Pago
2025-04-22,8fd2de20,Auditoria Contábil,1091.14,347.35,Pix,Pago
2025-04-22,8dd779c0,Consultoria Financeira,1480.14,448.34,Boleto,Pago
2025-04-22,da560193,Plano Básico,251.28,102.18,Transferência,Pendente
2025-04-22,bc7e9946,Plano Básico,78.24,34.27,Transferência,Pago
2025-04-22,b64c91ff,Plano Básico,382.61,142.96,Pix,Pendente
2025-04-22,e7704e2a,Plano Básico,332.17,211.31,Boleto,Pago
2025-04-22,4331374a,Plano Básico,272.06,85.66,Boleto,Pago
2025-04-22,3e465ec4,Auditoria Contábil,1162.91,414.37,Cartão de Crédito,Pago
2025-04-22,64952769,Plano Intermediário,691.88,229.06,Cartão de Crédito,Pago
2025-04-22,1345c41b,Consultoria Financeira,1283.53,877.79,Boleto,Pago
2025-04-22,0f1b8a1f,Plano Intermediário,733.61,494.0,Pix,Pendente
2025-04-22,8dd779c0,Plano Básico,350.01,135.82,Pix,Cancelado
2025-04-22,03bbe434,Plano Intermediário,749.96,485.9,Pix,Pago
2025-04-22,16b27319,Plano Avançado,1288.44,797.24,Pix,Pago
2025-04-22,1e76fa0e,Consultoria Financeira,1318.88,534.12,Boleto,Pago
2025-04-22,bb3d4eda,Plano Intermediário,633.5,273.32,Pix,Pago
2025-04-22,fd722556,Auditoria Contábil,1218.29,556.19,Transferência,Pago
2025-04-22,fd634e85,Plano Avançado,1014.63,693.98,Cartão de Crédito,Pago
2025-04-22,1ec260d5,Plano Avançado,1313.46,843.46,Pix,Pago
2025-04-22,bcf6c281,Plano Intermediário,632.81,300.11,Cartão de Crédito,Pago
2025-04-22,e31cf753,Plano Intermediário,838.31,557.61,Pix,Pago
2025-04-22,0d3cb43f,Auditoria Contábil,1131.98,681.42,Transferência,Pago
2025-04-22,2c46ff5e,Consultoria Financeira,1237.37,563.04,Transferência,Pago
2025-04-22,1ec260d5,Plano Básico,273.74,145.22,Pix,Pago
2025-04-22,ef39a43c,Plano Básico,257.89,158.29,Cartão de Crédito,Pago
2025-04-22,f4574bde,Consultoria Financeira,1244.79,670.28,Pix,Pago
2025-04-22,0801ddf7,Consultoria Financeira,1319.82,406.1,Boleto,Pago
2025-04-22,8dd779c0,Plano Intermediário,671.45,231.57,Transferência,Pago
2025-04-22,e28e1db0,Auditoria Contábil,1329.99,748.93,Boleto,Pendente
2025-04-22,9f671442,Plano Básico,228.6,121.72,Pix,Pago
2025-04-22,bc7e9946,Plano Básico,421.49,166.06,Pix,Pago
2025-04-22,73af6a17,Consultoria Financeira,1210.58,577.43,Cartão de Crédito,Pago
2025-04-22,723e148d,Plano Intermediário,731.05,292.58,Boleto,Pendente
2025-04-22,ef39a43c,Auditoria Contábil,1088.48,471.9,Cartão de Crédito,Pago
2025-04-22,4ac7ffdb,Plano Avançado,1153.96,388.63,Boleto,Pendente
2025-04-22,b98e2b98,Plano Intermediário,697.2,400.45,Transferência,Pago
2025-04-22,7d8188f3,Plano Avançado,1306.93,755.23,Cartão de Crédito,Pago
2025-04-22,5c901b8a,Auditoria Contábil,1179.18,357.57,Transferência,Pago
2025-04-22,da462287,Plano Básico,221.23,135.48,Cartão de Crédito,Pago
2025-04-22,11e08084,Auditoria Contábil,1222.63,851.69,Transferência,Pago
2025-04-22,8b520075,Plano Intermediário,896.36,354.0,Pix,Pago
2025-04-22,111842ea,Plano Avançado,1233.52,585.97,Pix,Pago
2025-04-22,4c93ecbf,Consultoria Financeira,1178.06,478.54,Transferência,Pago
2025-04-22,8fd2de20,Plano Básico,323.49,154.68,Transferência,Pago
2025-04-22,cefd3c78,Plano Avançado,1114.94,748.23,Pix,Pago
2025-04-22,4ac7ffdb,Plano Intermediário,845.45,285.58,Boleto,Pago
2025-04-22,43c9d6f5,Plano Intermediário,843.4,329.26,Transferência,Pendente
2025-04-22,8dcc5eb7,Plano Básico,211.34,118.89,Boleto,Pago
2025-04-22,29c41e63,Consultoria Financeira,1340.43,580.49,Boleto,Pago
2025-04-22,9f671442,Plano Básico,324.52,174.29,Transferência,Pago
2025-04-22,e7704e2a,Consultoria Financeira,1267.76,759.43,Boleto,Pago
2025-04-22,91953d5e,Auditoria Contábil,1199.23,710.2,Transferência,Pago
2025-04-22,186cc208,Plano Básico,306.58,149.24,Pix,Pago
2025-04-22,3e465ec4,Auditoria Contábil,1139.92,765.04,Pix,Pendente
2025-04-22,d25f4939,Consultoria Financeira,1112.72,516.9,Transferência,Pendente
2025-04-22,838c0893,Plano Intermediário,607.98,241.58,Pix,Pendente
2025-04-22,c72662a8,Auditoria Contábil,1310.27,828.69,Boleto,Pago
2025-04-22,1345c41b,Plano Básico,317.78,131.18,Transferência,Pendente
2025-04-22,06019269,Auditoria Contábil,1116.75,743.87,Boleto,Pendente
2025-04-22,89567f21,Consultoria Financeira,1209.54,558.45,Pix,Pendente
2025-04-22,4a94313e,Auditoria Contábil,1042.28,504.74,Boleto,Pago
2025-04-22,4c93ecbf,Plano Avançado,1114.98,446.78,Transferência,Pago
2025-04-22,91953d5e,Auditoria Contábil,1321.14,837.21,Pix,Pago
2025-04-22,4f8c8ffe,Plano Avançado,1149.46,484.7,Pix,Pendente
2025-04-22,9f671442,Plano Básico,406.85,130.63,Transferência,Pendente
2025-04-22,50989097,Plano Intermediário,691.14,453.15,Pix,Pago
2025-04-22,bcf6c281,Auditoria Contábil,1268.47,676.12,Cartão de Crédito,Pago
2025-04-22,b4baf750,Consultoria Financeira,1092.3,569.28,Pix,Pago
2025-04-22,6f084a1f,Consultoria Financeira,1252.12,781.97,Pix,Pago
2025-04-22,07f7efa5,Auditoria Contábil,991.57,383.32,Cartão de Crédito,Pago
2025-04-22,e28e1db0,Consultoria Financeira,1157.85,434.85,Pix,Pendente
2025-04-22,a6af877d,Auditoria Contábil,1327.22,801.1,Transferência,Pendente
2025-04-22,4331374a,Plano Básico,303.23,98.72,Pix,Pago
2025-04-22,bd89e3a3,Consultoria Financeira,1110.62,491.52,Transferência,Pago
2025-04-22,da462287,Plano Avançado,1317.48,608.49,Boleto,Pago
2025-04-22,c537a075,Plano Intermediário,911.6,429.93,Pix,Pago
2025-04-22,04ac6356,Plano Intermediário,675.48,460.21,Pix,Cancelado
2025-04-22,5fbc6417,Plano Avançado,1048.16,671.01,Transferência,Pendente
2025-04-22,27ddd74f,Plano Avançado,1204.62,620.54,Cartão de Crédito,Pago
2025-04-22,07f7efa5,Consultoria Financeira,1274.89,780.6,Boleto,Pago
2025-04-22,b054bf90,Consultoria Financeira,1180.68,811.68,Boleto,Pago
2025-04-22,da560193,Consultoria Financeira,1002.16,570.09,Boleto,Pago
2025-04-22,e31cf753,Plano Intermediário,763.9,319.43,Boleto,Pendente
2025-04-22,da560193,Plano Intermediário,629.15,194.13,Boleto,Pago
2025-04-22,681d27d6,Auditoria Contábil,1156.49,772.72,Cartão de Crédito,Pendente
2025-04-22,37164a6b,Auditoria Contábil,1052.2,685.69,Boleto,Pago
2025-04-22,ac40ed62,Auditoria Contábil,970.87,506.8,Cartão de Crédito,Pago
2025-04-22,b054bf90,Plano Intermediário,589.15,234.12,Pix,Pago
2025-04-22,fc732816,Plano Intermediário,648.19,316.95,Cartão de Crédito,Pago
2025-04-22,186cc208,Plano Básico,246.18,122.26,Pix,Pendente
2025-04-22,e6e04fe5,Auditoria Contábil,1350.83,528.67,Transferência,Pago
2025-04-22,c1005960,Plano Avançado,1099.97,516.11,Cartão de Crédito,Pago
2025-04-22,3e210845,Auditoria Contábil,1297.19,558.35,Cartão de Crédito,Cancelado
2025-04-22,73af6a17,Plano Intermediário,714.34,252.46,Transferência,Pago
2025-04-22,8d9c0793,Auditoria Contábil,1367.82,470.45,Boleto,Pago
2025-04-22,de42cc92,Auditoria Contábil,1192.7,560.42,Pix,Pago
2025-04-22,34da685d,Auditoria Contábil,1010.54,644.77,Cartão de Crédito,Pago
2025-04-22,bc7e9946,Auditoria Contábil,1184.0,640.38,Pix,Pago
2025-04-22,fe8b9235,Plano Avançado,975.15,486.5,Cartão de Crédito,Cancelado
2025-04-22,5c88b44f,Plano Intermediário,587.49,185.75,Transferência,Pago
2025-04-22,163a3e98,Plano Básico,285.5,102.05,Cartão de Crédito,Pendente
2025-04-22,8dd779c0,Plano Básico,287.83,162.45,Pix,Pago
2025-04-22,1e76fa0e,Consultoria Financeira,1293.41,776.99,Pix,Pago
2025-04-22,51dcc5b4,Consultoria Financeira,1243.35,596.65,Pix,Cancelado
2025-04-22,5c88b44f,Plano Intermediário,855.64,432.18,Boleto,Pago
2025-04-22,e7704e2a,Auditoria Contábil,1293.29,634.05,Boleto,Pago
2025-04-22,d2f63bb1,Plano Avançado,1279.48,713.41,Cartão de Crédito,Pendente
2025-04-22,f2f1883d,Auditoria Contábil,1400.64,763.55,Boleto,Pago
2025-04-22,1ec260d5,Consultoria Financeira,1287.87,654.11,Boleto,Pago
2025-04-22,e11548e5,Auditoria Contábil,1334.87,764.51,Cartão de Crédito,Pago
2025-04-22,1345c41b,Plano Básico,142.78,42.91,Pix,Pendente
2025-04-22,e31cf753,Plano Básico,269.25,141.08,Boleto,Pago
2025-04-22,160977e3,Consultoria Financeira,1238.99,550.84,Cartão de Crédito,Pago
2025-04-22,03bbe434,Plano Intermediário,707.49,323.79,Pix,Pago
2025-04-22,d2f63bb1,Plano Avançado,1125.88,611.99,Transferência,Pendente
2025-04-22,11255cd4,Plano Básico,380.77,218.98,Boleto,Pago
2025-04-22,4c93ecbf,Auditoria Contábil,1305.74,623.51,Transferência,Cancelado
2025-04-22,b64c91ff,Consultoria Financeira,1191.92,493.41,Transferência,Pago
2025-04-22,1543f02f,Auditoria Contábil,1174.12,808.86,Boleto,Pago
2025-04-22,0f1b8a1f,Plano Básico,250.29,131.0,Pix,Pendente
2025-04-22,b98e2b98,Consultoria Financeira,1285.3,618.56,Pix,Pago
2025-04-22,8fd2de20,Auditoria Contábil,1172.19,499.46,Boleto,Pago
2025-04-22,b9322c5f,Plano Intermediário,704.37,433.73,Boleto,Pago
2025-04-22,7fe9431e,Plano Intermediário,822.28,305.68,Pix,Pago
2025-04-22,b4fc9431,Plano Avançado,1229.01,511.74,Transferência,Pago
2025-04-22,fec30ee1,Consultoria Financeira,1204.39,744.0,Cartão de Crédito,Pago
2025-04-22,de962a39,Auditoria Contábil,1142.48,691.44,Pix,Pendente
2025-04-22,1b2bdc70,Plano Intermediário,698.81,256.76,Boleto,Pago
2025-04-22,11e08084,Plano Intermediário,628.68,426.71,Transferência,Pago
