data,id_cliente,produto,valor_venda,custo,meio_pagamento,status_pagamento
2025-04-23,ef39a43c,Auditoria Contábil,1285.14,493.71,Pix,Pago
2025-04-23,85daef29,Consultoria Financeira,1282.3,712.76,Pix,Pago
2025-04-23,f4574bde,Consultoria Financeira,1204.15,444.53,Boleto,Pendente
2025-04-23,f42064ce,Auditoria Contábil,1128.52,605.58,Transferência,Pago
2025-04-23,5a66b672,Plano Básico,479.45,284.61,Cartão de Crédito,Pago
2025-04-23,83e2e600,Auditoria Contábil,1336.1,786.78,Boleto,Cancelado
2025-04-23,1e76fa0e,Auditoria Contábil,1206.48,658.77,Boleto,Pago
2025-04-23,14d5d4bf,Auditoria Contábil,1224.55,825.79,Cartão de Crédito,Pago
2025-04-23,1345c41b,Plano Básico,274.48,97.38,Boleto,Pago
2025-04-23,58fa93e2,Auditoria Contábil,1029.54,619.59,Cartão de Crédito,Pago
2025-04-23,6bffad7d,Plano Intermediário,691.69,407.16,Cartão de Crédito,Pendente
2025-04-23,50989097,Plano Avançado,1250.44,603.7,Transferência,Pago
2025-04-23,5c88b44f,Consultoria Financeira,1145.87,494.22,Boleto,Pago
2025-04-23,07f7efa5,Plano Intermediário,669.57,378.14,Pix,Pago
2025-04-23,d421c1e5,Plano Intermediário,668.71,347.84,Cartão de Crédito,Pago
2025-04-23,3572e701,Plano Intermediário,712.35,416.55,Boleto,Cancelado
2025-04-23,1ec260d5,Consultoria Financeira,1178.33,381.04,Cartão de Crédito,Pendente
2025-04-23,de42cc92,Plano Avançado,1117.17,739.01,Boleto,Pendente
2025-04-23,da462287,Plano Intermediário,712.02,471.96,Boleto,Pago
2025-04-23,b9322c5f,Auditoria Contábil,1245.08,777.65,Pix,Pago
2025-04-23,b4947d3a,Consultoria Financeira,1220.97,770.94,Pix,Pago
2025-04-23,1e76fa0e,Auditoria Contábil,1022.81,395.95,Boleto,Pago
2025-04-23,69694584,Auditoria Contábil,1263.69,544.5,Boleto,Pago
2025-04-23,07f7efa5,Consultoria Financeira,1089.55,439.59,Boleto,Pago
2025-04-23,2c46ff5e,Consultoria Financeira,1243.35,605.79,Cartão de Crédito,Pendente
2025-04-23,63ee329b,Consultoria Financeira,1247.8,835.12,Cartão de Crédito,Pendente
2025-04-23,4de403bd,Auditoria Contábil,1056.04,632.82,Pix,Pago
2025-04-23,14d5d4bf,Plano Básico,388.56,192.41,Pix,Pago
2025-04-23,5adf9642,Plano Avançado,1378.17,516.3,Transferência,Pago
2025-04-23,3e465ec4,Auditoria Contábil,1172.37,394.53,Pix,Pago
2025-04-23,5a66b672,Consultoria Financeira,1243.37,746.03,Cartão de Crédito,Pago
2025-04-23,6f084a1f,Auditoria Contábil,1155.91,359.85,Transferência,Pago
2025-04-23,88b9030f,Consultoria Financeira,1088.35,386.18,Boleto,Pendente
2025-04-23,e674add6,Plano Intermediário,798.79,358.92,Pix,Pago
2025-04-23,d013ff9d,Auditoria Contábil,1245.92,809.64,Boleto,Pago
2025-04-23,360ab68d,Auditoria Contábil,1134.32,408.69,Transferência,Pago
2025-04-23,902164d4,Auditoria Contábil,1092.17,598.75,Cartão de Crédito,Pendente
2025-04-23,eb7bf608,Plano Intermediário,884.87,535.05,Boleto,Pago
2025-04-23,5a66b672,Plano Básico,169.24,87.71,Boleto,Pago
2025-04-23,72592469,Plano Intermediário,759.91,318.88,Transferência,Pago
2025-04-23,e3445f63,Consultoria Financeira,1217.57,540.19,Transferência,Pago
2025-04-23,df74f82a,Auditoria Contábil,1277.01,474.3,Transferência,Pago
2025-04-23,0d34ba05,Plano Avançado,1350.61,608.39,Pix,Pago
2025-04-23,b4a1b003,Plano Básico,54.18,20.12,Boleto,Pago
2025-04-23,63ee329b,Plano Avançado,1101.92,738.04,Boleto,Pendente
2025-04-23,0d34ba05,Auditoria Contábil,1188.63,679.93,Boleto,Pago
2025-04-23,89567f21,Plano Intermediário,859.91,566.61,Cartão de Crédito,Pago
2025-04-23,fec30ee1,Plano Avançado,1159.99,599.81,Boleto,Pago
2025-04-23,1fd8d42c,Plano Intermediário,641.68,397.59,Boleto,Pago
2025-04-23,f42064ce,Plano Básico,89.74,37.43,Pix,Pago
2025-04-23,11255cd4,Plano Intermediário,632.65,233.92,Pix,Pago
2025-04-23,de42cc92,Plano Intermediário,756.29,476.1,Pix,Pago
2025-04-23,29c41e63,Plano Avançado,1189.26,585.62,Pix,Pago
2025-04-23,11e08084,Plano Básico,230.35,120.59,Cartão de Crédito,Pago
2025-04-23,cfceac6d,Auditoria Contábil,1386.42,448.12,Cartão de Crédito,Pago
2025-04-23,902164d4,Plano Básico,271.88,170.42,Boleto,Pago
2025-04-23,65bb5f82,Plano Intermediário,712.34,448.76,Transferência,Pago
2025-04-23,b9322c5f,Plano Avançado,1124.69,553.94,Pix,Pago
2025-04-23,85050e16,Plano Básico,187.71,101.11,Pix,Pago
2025-04-23,29c41e63,Plano Básico,369.92,155.04,Transferência,Pago
2025-04-23,5fbc6417,Plano Básico,139.24,44.86,Boleto,Pago
2025-04-23,163a3e98,Auditoria Contábil,1247.28,447.45,Cartão de Crédito,Pago
2025-04-23,e3445f63,Plano Básico,27.75,14.44,Cartão de Crédito,Pago
2025-04-23,f5534c19,Auditoria Contábil,1232.43,829.8,Pix,Pago
2025-04-23,73af6a17,Plano Intermediário,596.37,225.59,Boleto,Pago
2025-04-23,b4fc9431,Auditoria Contábil,1114.45,491.46,Transferência,Pago
2025-04-23,58fa93e2,Consultoria Financeira,1172.64,433.19,Pix,Pendente
2025-04-23,e746ca72,Plano Avançado,1080.66,454.13,Transferência,Pago
2025-04-23,bd5fc63d,Plano Avançado,1016.68,572.03,Cartão de Crédito,Pendente
2025-04-23,d4cba754,Consultoria Financeira,1182.13,445.59,Cartão de Crédito,Pendente
2025-04-23,1345c41b,Consultoria Financeira,1275.29,520.69,Boleto,Pago
2025-04-23,73af6a17,Plano Avançado,1222.62,589.31,Cartão de Crédito,Pago
2025-04-23,7675fac6,Plano Intermediário,811.79,292.13,Transferência,Pago
2025-04-23,89567f21,Plano Avançado,1026.75,695.38,Cartão de Crédito,Pago
2025-04-23,1543f02f,Plano Básico,260.68,170.39,Pix,Cancelado
2025-04-23,9ea8ac4b,Plano Intermediário,703.42,274.35,Cartão de Crédito,Pendente
2025-04-23,bd9b7985,Plano Básico,214.54,99.61,Cartão de Crédito,Pendente
2025-04-23,27ddd74f,Plano Intermediário,707.71,306.92,Pix,Pago
2025-04-23,5fe2102d,Auditoria Contábil,1305.57,500.24,Pix,Pendente
2025-04-23,0d34ba05,Consultoria Financeira,1250.25,609.15,Transferência,Pendente
2025-04-23,da560193,Plano Intermediário,821.21,317.8,Cartão de Crédito,Pago
2025-04-23,f3617404,Auditoria Contábil,1228.31,624.03,Pix,Pendente
2025-04-23,0c9111bd,Auditoria Contábil,1189.79,547.64,Pix,Pago
2025-04-23,5c88b44f,Auditoria Contábil,1351.93,589.5,Transferência,Pago
2025-04-23,1b2bdc70,Plano Intermediário,711.67,264.37,Boleto,Pago
2025-04-23,c6a8f08d,Plano Básico,476.99,279.08,Boleto,Pago
2025-04-23,4d3f9f70,Auditoria Contábil,1291.0,842.76,Transferência,Pago
2025-04-23,df99804c,Plano Avançado,1133.89,774.83,Cartão de Crédito,Pago
2025-04-23,4edd1840,Plano Avançado,1179.94,559.3,Cartão de Crédito,Pago
2025-04-23,e6e04fe5,Consultoria Financeira,1350.89,700.58,Pix,Pago
2025-04-23,1e76fa0e,Plano Intermediário,811.83,310.2,Boleto,Pago
2025-04-23,8d9c0793,Consultoria Financeira,1273.68,663.83,Transferência,Pago
2025-04-23,c537a075,Plano Avançado,1261.89,625.17,Cartão de Crédito,Pago
2025-04-23,df74f82a,Plano Intermediário,572.29,389.99,Boleto,Cancelado
2025-04-23,83e2e600,Plano Avançado,1091.68,669.69,Transferência,Pago
2025-04-23,73af6a17,Plano Básico,323.36,118.66,Boleto,Pago
2025-04-23,0f77cc0f,Consultoria Financeira,1411.68,976.01,Cartão de Crédito,Pago
2025-04-23,1b2bdc70,Auditoria Contábil,1116.38,555.42,Cartão de Crédito,Pago
2025-04-23,5fe2102d,Consultoria Financeira,1173.42,762.25,Cartão de Crédito,Pago
2025-04-23,cefd3c78,Auditoria Contábil,1166.54,368.15,Transferência,Pago
2025-04-23,f42064ce,Plano Intermediário,756.56,483.53,Boleto,Pago
2025-04-23,2c43fd10,Auditoria Contábil,1227.25,650.16,Pix,Pago
2025-04-23,c72662a8,Consultoria Financeira,1303.04,814.72,Transferência,Pendente
2025-04-23,b9322c5f,Plano Avançado,1229.17,640.52,Boleto,Pendente
2025-04-23,bd5fc63d,Plano Intermediário,721.41,495.65,Boleto,Pago
2025-04-23,fe8b9235,Plano Avançado,1199.94,546.0,Cartão de Crédito,Pago
2025-04-23,43c9d6f5,Plano Básico,419.66,228.81,Cartão de Crédito,Pago
2025-04-23,e3445f63,Plano Básico,301.0,195.16,Pix,Pago
2025-04-23,0f77cc0f,Auditoria Contábil,1131.13,435.92,Pix,Pago
2025-04-23,44b4830b,Consultoria Financeira,1266.94,597.27,Cartão de Crédito,Pago
2025-04-23,6bffad7d,Auditoria Contábil,1188.79,527.05,Pix,Pago
2025-04-23,9ae0fade,Plano Intermediário,789.65,436.52,Cartão de Crédito,Pago
2025-04-23,723e148d,Plano Intermediário,425.96,264.21,Boleto,Pago
2025-04-23,cd692f1a,Auditoria Contábil,1331.62,683.77,Boleto,Pago
2025-04-23,2c43fd10,Plano Básico,280.14,121.97,Boleto,Pago
2025-04-23,a6af877d,Plano Básico,427.47,223.66,Cartão de Crédito,Pago
2025-04-23,de946ab3,Consultoria Financeira,1292.47,417.01,Boleto,Pago
2025-04-23,838c0893,Auditoria Contábil,1146.72,473.65,Pix,Pago
2025-04-23,06019269,Plano Básico,218.07,124.16,Pix,Pendente
2025-04-23,14c536e1,Plano Avançado,1110.62,567.71,Boleto,Pago
2025-04-23,5a66b672,Plano Básico,189.6,73.26,Transferência,Pendente
2025-04-23,7fe9431e,Consultoria Financeira,1316.15,719.06,Transferência,Pendente
2025-04-23,3572e701,Plano Básico,281.51,117.37,Boleto,Pago
2025-04-23,d4cba754,Plano Avançado,1368.57,943.36,Cartão de Crédito,Pago
2025-04-23,4a94313e,Plano Básico,235.38,154.7,Boleto,Pago
2025-04-23,4a94313e,Auditoria Contábil,1152.14,373.65,Pix,Pago
2025-04-23,5fe2102d,Consultoria Financeira,1251.57,494.19,Cartão de Crédito,Pendente
2025-04-23,01e0c209,Plano Básico,462.19,254.08,Cartão de Crédito,Pago
2025-04-23,0371adaf,Plano Básico,248.02,97.98,Pix,Pago
2025-04-23,de946ab3,Auditoria Contábil,1279.91,801.23,Boleto,Pendente
2025-04-23,9e842c39,Plano Intermediário,700.61,300.75,Cartão de Crédito,Pendente
2025-04-23,8519c9b9,Auditoria Contábil,1252.8,467.92,Pix,Pago
2025-04-23,5fa4df12,Plano Básico,223.16,112.61,Cartão de Crédito,Pago
2025-04-23,50989097,Plano Básico,368.59,249.89,Pix,Pendente
2025-04-23,b054bf90,Plano Básico,273.78,82.81,Boleto,Pago
2025-04-23,ef39a43c,Auditoria Contábil,1156.43,767.26,Boleto,Pago
2025-04-23,3e210845,Auditoria Contábil,1196.71,607.17,Transferência,Pendente
2025-04-23,838c0893,Auditoria Contábil,1259.11,726.71,Boleto,Pago
2025-04-23,d2f63bb1,Plano Avançado,1184.36,766.34,Transferência,Pago
2025-04-23,fc732816,Plano Intermediário,657.34,453.39,Cartão de Crédito,Pendente
2025-04-23,b64c91ff,Plano Intermediário,687.53,210.98,Boleto,Pago
2025-04-23,16b27319,Consultoria Financeira,1185.18,360.34,Pix,Pago
2025-04-23,91953d5e,Plano Avançado,1250.53,719.88,Pix,Pago
2025-04-23,6f084a1f,Consultoria Financeira,1163.3,612.15,Pix,Pago
2025-04-23,de42cc92,Plano Básico,260.96,144.81,Pix,Pago
2025-04-23,07f7efa5,Plano Intermediário,623.94,426.53,Transferência,Pago
2025-04-23,8af7aae3,Plano Básico,357.09,198.36,Transferência,Pago
2025-04-23,88019547,Consultoria Financeira,1213.73,565.25,Transferência,Pendente
2025-04-23,5c901b8a,Plano Básico,418.96,289.45,Boleto,Pago
2025-04-23,3572e701,Plano Intermediário,804.22,547.93,Cartão de Crédito,Pago
2025-04-23,d2f63bb1,Auditoria Contábil,1223.33,697.47,Transferência,Pendente
2025-04-23,809e8137,Plano Avançado,1190.64,376.25,Cartão de Crédito,Pago
2025-04-23,8dd779c0,Plano Básico,300.92,114.45,Cartão de Crédito,Pago
2025-04-23,ef39a43c,Auditoria Contábil,1141.33,481.61,Transferência,Pago
2025-04-23,29c41e63,Plano Básico,224.88,99.85,Boleto,Pago
2025-04-23,4d3f9f70,Consultoria Financeira,1112.03,352.45,Boleto,Pendente
2025-04-23,4edd1840,Plano Intermediário,682.57,388.78,Boleto,Pago
2025-04-23,fe8b9235,Plano Básico,64.43,35.68,Pix,Pago
2025-04-23,352fbcce,Auditoria Contábil,1357.46,856.65,Pix,Pago
2025-04-23,c72662a8,Plano Intermediário,890.75,606.98,Cartão de Crédito,Pago
2025-04-23,4331374a,Plano Avançado,1102.26,700.87,Cartão de Crédito,Pago
2025-04-23,2c46ff5e,Plano Básico,488.76,181.25,Boleto,Pago
2025-04-23,07f7efa5,Plano Avançado,1103.48,578.45,Pix,Pago
2025-04-23,fc732816,Plano Intermediário,701.47,470.73,Pix,Pago
2025-04-23,2ed6ef07,Consultoria Financeira,1238.62,573.4,Boleto,Pago
2025-04-23,88b9030f,Auditoria Contábil,1209.9,495.85,Transferência,Pago
2025-04-23,64952769,Plano Básico,247.76,77.55,Cartão de Crédito,Pago
2025-04-23,f3617404,Consultoria Financeira,1143.32,707.28,Pix,Pago
2025-04-23,fa1fca51,Plano Intermediário,781.09,324.38,Cartão de Crédito,Pago
2025-04-23,64952769,Auditoria Contábil,1322.27,719.31,Pix,Pago
2025-04-23,bc7e9946,Plano Avançado,1033.13,541.56,Transferência,Pago
2025-04-23,8d9c0793,Plano Básico,325.2,150.08,Pix,Pago
2025-04-23,5adf9642,Consultoria Financeira,1259.91,812.58,Boleto,Pago
2025-04-23,b4947d3a,Consultoria Financeira,1218.23,828.66,Transferência,Pendente
2025-04-23,bcf6c281,Consultoria Financeira,1068.58,587.89,Pix,Pago
2025-04-23,de42cc92,Plano Básico,351.62,223.54,Pix,Pago
2025-04-23,186cc208,Plano Intermediário,806.54,546.67,Boleto,Pendente
2025-04-23,f4574bde,Plano Básico,222.52,109.84,Transferência,Pago
2025-04-23,b4fc9431,Consultoria Financeira,1146.74,665.96,Cartão de Crédito,Pago
2025-04-23,e674add6,Plano Básico,320.0,184.96,Cartão de Crédito,Pago
2025-04-23,64adcc21,Plano Avançado,1193.3,549.55,Cartão de Crédito,Pago
2025-04-23,945c8852,Plano Intermediário,647.23,238.14,Pix,Pago
2025-04-23,6c605674,Plano Avançado,1087.27,372.41,Transferência,Pago
2025-04-23,27ddd74f,Plano Intermediário,654.93,250.14,Pix,Pago
2025-04-23,699833e9,Plano Intermediário,499.83,210.21,Transferência,Pago
2025-04-23,c537a075,Consultoria Financeira,1261.74,738.16,Pix,Cancelado
2025-04-23,74c6dcec,Plano Intermediário,632.66,350.48,Transferência,Cancelado
2025-04-23,b894acf6,Consultoria Financeira,1278.12,879.11,Pix,Pago
2025-04-23,3572e701,Consultoria Financeira,1178.46,435.39,Pix,Pago
2025-04-23,8af7aae3,Consultoria Financeira,1214.11,408.55,Boleto,Pendente
2025-04-23,0d34ba05,Plano Intermediário,547.5,259.83,Transferência,Pago
2025-04-23,cd692f1a,Consultoria Financeira,1269.43,548.86,Pix,Pago
2025-04-23,63ee329b,Plano Avançado,1457.28,753.38,Cartão de Crédito,Pago
2025-04-23,03bbe434,Consultoria Financeira,1163.88,380.08,Pix,Pago
2025-04-23,0c9111bd,Plano Básico,312.25,162.6,Transferência,Pago
2025-04-23,69694584,Consultoria Financeira,1224.53,711.86,Cartão de Crédito,Pago
2025-04-23,8dd779c0,Plano Avançado,1075.75,409.85,Transferência,Pendente
2025-04-23,5a66b672,Plano Básico,198.43,108.22,Transferência,Pendente
2025-04-23,53dda9e7,Auditoria Contábil,1253.82,582.76,Cartão de Crédito,Pago
2025-04-23,df74f82a,Consultoria Financeira,1122.57,387.18,Boleto,Cancelado
2025-04-23,11255cd4,Auditoria Contábil,1177.63,695.62,Pix,Pago
2025-04-23,e517e12f,Plano Básico,314.34,184.31,Transferência,Pago
2025-04-23,f2f1883d,Plano Avançado,1257.54,760.54,Pix,Pago
2025-04-23,58fa93e2,Consultoria Financeira,1182.82,787.7,Pix,Pago
2025-04-23,cefd3c78,Plano Avançado,1185.34,422.11,Transferência,Pago
2025-04-23,f3617404,Auditoria Contábil,1434.91,742.42,Boleto,Pago
2025-04-23,68819479,Plano Avançado,1294.99,439.81,Cartão de Crédito,Pendente
2025-04-23,0801ddf7,Plano Intermediário,666.49,305.43,Pix,Pago
2025-04-23,a810c961,Consultoria Financeira,1186.47,445.45,Cartão de Crédito,Pago
2025-04-23,0d34ba05,Plano Intermediário,881.16,451.9,Cartão de Crédito,Pendente
2025-04-23,b4a1b003,Consultoria Financeira,1257.91,595.87,Boleto,Pago
2025-04-23,f3617404,Consultoria Financeira,1308.96,507.55,Transferência,Pago
2025-04-23,5fa4df12,Consultoria Financeira,1164.07,691.09,Boleto,Cancelado
2025-04-23,4d3f9f70,Consultoria Financeira,1152.97,483.0,Cartão de Crédito,Pago
2025-04-23,11e08084,Plano Intermediário,849.85,414.91,Transferência,Pago
2025-04-23,4ac7ffdb,Auditoria Contábil,1193.67,598.83,Pix,Pago
2025-04-23,e024c907,Plano Básico,292.14,186.87,Transferência,Pago
2025-04-23,2a5aaa20,Consultoria Financeira,1157.84,381.01,Boleto,Pago
2025-04-23,7f123ea3,Plano Intermediário,804.51,424.4,Boleto,Pendente
2025-04-23,06019269,Consultoria Financeira,1315.5,918.74,Boleto,Pago
2025-04-23,4ac7ffdb,Plano Intermediário,719.37,362.03,Pix,Pago
2025-04-23,f3617404,Plano Básico,192.93,58.25,Pix,Pago
2025-04-23,6c605674,Consultoria Financeira,1147.23,577.8,Pix,Pendente
2025-04-23,da462287,Plano Básico,427.24,214.4,Cartão de Crédito,Pendente
2025-04-23,1b2bdc70,Consultoria Financeira,1221.74,814.4,Cartão de Crédito,Pago
2025-04-23,7d8188f3,Plano Básico,405.63,145.75,Transferência,Pago
2025-04-23,85050e16,Plano Avançado,1239.75,796.09,Cartão de Crédito,Pago
2025-04-23,0da75a0d,Consultoria Financeira,1104.56,415.21,Cartão de Crédito,Pago
2025-04-23,43c9d6f5,Consultoria Financeira,1250.69,838.71,Cartão de Crédito,Pendente
2025-04-23,d4cba754,Plano Intermediário,695.98,296.06,Transferência,Pendente
2025-04-23,d421c1e5,Plano Intermediário,649.8,367.81,Boleto,Pago
2025-04-23,699833e9,Plano Básico,257.75,121.34,Pix,Pendente
2025-04-23,11255cd4,Plano Avançado,1302.77,902.52,Boleto,Pago
2025-04-23,d25f4939,Auditoria Contábil,1225.1,582.54,Transferência,Pago
2025-04-23,8dcc5eb7,Plano Intermediário,717.94,282.6,Cartão de Crédito,Pago
2025-04-23,f6a2c989,Plano Intermediário,861.65,296.21,Pix,Pago
2025-04-23,73af6a17,Plano Intermediário,634.07,258.82,Boleto,Pendente
2025-04-23,29c41e63,Plano Avançado,1191.3,751.68,Boleto,Pago
2025-04-23,cfceac6d,Auditoria Contábil,1141.69,353.77,Pix,Pago
