data,id_cliente,produto,valor_venda,custo,meio_pagamento,status_pagamento
2025-04-24,a69c7843,Auditoria Contábil,1196.24,784.88,Boleto,Cancelado
2025-04-24,b4947d3a,Auditoria Contábil,980.25,322.57,Boleto,Pago
2025-04-24,4edd1840,Plano Básico,426.87,250.0,Cartão de Crédito,Pago
2025-04-24,ff83af04,Consultoria Financeira,1285.72,648.14,Boleto,Pago
2025-04-24,b98e2b98,Plano Básico,452.46,214.25,Boleto,Pago
2025-04-24,63ee329b,Consultoria Financeira,1057.34,715.29,Boleto,Pago
2025-04-24,b4947d3a,Auditoria Contábil,1249.91,669.35,Boleto,Pago
2025-04-24,8884a6a4,Plano Intermediário,650.08,404.53,Transferência,Pago
2025-04-24,bd9acbb3,Plano Avançado,1012.68,369.27,Boleto,Pendente
2025-04-24,5fe2102d,Auditoria Contábil,1301.54,554.71,Cartão de Crédito,Pendente
2025-04-24,111842ea,Plano Avançado,1082.82,668.1,Pix,Pago
2025-04-24,805310ba,Auditoria Contábil,1236.24,404.67,Cartão de Crédito,Pago
2025-04-24,58fa93e2,Consultoria Financeira,1149.01,350.49,Transferência,Pendente
2025-04-24,d93c0874,Plano Básico,318.22,140.25,Transferência,Pago
2025-04-24,4f8c8ffe,Plano Básico,389.19,152.97,Cartão de Crédito,Pendente
2025-04-24,b894acf6,Plano Avançado,1218.5,848.85,Boleto,Pago
2025-04-24,405479fd,Plano Básico,540.16,374.49,Transferência,Pago
2025-04-24,da462287,Consultoria Financeira,1113.68,552.89,Boleto,Pago
2025-04-24,7d8188f3,Auditoria Contábil,1404.01,804.49,Transferência,Pago
2025-04-24,b9322c5f,Plano Avançado,1170.18,386.29,Pix,Pago
2025-04-24,85daef29,Plano Avançado,1130.79,372.42,Cartão de Crédito,Pendente
2025-04-24,805310ba,Plano Avançado,1193.18,732.5,Pix,Pago
2025-04-24,e11548e5,Auditoria Contábil,1059.33,523.52,Pix,Pendente
2025-04-24,b9322c5f,Plano Básico,238.89,124.25,Pix,Pago
2025-04-24,0d3cb43f,Plano Básico,275.93,112.72,Boleto,Pago
2025-04-24,c537a075,Plano Intermediário,726.45,250.28,Pix,Pago
2025-04-24,de946ab3,Plano Básico,306.37,117.91,Boleto,Pago
2025-04-24,11e08084,Plano Avançado,1250.19,761.02,Transferência,Pago
2025-04-24,fec30ee1,Plano Básico,297.12,195.89,Pix,Pago
2025-04-24,856c4622,Plano Avançado,1312.34,801.13,Pix,Pago
2025-04-24,da560193,Plano Avançado,1267.7,651.64,Cartão de Crédito,Pago
2025-04-24,16b27319,Consultoria Financeira,1242.03,528.88,Cartão de Crédito,Pendente
2025-04-24,f5534c19,Plano Básico,430.5,225.77,Transferência,Pendente
2025-04-24,0f77cc0f,Auditoria Contábil,1330.48,921.61,Pix,Pendente
2025-04-24,63ee329b,Plano Avançado,1213.52,563.58,Pix,Pendente
2025-04-24,b64c91ff,Plano Intermediário,665.5,406.44,Boleto,Pago
2025-04-24,902164d4,Plano Intermediário,722.7,324.18,Cartão de Crédito,Pendente
2025-04-24,e7704e2a,Plano Avançado,1188.64,646.93,Pix,Pendente
2025-04-24,5a66b672,Consultoria Financeira,1161.74,403.94,Transferência,Pago
2025-04-24,5c901b8a,Plano Avançado,1218.71,526.34,Transferência,Pago
2025-04-24,11255cd4,Plano Avançado,1238.84,565.28,Cartão de Crédito,Pago
2025-04-24,11255cd4,Plano Intermediário,762.56,433.64,Boleto,Pendente
2025-04-24,e024c907,Auditoria Contábil,1348.46,614.45,Cartão de Crédito,Pago
2025-04-24,5fa4df12,Plano Básico,328.39,126.62,Cartão de Crédito,Pago
2025-04-24,6bffad7d,Plano Avançado,1199.29,560.24,Cartão de Crédito,Pago
2025-04-24,f6a2c989,Auditoria Contábil,1298.77,786.54,Boleto,Pago
2025-04-24,88b9030f,Consultoria Financeira,1122.44,468.03,Cartão de Crédito,Pago
2025-04-24,2c46ff5e,Plano Básico,111.7,77.67,Pix,Pago
2025-04-24,7d8188f3,Plano Intermediário,547.64,267.2,Pix,Pago
2025-04-24,bcf6c281,Plano Avançado,1248.47,619.77,Cartão de Crédito,Pago
2025-04-24,85daef29,Plano Avançado,1169.82,631.32,Transferência,Pago
2025-04-24,b98e2b98,Plano Intermediário,676.92,458.74,Transferência,Pago
2025-04-24,234ce6aa,Plano Intermediário,620.3,332.36,Transferência,Pago
2025-04-24,88019547,Auditoria Contábil,1320.36,876.94,Transferência,Pago
2025-04-24,4331374a,Plano Básico,151.07,61.88,Pix,Pago
2025-04-24,cefd3c78,Plano Básico,358.71,132.35,Boleto,Pago
2025-04-24,01e0c209,Plano Básico,300.65,176.74,Transferência,Pago
2025-04-24,e6e04fe5,Plano Avançado,1355.79,597.21,Pix,Pago
2025-04-24,352fbcce,Plano Intermediário,799.26,340.13,Transferência,Pendente
2025-04-24,1345c41b,Consultoria Financeira,1095.31,512.45,Transferência,Pago
2025-04-24,f4574bde,Plano Básico,367.8,138.02,Transferência,Pago
2025-04-24,f6a2c989,Auditoria Contábil,1245.47,443.55,Pix,Pago
2025-04-24,b4947d3a,Auditoria Contábil,1193.38,638.39,Cartão de Crédito,Pago
2025-04-24,e024c907,Consultoria Financeira,1259.49,772.67,Boleto,Pago
2025-04-24,877afd71,Auditoria Contábil,1138.68,392.89,Cartão de Crédito,Pago
2025-04-24,65bb5f82,Plano Intermediário,710.31,463.8,Cartão de Crédito,Pendente
2025-04-24,69694584,Auditoria Contábil,1202.4,820.79,Cartão de Crédito,Pago
2025-04-24,16b27319,Auditoria Contábil,1124.94,422.23,Pix,Pago
2025-04-24,34588043,Auditoria Contábil,1170.05,585.26,Boleto,Pago
2025-04-24,34588043,Consultoria Financeira,1153.75,650.59,Pix,Pago
2025-04-24,ef39a43c,Auditoria Contábil,1238.77,531.97,Pix,Pago
2025-04-24,53dda9e7,Plano Básico,426.96,207.84,Transferência,Pago
2025-04-24,cf1ebe05,Plano Avançado,1075.48,671.97,Pix,Pago
2025-04-24,360ab68d,Plano Intermediário,741.85,241.62,Transferência,Pago
2025-04-24,df99804c,Auditoria Contábil,1150.33,434.39,Boleto,Pago
2025-04-24,699833e9,Plano Básico,392.3,157.34,Transferência,Pago
2025-04-24,0801ddf7,Plano Intermediário,740.61,319.11,Transferência,Pago
2025-04-24,34da685d,Consultoria Financeira,1053.97,658.16,Boleto,Pago
2025-04-24,cf1ebe05,Consultoria Financeira,1218.79,742.8,Cartão de Crédito,Pago
2025-04-24,b4baf750,Auditoria Contábil,1188.2,724.72,Boleto,Cancelado
2025-04-24,e746ca72,Plano Intermediário,584.3,254.13,Pix,Pago
2025-04-24,8dcc5eb7,Auditoria Contábil,1151.54,625.83,Transferência,Pendente
2025-04-24,5f4d6138,Consultoria Financeira,1214.34,438.45,Transferência,Cancelado
2025-04-24,bc7e9946,Plano Básico,254.23,104.9,Boleto,Pago
2025-04-24,1e76fa0e,Plano Básico,404.67,257.51,Transferência,Pago
2025-04-24,df74f82a,Plano Básico,287.33,128.72,Cartão de Crédito,Pendente
2025-04-24,53dda9e7,Plano Avançado,1144.89,473.89,Cartão de Crédito,Pago
2025-04-24,3e465ec4,Auditoria Contábil,1219.82,397.14,Pix,Pago
2025-04-24,b4947d3a,Plano Avançado,1232.53,722.11,Cartão de Crédito,Pago
2025-04-24,5c901b8a,Plano Avançado,1293.31,549.89,Transferência,Pago
2025-04-24,27ddd74f,Auditoria Contábil,1206.35,638.96,Pix,Pago
2025-04-24,d4cba754,Plano Intermediário,307.76,148.48,Transferência,Pendente
2025-04-24,5fa4df12,Plano Avançado,1228.38,469.55,Transferência,Pendente
2025-04-24,f5534c19,Auditoria Contábil,1169.79,799.44,Boleto,Pendente
2025-04-24,e11548e5,Plano Intermediário,858.74,347.21,Cartão de Crédito,Pago
2025-04-24,d93c0874,Auditoria Contábil,1240.0,701.08,Pix,Pago
2025-04-24,5239936f,Plano Básico,316.59,205.31,Cartão de Crédito,Pago
2025-04-24,805310ba,Plano Intermediário,654.23,353.32,Pix,Pendente
2025-04-24,f4574bde,Plano Básico,407.15,147.59,Transferência,Pendente
2025-04-24,03bbe434,Plano Avançado,1045.24,624.53,Transferência,Pendente
2025-04-24,fa1fca51,Plano Avançado,1220.39,623.89,Cartão de Crédito,Pago
2025-04-24,da462287,Plano Intermediário,543.5,380.17,Pix,Cancelado
2025-04-24,2a5aaa20,Plano Básico,239.91,78.85,Cartão de Crédito,Pago
2025-04-24,8d9c0793,Plano Básico,382.27,147.4,Cartão de Crédito,Pago
2025-04-24,bc7e9946,Consultoria Financeira,1233.53,849.68,Boleto,Pendente
2025-04-24,df74f82a,Plano Intermediário,718.03,439.71,Pix,Pendente
2025-04-24,1b2bdc70,Plano Avançado,1104.39,493.29,Transferência,Pago
2025-04-24,6f084a1f,Auditoria Contábil,1194.85,430.36,Cartão de Crédito,Pendente
2025-04-24,cf1ebe05,Consultoria Financeira,1237.54,601.92,Boleto,Pago
2025-04-24,b4a1b003,Auditoria Contábil,1293.38,625.36,Pix,Pendente
2025-04-24,2ed6ef07,Plano Intermediário,750.32,403.25,Cartão de Crédito,Pendente
2025-04-24,22e7d95c,Plano Básico,382.26,265.44,Transferência,Pago
2025-04-24,a69c7843,Plano Básico,168.85,53.97,Pix,Cancelado
2025-04-24,8fd2de20,Plano Avançado,1215.73,487.31,Cartão de Crédito,Pago
2025-04-24,b4baf750,Plano Básico,397.65,271.18,Boleto,Pago
2025-04-24,44b4830b,Auditoria Contábil,992.79,369.91,Boleto,Pago
2025-04-24,9ea8ac4b,Plano Intermediário,679.51,270.3,Pix,Pago
2025-04-24,e7704e2a,Plano Avançado,1238.52,823.99,Transferência,Pago
2025-04-24,e674add6,Consultoria Financeira,1312.07,515.36,Boleto,Pago
2025-04-24,de946ab3,Auditoria Contábil,1211.43,700.19,Transferência,Pendente
2025-04-24,fa1fca51,Auditoria Contábil,1200.18,508.11,Boleto,Pago
2025-04-24,11255cd4,Plano Básico,329.52,100.89,Cartão de Crédito,Pago
2025-04-24,b322eeac,Consultoria Financeira,1239.49,776.84,Cartão de Crédito,Pago
2025-04-24,bc7e9946,Auditoria Contábil,1119.35,437.14,Pix,Pago
2025-04-24,bd9b7985,Consultoria Financeira,1154.08,562.54,Cartão de Crédito,Pendente
2025-04-24,1b2bdc70,Plano Intermediário,531.2,195.95,Transferência,Pago
2025-04-24,01e0c209,Consultoria Financeira,1139.93,689.53,Cartão de Crédito,Pago
2025-04-24,44b4830b,Auditoria Contábil,1098.12,425.05,Boleto,Pago
2025-04-24,f3713c03,Plano Avançado,1118.53,396.72,Transferência,Cancelado
2025-04-24,c537a075,Consultoria Financeira,1416.55,824.72,Boleto,Pago
2025-04-24,b4947d3a,Consultoria Financeira,1305.46,746.83,Cartão de Crédito,Pago
2025-04-24,de962a39,Consultoria Financeira,1100.12,629.94,Pix,Pago
2025-04-24,3268a45e,Auditoria Contábil,1077.76,473.98,Cartão de Crédito,Pago
2025-04-24,88019547,Plano Básico,245.28,100.28,Pix,Pago
2025-04-24,1fd8d42c,Auditoria Contábil,1074.86,360.43,Boleto,Pago
2025-04-24,37164a6b,Plano Intermediário,726.84,281.94,Pix,Pago
2025-04-24,91953d5e,Plano Básico,325.1,105.95,Cartão de Crédito,Pago
2025-04-24,1543f02f,Consultoria Financeira,1117.18,510.97,Pix,Pago
2025-04-24,88b9030f,Plano Avançado,1268.57,413.12,Cartão de Crédito,Pago
2025-04-24,8b520075,Plano Avançado,1268.68,788.81,Transferência,Pago
2025-04-24,0d34ba05,Consultoria Financeira,1135.82,434.83,Boleto,Pago
2025-04-24,2a5aaa20,Auditoria Contábil,1114.23,367.33,Pix,Cancelado
2025-04-24,72592469,Plano Intermediário,661.52,460.99,Transferência,Pago
2025-04-24,7fe9431e,Plano Avançado,1255.57,761.13,Pix,Pendente
2025-04-24,111842ea,Plano Avançado,1405.41,893.88,Boleto,Pago
2025-04-24,27ddd74f,Auditoria Contábil,1253.08,564.27,Boleto,Pago
2025-04-24,405479fd,Plano Básico,192.68,133.53,Transferência,Pago
2025-04-24,1543f02f,Plano Intermediário,732.16,278.64,Pix,Pago
2025-04-24,37164a6b,Plano Básico,311.65,201.2,Transferência,Pago
2025-04-24,8519c9b9,Plano Avançado,1205.86,744.18,Pix,Pago
2025-04-24,bd9b7985,Auditoria Contábil,1077.22,509.59,Cartão de Crédito,Pago
2025-04-24,405479fd,Plano Básico,331.88,156.02,Pix,Pago
2025-04-24,bd5fc63d,Consultoria Financeira,1197.91,648.82,Pix,Pago
2025-04-24,8dd779c0,Auditoria Contábil,1089.05,333.76,Boleto,Pago
2025-04-24,34588043,Auditoria Contábil,1371.27,735.92,Transferência,Pendente
2025-04-24,37164a6b,Consultoria Financeira,1080.08,406.93,Transferência,Pendente
2025-04-24,bd9b7985,Plano Avançado,1244.77,698.7,Boleto,Pendente
2025-04-24,4f8c8ffe,Plano Avançado,1185.97,426.68,Pix,Pago
2025-04-24,5fa4df12,Plano Básico,266.45,141.77,Pix,Pago
2025-04-24,d34ea5cb,Plano Básico,425.19,170.97,Pix,Pendente
2025-04-24,b054bf90,Plano Básico,391.58,131.45,Boleto,Pendente
2025-04-24,5c88b44f,Plano Básico,286.36,194.25,Cartão de Crédito,Pago
2025-04-24,ea61cc7f,Auditoria Contábil,1122.17,434.38,Boleto,Pago
2025-04-24,e31cf753,Auditoria Contábil,1155.66,626.63,Pix,Pago
2025-04-24,06019269,Plano Avançado,1172.97,670.88,Cartão de Crédito,Pago
2025-04-24,405479fd,Consultoria Financeira,1293.47,639.71,Transferência,Pendente
2025-04-24,74c6dcec,Plano Básico,336.99,119.22,Transferência,Pago
2025-04-24,3e210845,Plano Básico,397.05,216.49,Boleto,Pago
2025-04-24,1e76fa0e,Plano Avançado,1074.17,550.41,Cartão de Crédito,Pago
2025-04-24,8d9c0793,Consultoria Financeira,1306.18,852.32,Boleto,Pago
2025-04-24,f5534c19,Consultoria Financeira,1341.4,716.85,Cartão de Crédito,Pago
2025-04-24,4a94313e,Plano Básico,228.21,130.37,Transferência,Pago
2025-04-24,b98e2b98,Plano Intermediário,779.59,515.21,Boleto,Pago
2025-04-24,e674add6,Plano Avançado,1331.6,785.53,Pix,Pago
2025-04-24,51dcc5b4,Plano Avançado,1146.12,371.13,Transferência,Pago
2025-04-24,9ae0fade,Consultoria Financeira,1097.04,753.59,Transferência,Pago
2025-04-24,1dd73ec3,Plano Intermediário,722.69,451.37,Transferência,Pago
2025-04-24,7d8188f3,Plano Intermediário,528.11,165.81,Boleto,Pago
2025-04-24,df99804c,Auditoria Contábil,1304.7,674.08,Transferência,Pago
2025-04-24,7fe9431e,Plano Intermediário,616.56,382.74,Cartão de Crédito,Pendente
2025-04-24,8884a6a4,Consultoria Financeira,1176.54,783.61,Boleto,Pago
2025-04-24,58fa93e2,Auditoria Contábil,1268.83,490.52,Pix,Pago
2025-04-24,5c901b8a,Plano Avançado,1254.77,508.72,Pix,Pago
2025-04-24,7f123ea3,Plano Avançado,1265.69,859.61,Boleto,Cancelado
2025-04-24,1345c41b,Plano Intermediário,627.77,368.33,Cartão de Crédito,Pago
2025-04-24,b4fc9431,Plano Intermediário,731.21,332.75,Cartão de Crédito,Pago
2025-04-24,4d3f9f70,Auditoria Contábil,1285.83,604.73,Boleto,Pago
2025-04-24,e6e04fe5,Consultoria Financeira,1143.26,595.51,Pix,Pago
2025-04-24,34da685d,Plano Intermediário,880.15,460.38,Boleto,Pago
2025-04-24,89567f21,Auditoria Contábil,1180.7,576.54,Pix,Pago
2025-04-24,f2f1883d,Plano Intermediário,521.79,237.61,Boleto,Pendente
2025-04-24,89567f21,Plano Básico,280.19,151.71,Boleto,Pago
2025-04-24,7d8188f3,Plano Intermediário,830.06,546.35,Pix,Pendente
2025-04-24,0371adaf,Plano Intermediário,611.02,405.56,Boleto,Pago
2025-04-24,d34ea5cb,Consultoria Financeira,1103.92,617.86,Boleto,Pago
2025-04-24,838c0893,Consultoria Financeira,1239.19,736.28,Transferência,Pago
2025-04-24,d013ff9d,Consultoria Financeira,1096.54,706.02,Cartão de Crédito,Pago
2025-04-24,699833e9,Plano Básico,192.93,85.57,Boleto,Pendente
2025-04-24,1dd73ec3,Auditoria Contábil,1121.57,746.82,Pix,Pago
2025-04-24,c537a075,Plano Básico,458.91,227.64,Pix,Pago
2025-04-24,2c46ff5e,Plano Básico,350.11,109.07,Cartão de Crédito,Pago
2025-04-24,34da685d,Auditoria Contábil,1206.34,708.74,Boleto,Pago
2025-04-24,9e842c39,Plano Básico,227.16,87.71,Pix,Pago
2025-04-24,b64c91ff,Plano Básico,384.53,178.71,Boleto,Pendente
2025-04-24,bd9acbb3,Plano Avançado,1260.38,754.42,Transferência,Pago
2025-04-24,1e76fa0e,Consultoria Financeira,1367.43,828.11,Boleto,Pago
2025-04-24,cd692f1a,Plano Básico,209.91,146.26,Pix,Pendente
2025-04-24,91953d5e,Plano Avançado,1098.73,402.41,Transferência,Pago
2025-04-24,e11548e5,Plano Intermediário,524.0,199.97,Cartão de Crédito,Pendente
2025-04-24,11e08084,Plano Intermediário,752.59,344.57,Cartão de Crédito,Pago
2025-04-24,2c46ff5e,Consultoria Financeira,1224.39,455.4,Boleto,Pago
2025-04-24,e28e1db0,Plano Intermediário,662.85,275.92,Transferência,Pendente
2025-04-24,8af7aae3,Plano Básico,122.4,48.16,Transferência,Pago
2025-04-24,b894acf6,Consultoria Financeira,1343.36,546.06,Cartão de Crédito,Pago
2025-04-24,6f084a1f,Plano Intermediário,719.15,389.29,Cartão de Crédito,Pago
2025-04-24,f3713c03,Plano Avançado,1319.42,631.13,Transferência,Pago
2025-04-24,a810c961,Consultoria Financeira,1330.11,583.43,Pix,Pago
2025-04-24,838c0893,Auditoria Contábil,1249.58,535.45,Transferência,Pago
2025-04-24,5fbc6417,Plano Intermediário,764.44,260.83,Transferência,Pendente
2025-04-24,8dd779c0,Plano Avançado,1140.26,495.75,Transferência,Pago
2025-04-24,16b27319,Plano Intermediário,711.04,427.53,Boleto,Pago
2025-04-24,856c4622,Plano Básico,400.08,239.32,Transferência,Cancelado
2025-04-24,a69c7843,Auditoria Contábil,1121.83,446.86,Boleto,Pago
2025-04-24,d421c1e5,Auditoria Contábil,1292.19,593.09,Pix,Cancelado
