data,id_cliente,produto,valor_venda,custo,meio_pagamento,status_pagamento
2025-05-13,bd9acbb3,Plano Intermediário,857.3,275.02,Transferência,Pago
2025-05-13,e517e12f,Plano Básico,292.61,97.68,Boleto,Pago
2025-05-13,0f1b8a1f,Plano Intermediário,654.83,355.4,Pix,Pago
2025-05-13,34588043,Plano Avançado,1086.94,701.29,Cartão de Crédito,Pago
2025-05-13,03bbe434,Plano Básico,362.27,237.08,Transferência,Cancelado
2025-05-13,b4a1b003,Auditoria Contábil,1262.95,523.63,Cartão de Crédito,Pendente
2025-05-13,c537a075,Consultoria Financeira,1119.57,695.32,Pix,Pago
2025-05-13,d4cba754,Plano Intermediário,725.32,500.0,Cartão de Crédito,Pago
2025-05-13,234ce6aa,Plano Básico,382.03,185.67,Transferência,Pendente
2025-05-13,88019547,Plano Básico,248.36,171.4,Cartão de Crédito,Pago
2025-05-13,a6af877d,Plano Avançado,1180.35,739.83,Pix,Pago
2025-05-13,c537a075,Auditoria Contábil,1179.41,387.33,Cartão de Crédito,Pago
2025-05-13,0d34ba05,Consultoria Financeira,1125.34,432.49,Pix,Pago
2025-05-13,03bbe434,Consultoria Financeira,1182.32,481.71,Boleto,Pago
2025-05-13,b894acf6,Consultoria Financeira,1045.14,355.76,Transferência,Cancelado
2025-05-13,04ac6356,Plano Básico,274.38,189.11,Boleto,Pendente
2025-05-13,8d9c0793,Plano Avançado,1175.85,709.88,Pix,Pago
2025-05-13,d2f63bb1,Plano Avançado,1193.82,491.07,Transferência,Pago
2025-05-13,fa1fca51,Plano Avançado,1247.94,772.87,Pix,Pago
2025-05-13,3e3f9af2,Plano Intermediário,579.68,227.82,Cartão de Crédito,Pago
2025-05-13,8519c9b9,Plano Intermediário,595.8,209.65,Transferência,Pago
2025-05-13,3e3f9af2,Plano Básico,223.0,127.02,Boleto,Pago
2025-05-13,fa1fca51,Auditoria Contábil,1070.39,347.9,Boleto,Pago
2025-05-13,d25f4939,Plano Intermediário,759.5,272.48,Transferência,Pago
2025-05-13,85050e16,Plano Básico,244.26,106.76,Boleto,Pago
2025-05-13,fec30ee1,Plano Intermediário,696.86,293.36,Boleto,Pago
2025-05-13,07f7efa5,Plano Básico,215.16,113.04,Cartão de Crédito,Pago
2025-05-13,64952769,Auditoria Contábil,1164.04,619.59,Cartão de Crédito,Pendente
2025-05-13,723e148d,Plano Intermediário,730.11,366.66,Transferência,Pago
2025-05-13,360ab68d,Plano Básico,334.98,137.16,Pix,Pendente
2025-05-13,2c43fd10,Consultoria Financeira,1099.59,544.44,Transferência,Pago
2025-05-13,7d8188f3,Plano Básico,291.94,123.37,Transferência,Pendente
2025-05-13,34da685d,Consultoria Financeira,1116.69,702.34,Transferência,Cancelado
2025-05-13,5a66b672,Plano Avançado,1188.32,574.4,Cartão de Crédito,Pago
2025-05-13,5fa4df12,Plano Intermediário,636.44,375.5,Pix,Pago
2025-05-13,5fa4df12,Plano Básico,483.26,295.18,Cartão de Crédito,Pago
2025-05-13,d421c1e5,Plano Intermediário,781.42,503.92,Boleto,Pendente
2025-05-13,3e210845,Plano Avançado,1239.38,788.3,Boleto,Pago
2025-05-13,6c605674,Auditoria Contábil,1007.23,700.81,Transferência,Pendente
2025-05-13,b9322c5f,Consultoria Financeira,1172.11,443.14,Cartão de Crédito,Pago
2025-05-13,5fe2102d,Plano Básico,384.52,190.63,Pix,Pago
2025-05-13,f6a2c989,Plano Avançado,1194.76,589.34,Pix,Pago
2025-05-13,ff83af04,Consultoria Financeira,1370.41,870.61,Pix,Pago
2025-05-13,6bffad7d,Plano Básico,395.14,182.84,Cartão de Crédito,Pago
2025-05-13,de946ab3,Consultoria Financeira,1163.35,501.74,Boleto,Pago
2025-05-13,de42cc92,Plano Avançado,1356.29,475.25,Transferência,Pago
2025-05-13,5f4d6138,Plano Básico,272.6,103.2,Transferência,Pago
2025-05-13,bc7e9946,Plano Básico,490.41,243.17,Pix,Pendente
2025-05-13,b4947d3a,Plano Intermediário,862.6,481.24,Cartão de Crédito,Pago
2025-05-13,8a5de1a7,Plano Intermediário,729.56,327.48,Transferência,Pago
2025-05-13,4d3f9f70,Plano Avançado,1048.34,591.96,Pix,Pago
2025-05-13,5f4d6138,Consultoria Financeira,1221.68,457.04,Cartão de Crédito,Pago
2025-05-13,dd91e604,Plano Básico,190.27,78.29,Cartão de Crédito,Pago
2025-05-13,160977e3,Auditoria Contábil,1139.21,718.03,Transferência,Pago
2025-05-13,74c6dcec,Plano Básico,246.09,101.95,Boleto,Pago
2025-05-13,cefd3c78,Plano Básico,189.51,85.25,Pix,Pago
2025-05-13,f2f1883d,Auditoria Contábil,1222.05,756.56,Pix,Pendente
2025-05-13,a69c7843,Plano Intermediário,628.21,328.37,Cartão de Crédito,Pendente
2025-05-13,16b27319,Plano Intermediário,676.95,431.93,Pix,Pago
2025-05-13,9e842c39,Auditoria Contábil,1146.88,652.7,Boleto,Pago
2025-05-13,d2f63bb1,Plano Intermediário,748.39,290.53,Boleto,Pago
2025-05-13,69a69b35,Plano Avançado,1240.86,496.18,Boleto,Pago
2025-05-13,b98e2b98,Auditoria Contábil,1169.22,473.88,Boleto,Pendente
2025-05-13,4d3f9f70,Plano Básico,353.48,212.13,Pix,Pago
2025-05-13,4331374a,Plano Intermediário,822.9,296.92,Boleto,Pendente
2025-05-13,9f671442,Plano Avançado,991.3,334.57,Pix,Pago
2025-05-13,53dda9e7,Auditoria Contábil,1141.54,564.44,Cartão de Crédito,Pago
2025-05-13,405479fd,Plano Básico,206.35,81.56,Cartão de Crédito,Pago
2025-05-13,07f7efa5,Plano Avançado,1133.22,751.75,Cartão de Crédito,Pendente
2025-05-13,b98e2b98,Plano Avançado,976.18,589.84,Cartão de Crédito,Pago
2025-05-13,681d27d6,Plano Básico,87.93,31.81,Cartão de Crédito,Pago
2025-05-13,5f4d6138,Auditoria Contábil,925.25,498.49,Pix,Pendente
2025-05-13,b9322c5f,Consultoria Financeira,1150.03,804.82,Boleto,Pago
2025-05-13,7f123ea3,Plano Básico,247.38,156.1,Transferência,Pago
2025-05-13,cfceac6d,Consultoria Financeira,1338.83,493.07,Cartão de Crédito,Pago
2025-05-13,8d9c0793,Plano Avançado,1214.13,662.98,Pix,Pago
2025-05-13,34588043,Auditoria Contábil,986.94,655.57,Boleto,Pago
2025-05-13,3e210845,Consultoria Financeira,1250.83,400.39,Boleto,Pago
2025-05-13,e9227863,Plano Avançado,1592.62,500.03,Pix,Pago
2025-05-13,4f8c8ffe,Plano Intermediário,491.59,312.49,Boleto,Cancelado
2025-05-13,d013ff9d,Auditoria Contábil,1372.47,499.95,Transferência,Pendente
2025-05-13,805310ba,Auditoria Contábil,1195.45,472.19,Cartão de Crédito,Pago
2025-05-13,f3713c03,Plano Intermediário,657.58,210.32,Transferência,Pago
2025-05-13,1e76fa0e,Plano Intermediário,643.02,349.37,Pix,Pago
2025-05-13,809e8137,Plano Básico,332.95,137.32,Boleto,Pago
2025-05-13,84833a28,Plano Intermediário,658.38,408.58,Pix,Pago
2025-05-13,4331374a,Consultoria Financeira,1086.99,496.58,Boleto,Pago
2025-05-13,e11548e5,Auditoria Contábil,1146.47,698.32,Cartão de Crédito,Pago
2025-05-13,e3445f63,Consultoria Financeira,1235.85,487.88,Boleto,Pago
2025-05-13,4f8c8ffe,Consultoria Financeira,1268.55,852.03,Transferência,Pago
2025-05-13,06019269,Plano Avançado,1384.86,630.01,Cartão de Crédito,Pendente
2025-05-13,11255cd4,Plano Intermediário,709.81,433.05,Boleto,Pago
2025-05-13,0da75a0d,Plano Intermediário,829.59,326.67,Pix,Pendente
2025-05-13,6c605674,Consultoria Financeira,1180.53,808.19,Pix,Pago
2025-05-13,bb3d4eda,Plano Intermediário,693.58,393.36,Cartão de Crédito,Pendente
2025-05-13,91953d5e,Plano Intermediário,688.38,374.88,Pix,Pago
2025-05-13,186cc208,Plano Intermediário,721.47,412.25,Transferência,Cancelado
2025-05-13,1ec260d5,Plano Avançado,1286.92,873.64,Cartão de Crédito,Pago
2025-05-13,ac40ed62,Plano Básico,254.45,166.4,Transferência,Pago
2025-05-13,838c0893,Consultoria Financeira,1111.08,458.48,Pix,Pago
2025-05-13,bc7e9946,Plano Intermediário,795.53,545.21,Transferência,Pago
2025-05-13,8d9c0793,Auditoria Contábil,1287.6,896.23,Cartão de Crédito,Pago
2025-05-13,9e03667d,Plano Intermediário,847.27,359.88,Boleto,Pago
2025-05-13,69694584,Consultoria Financeira,1139.6,543.73,Cartão de Crédito,Pago
2025-05-13,f4574bde,Plano Avançado,1177.05,476.02,Boleto,Pago
2025-05-13,58fa93e2,Plano Intermediário,799.66,539.13,Cartão de Crédito,Pago
2025-05-13,681d27d6,Plano Intermediário,653.35,244.54,Cartão de Crédito,Pendente
2025-05-13,51dcc5b4,Consultoria Financeira,1264.05,410.47,Boleto,Pago
2025-05-13,9e842c39,Auditoria Contábil,1180.95,397.91,Boleto,Pago
2025-05-13,1fd8d42c,Consultoria Financeira,1232.41,443.9,Boleto,Pago
2025-05-13,44b4830b,Plano Básico,185.23,127.3,Boleto,Pago
2025-05-13,0c9111bd,Plano Intermediário,708.52,282.46,Cartão de Crédito,Pago
2025-05-13,44b4830b,Plano Básico,0.89,0.43,Boleto,Pago
2025-05-13,e6e04fe5,Plano Intermediário,820.6,493.63,Pix,Pendente
2025-05-13,06019269,Auditoria Contábil,1277.74,678.68,Boleto,Cancelado
2025-05-13,f4574bde,Plano Intermediário,605.11,278.93,Pix,Pago
2025-05-13,fe8b9235,Consultoria Financeira,1374.74,898.85,Boleto,Pendente
2025-05-13,6c605674,Consultoria Financeira,1313.56,536.79,Transferência,Pago
2025-05-13,11e08084,Consultoria Financeira,1089.37,409.87,Transferência,Pago
2025-05-13,0f77cc0f,Auditoria Contábil,1147.1,541.41,Cartão de Crédito,Pendente
2025-05-13,1b2bdc70,Auditoria Contábil,1094.34,692.04,Transferência,Pago
2025-05-13,9ae0fade,Auditoria Contábil,1235.25,633.17,Transferência,Pendente
2025-05-13,1e76fa0e,Consultoria Financeira,1142.96,474.53,Transferência,Pago
2025-05-13,111842ea,Plano Avançado,1008.77,543.15,Transferência,Pago
2025-05-13,b054bf90,Plano Básico,293.14,138.81,Cartão de Crédito,Pago
2025-05-13,de962a39,Plano Intermediário,791.14,346.19,Boleto,Pago
2025-05-13,58fa93e2,Auditoria Contábil,1210.58,718.12,Cartão de Crédito,Pendente
2025-05-13,da462287,Plano Intermediário,754.35,474.03,Transferência,Pago
2025-05-13,4ac7ffdb,Auditoria Contábil,1219.98,642.49,Pix,Pago
2025-05-13,160977e3,Plano Avançado,1273.25,585.45,Transferência,Pago
2025-05-13,f42064ce,Auditoria Contábil,1228.87,529.3,Boleto,Pago
2025-05-13,9ea8ac4b,Auditoria Contábil,1187.73,630.38,Transferência,Pago
2025-05-13,fe8b9235,Plano Básico,309.34,150.21,Cartão de Crédito,Pendente
2025-05-13,186cc208,Plano Básico,451.64,141.35,Boleto,Pago
2025-05-13,7f123ea3,Plano Avançado,1260.21,710.11,Boleto,Pago
2025-05-13,2c43fd10,Plano Básico,204.81,75.58,Cartão de Crédito,Pago
2025-05-13,e31cf753,Auditoria Contábil,1207.75,636.71,Boleto,Pago
2025-05-13,04ac6356,Auditoria Contábil,1233.42,773.97,Cartão de Crédito,Pago
2025-05-13,1543f02f,Consultoria Financeira,1184.47,821.34,Boleto,Pago
2025-05-13,160977e3,Plano Básico,109.22,34.97,Cartão de Crédito,Pendente
2025-05-13,69694584,Plano Avançado,1113.96,357.7,Pix,Pago
2025-05-13,f2f1883d,Plano Avançado,1158.64,452.57,Pix,Pago
2025-05-13,723e148d,Auditoria Contábil,1388.77,757.7,Pix,Pago
2025-05-13,ac40ed62,Plano Intermediário,748.6,332.14,Transferência,Pago
2025-05-13,5a66b672,Plano Intermediário,545.27,343.2,Pix,Pago
2025-05-13,ef39a43c,Plano Básico,290.64,127.98,Cartão de Crédito,Pago
2025-05-13,91953d5e,Plano Intermediário,832.58,370.52,Cartão de Crédito,Pago
2025-05-13,ef39a43c,Plano Intermediário,641.64,246.15,Cartão de Crédito,Pendente
2025-05-13,8dd779c0,Plano Intermediário,803.84,268.38,Cartão de Crédito,Pago
2025-05-13,111842ea,Plano Avançado,1048.07,666.95,Cartão de Crédito,Pago
2025-05-13,fe8b9235,Plano Intermediário,416.78,161.92,Cartão de Crédito,Pago
2025-05-13,85050e16,Plano Avançado,1320.03,830.89,Transferência,Pago
2025-05-13,b894acf6,Auditoria Contábil,1153.68,523.59,Cartão de Crédito,Pago
2025-05-13,877afd71,Plano Básico,113.03,76.07,Pix,Pendente
2025-05-13,fc732816,Plano Intermediário,661.15,229.72,Pix,Pendente
2025-05-13,14c536e1,Plano Básico,319.04,163.55,Transferência,Pago
2025-05-13,11e08084,Consultoria Financeira,1244.92,389.74,Transferência,Cancelado
2025-05-13,bd9b7985,Auditoria Contábil,951.17,346.69,Cartão de Crédito,Pendente
2025-05-13,6bffad7d,Consultoria Financeira,1134.18,638.05,Transferência,Pago
2025-05-13,5adf9642,Consultoria Financeira,1205.9,706.54,Boleto,Pago
2025-05-13,9e03667d,Plano Básico,344.69,112.84,Transferência,Pago
2025-05-13,14d5d4bf,Plano Intermediário,603.73,329.1,Pix,Pago
2025-05-13,11255cd4,Plano Básico,279.34,188.66,Cartão de Crédito,Pago
2025-05-13,29c41e63,Plano Avançado,1141.35,504.32,Cartão de Crédito,Pago
2025-05-13,a69c7843,Consultoria Financeira,1222.42,635.98,Boleto,Cancelado
2025-05-13,1fd8d42c,Plano Intermediário,815.91,510.65,Pix,Pago
2025-05-13,8dcc5eb7,Auditoria Contábil,1166.37,635.36,Boleto,Pendente
2025-05-13,c6a8f08d,Consultoria Financeira,1062.83,363.86,Cartão de Crédito,Pago
2025-05-13,9f671442,Plano Avançado,1129.06,499.0,Pix,Pago
2025-05-13,84833a28,Plano Avançado,1373.49,773.64,Transferência,Pago
2025-05-13,b894acf6,Auditoria Contábil,1114.32,365.55,Boleto,Pago
2025-05-13,cf1ebe05,Consultoria Financeira,1079.79,391.67,Pix,Pago
2025-05-13,6bffad7d,Consultoria Financeira,1160.43,732.14,Pix,Pago
2025-05-13,c1005960,Auditoria Contábil,1190.66,437.31,Boleto,Pago
2025-05-13,e9227863,Consultoria Financeira,1147.07,747.58,Transferência,Pago
2025-05-13,0f1b8a1f,Consultoria Financeira,1048.55,525.29,Boleto,Pago
2025-05-13,8d9c0793,Plano Avançado,1232.16,730.17,Pix,Pago
2025-05-13,f4574bde,Auditoria Contábil,1222.53,674.75,Cartão de Crédito,Pago
2025-05-13,34da685d,Plano Avançado,1269.27,585.49,Pix,Pago
2025-05-13,e9227863,Auditoria Contábil,1220.23,696.72,Transferência,Pago
2025-05-13,4de403bd,Consultoria Financeira,1363.19,642.58,Cartão de Crédito,Pago
2025-05-13,5fe2102d,Plano Intermediário,777.52,278.8,Transferência,Pago
2025-05-13,8d9c0793,Consultoria Financeira,1255.3,794.82,Boleto,Pago
2025-05-13,ef39a43c,Consultoria Financeira,1320.05,623.75,Cartão de Crédito,Pago
2025-05-13,de946ab3,Plano Intermediário,714.04,322.47,Boleto,Pago
