data,id_cliente,produto,valor_venda,custo,meio_pagamento,status_pagamento
2025-05-19,f4574bde,Consultoria Financeira,1028.98,414.84,Cartão de Crédito,Pendente
2025-05-19,160977e3,Consultoria Financeira,1217.09,844.37,Boleto,Pago
2025-05-19,bd5fc63d,Plano Intermediário,681.6,347.8,Boleto,Pago
2025-05-19,eb7bf608,Auditoria Contábil,1146.02,352.24,Pix,Cancelado
2025-05-19,8884a6a4,Consultoria Financeira,1122.17,747.05,Transferência,Pago
2025-05-19,e7704e2a,Plano Intermediário,719.58,294.76,Transferência,Pago
2025-05-19,7d8188f3,Plano Básico,202.16,105.46,Transferência,Pago
2025-05-19,fe8b9235,Consultoria Financeira,1302.92,498.46,Pix,Pago
2025-05-19,8a5de1a7,Plano Avançado,1247.26,379.66,Cartão de Crédito,Pago
2025-05-19,7675fac6,Plano Avançado,1225.6,662.08,Transferência,Pendente
2025-05-19,6bffad7d,Consultoria Financeira,1298.27,734.84,Boleto,Pago
2025-05-19,e28e1db0,Auditoria Contábil,1015.91,515.64,Transferência,Pago
2025-05-19,1b2bdc70,Plano Avançado,1072.04,341.75,Transferência,Pago
2025-05-19,8dcc5eb7,Consultoria Financeira,1251.77,416.99,Cartão de Crédito,Pago
2025-05-19,d25f4939,Consultoria Financeira,1127.43,610.23,Boleto,Pago
2025-05-19,76b5d5b5,Auditoria Contábil,1138.85,473.17,Pix,Pago
2025-05-19,9ae0fade,Plano Básico,159.33,70.47,Pix,Pago
2025-05-19,06019269,Plano Intermediário,602.41,317.21,Boleto,Pago
2025-05-19,5239936f,Consultoria Financeira,1305.36,640.17,Boleto,Pago
2025-05-19,4f8c8ffe,Plano Avançado,1249.33,740.89,Transferência,Pago
2025-05-19,ac40ed62,Plano Básico,318.48,122.93,Cartão de Crédito,Pago
2025-05-19,fe8b9235,Plano Avançado,1142.44,569.56,Pix,Pendente
2025-05-19,fd634e85,Plano Intermediário,712.2,383.69,Transferência,Pago
2025-05-19,d2f63bb1,Plano Avançado,1314.93,450.55,Cartão de Crédito,Cancelado
2025-05-19,5fbc6417,Plano Intermediário,629.68,207.83,Pix,Pago
2025-05-19,b054bf90,Plano Básico,296.5,170.59,Transferência,Pendente
2025-05-19,0d34ba05,Consultoria Financeira,1377.08,652.64,Cartão de Crédito,Cancelado
2025-05-19,ef39a43c,Consultoria Financeira,1270.78,787.59,Cartão de Crédito,Pago
2025-05-19,6c605674,Consultoria Financeira,1143.75,660.95,Cartão de Crédito,Pendente
2025-05-19,cf1ebe05,Plano Básico,362.18,160.95,Transferência,Pago
2025-05-19,fd722556,Plano Básico,142.98,48.13,Transferência,Pendente
2025-05-19,809e8137,Plano Intermediário,692.56,259.05,Transferência,Pago
2025-05-19,877afd71,Plano Intermediário,762.07,393.81,Cartão de Crédito,Pago
2025-05-19,71645e64,Plano Básico,338.02,210.46,Transferência,Pago
2025-05-19,fe8b9235,Consultoria Financeira,1261.06,710.62,Cartão de Crédito,Pago
2025-05-19,73af6a17,Plano Básico,383.39,153.31,Transferência,Pago
2025-05-19,3e210845,Consultoria Financeira,1245.92,617.69,Pix,Pendente
2025-05-19,df74f82a,Plano Básico,342.96,127.66,Cartão de Crédito,Cancelado
2025-05-19,0d3cb43f,Plano Básico,320.77,169.1,Pix,Pago
2025-05-19,4c93ecbf,Plano Avançado,1091.89,731.3,Cartão de Crédito,Pendente
2025-05-19,7d8188f3,Auditoria Contábil,1305.32,898.61,Cartão de Crédito,Pendente
2025-05-19,a810c961,Consultoria Financeira,1196.04,771.23,Boleto,Pendente
2025-05-19,4c93ecbf,Plano Intermediário,768.15,489.94,Transferência,Pago
2025-05-19,72592469,Plano Intermediário,793.83,249.9,Transferência,Pendente
2025-05-19,4c93ecbf,Plano Avançado,1148.4,618.42,Boleto,Pago
2025-05-19,7fe9431e,Auditoria Contábil,1156.55,382.57,Transferência,Pago
2025-05-19,e9227863,Auditoria Contábil,1169.08,676.33,Boleto,Pago
2025-05-19,b98e2b98,Auditoria Contábil,1325.58,432.33,Cartão de Crédito,Pago
2025-05-19,889382a2,Auditoria Contábil,1110.54,473.22,Transferência,Pendente
2025-05-19,699833e9,Plano Básico,444.7,190.11,Boleto,Pago
2025-05-19,0d3cb43f,Auditoria Contábil,1219.66,671.25,Transferência,Pago
2025-05-19,fc732816,Auditoria Contábil,1226.71,482.32,Pix,Pago
2025-05-19,e3445f63,Consultoria Financeira,1288.96,399.27,Transferência,Pago
2025-05-19,e9227863,Consultoria Financeira,1208.23,816.31,Cartão de Crédito,Pendente
2025-05-19,53dda9e7,Consultoria Financeira,1306.55,809.43,Transferência,Pago
2025-05-19,de946ab3,Plano Básico,248.27,122.14,Cartão de Crédito,Pago
2025-05-19,df99804c,Consultoria Financeira,1340.93,738.86,Cartão de Crédito,Pago
2025-05-19,8af7aae3,Plano Avançado,1155.45,541.38,Transferência,Pago
2025-05-19,234ce6aa,Consultoria Financeira,1345.34,800.52,Cartão de Crédito,Pendente
2025-05-19,ff83af04,Auditoria Contábil,1157.98,511.65,Boleto,Pago
2025-05-19,838c0893,Plano Básico,271.82,112.78,Transferência,Pago
2025-05-19,8af7aae3,Plano Básico,199.59,63.24,Boleto,Pago
2025-05-19,8a5de1a7,Auditoria Contábil,1123.22,345.0,Pix,Pago
2025-05-19,809e8137,Plano Avançado,1196.53,542.9,Transferência,Pago
2025-05-19,809e8137,Consultoria Financeira,1223.42,699.62,Pix,Pago
2025-05-19,e6e04fe5,Consultoria Financeira,1298.43,880.2,Boleto,Pago
2025-05-19,1fd8d42c,Auditoria Contábil,1178.6,573.93,Pix,Cancelado
2025-05-19,1dd73ec3,Auditoria Contábil,1087.73,757.57,Transferência,Pago
2025-05-19,84833a28,Consultoria Financeira,1238.24,486.22,Pix,Pago
2025-05-19,3572e701,Plano Básico,316.65,171.97,Pix,Pago
2025-05-19,b4fc9431,Plano Avançado,1249.25,630.97,Pix,Pago
2025-05-19,da560193,Plano Básico,236.23,91.7,Cartão de Crédito,Pago
2025-05-19,ef39a43c,Plano Básico,246.9,92.48,Pix,Pago
2025-05-19,64952769,Auditoria Contábil,1136.26,367.17,Transferência,Pendente
2025-05-19,889382a2,Auditoria Contábil,1318.9,906.93,Boleto,Pago
2025-05-19,d013ff9d,Consultoria Financeira,1342.05,776.25,Transferência,Pendente
2025-05-19,cefd3c78,Auditoria Contábil,1142.93,413.24,Transferência,Pendente
2025-05-19,d34ea5cb,Auditoria Contábil,1144.78,445.92,Pix,Pago
2025-05-19,bd5fc63d,Plano Básico,363.29,187.02,Cartão de Crédito,Pago
2025-05-19,a6af877d,Auditoria Contábil,1354.75,456.0,Pix,Pago
2025-05-19,ff83af04,Plano Intermediário,879.59,572.6,Transferência,Pendente
2025-05-19,64adcc21,Plano Intermediário,638.72,418.68,Pix,Cancelado
2025-05-19,4de403bd,Plano Avançado,1161.23,792.26,Transferência,Pago
2025-05-19,37164a6b,Auditoria Contábil,1228.59,690.59,Pix,Pago
2025-05-19,1345c41b,Consultoria Financeira,1233.45,641.82,Boleto,Pago
2025-05-19,3e3f9af2,Plano Básico,282.31,126.78,Pix,Pago
2025-05-19,e674add6,Plano Básico,220.17,88.93,Pix,Pago
2025-05-19,f2f1883d,Auditoria Contábil,1196.69,397.8,Cartão de Crédito,Pago
2025-05-19,2ed6ef07,Consultoria Financeira,1379.46,535.33,Cartão de Crédito,Pago
2025-05-19,7be9fda6,Auditoria Contábil,1148.24,735.43,Pix,Pago
2025-05-19,04ac6356,Plano Intermediário,722.38,359.79,Boleto,Pago
2025-05-19,f6a2c989,Plano Básico,552.69,348.12,Cartão de Crédito,Pago
2025-05-19,4edd1840,Consultoria Financeira,1146.91,503.64,Cartão de Crédito,Pago
2025-05-19,e31cf753,Consultoria Financeira,1268.19,515.91,Pix,Pendente
2025-05-19,58fa93e2,Plano Básico,484.67,315.74,Cartão de Crédito,Pago
2025-05-19,b054bf90,Plano Avançado,1259.07,806.1,Pix,Pago
2025-05-19,4edd1840,Plano Intermediário,810.87,524.57,Pix,Pendente
2025-05-19,bc7e9946,Auditoria Contábil,1282.05,742.29,Transferência,Pago
2025-05-19,7be9fda6,Plano Avançado,1250.73,715.49,Pix,Pago
2025-05-19,88b9030f,Plano Avançado,1338.22,486.37,Transferência,Pago
2025-05-19,1345c41b,Plano Avançado,1264.87,825.14,Cartão de Crédito,Pago
2025-05-19,5fa4df12,Plano Avançado,1183.29,513.6,Pix,Pago
2025-05-19,7be9fda6,Plano Avançado,1214.67,725.65,Transferência,Pago
2025-05-19,8519c9b9,Auditoria Contábil,1236.87,782.76,Pix,Pendente
2025-05-19,b4baf750,Plano Avançado,1160.67,583.8,Cartão de Crédito,Pago
2025-05-19,ef39a43c,Plano Básico,319.11,176.38,Transferência,Pendente
2025-05-19,f2f1883d,Plano Avançado,1204.64,486.58,Pix,Pago
2025-05-19,a69c7843,Plano Avançado,1264.55,773.83,Transferência,Pago
2025-05-19,4331374a,Auditoria Contábil,1416.33,485.51,Cartão de Crédito,Pago
2025-05-19,27ddd74f,Auditoria Contábil,1224.94,839.32,Cartão de Crédito,Pago
2025-05-19,e11548e5,Plano Básico,457.75,199.92,Pix,Pago
2025-05-19,9e842c39,Plano Básico,360.79,123.03,Cartão de Crédito,Pago
2025-05-19,cd692f1a,Plano Intermediário,718.66,485.02,Pix,Pago
2025-05-19,a6af877d,Consultoria Financeira,1155.36,485.7,Cartão de Crédito,Pendente
2025-05-19,ef39a43c,Plano Avançado,1219.41,711.24,Transferência,Pago
2025-05-19,fc732816,Plano Básico,313.3,137.34,Cartão de Crédito,Pago
2025-05-19,e674add6,Plano Básico,229.99,126.12,Cartão de Crédito,Pago
2025-05-19,7f123ea3,Plano Básico,244.11,147.27,Pix,Pendente
2025-05-19,b64c91ff,Plano Avançado,1237.72,383.49,Boleto,Pago
2025-05-19,ac40ed62,Auditoria Contábil,1356.55,777.73,Boleto,Pendente
2025-05-19,de962a39,Plano Avançado,1193.42,570.89,Pix,Cancelado
2025-05-19,8884a6a4,Auditoria Contábil,1055.2,385.62,Pix,Pendente
2025-05-19,aafa4686,Auditoria Contábil,980.12,605.64,Pix,Pago
2025-05-19,1e76fa0e,Plano Avançado,1097.88,365.54,Cartão de Crédito,Pago
2025-05-19,e7704e2a,Plano Avançado,1270.84,727.17,Cartão de Crédito,Pago
2025-05-19,cefd3c78,Plano Avançado,1071.97,729.31,Cartão de Crédito,Pago
2025-05-19,8d9c0793,Consultoria Financeira,1287.25,463.95,Pix,Pago
2025-05-19,73af6a17,Consultoria Financeira,1265.02,591.89,Boleto,Pago
2025-05-19,63ee329b,Consultoria Financeira,1190.08,660.98,Transferência,Pendente
2025-05-19,51dcc5b4,Plano Avançado,1047.45,726.5,Pix,Pago
2025-05-19,c537a075,Plano Avançado,1130.81,524.39,Transferência,Pago
2025-05-19,e674add6,Auditoria Contábil,1175.88,453.0,Boleto,Pago
2025-05-19,c6a8f08d,Plano Intermediário,735.21,229.72,Boleto,Pago
2025-05-19,838c0893,Plano Avançado,1074.85,694.08,Cartão de Crédito,Pago
2025-05-19,f42064ce,Plano Avançado,1344.38,657.78,Boleto,Pago
2025-05-19,11e08084,Plano Avançado,1234.27,750.89,Cartão de Crédito,Pago
2025-05-19,aafa4686,Consultoria Financeira,1245.68,794.64,Cartão de Crédito,Pago
2025-05-19,5239936f,Plano Avançado,1264.27,445.65,Pix,Pago
2025-05-19,9e842c39,Auditoria Contábil,1332.92,417.22,Cartão de Crédito,Pendente
2025-05-19,04ac6356,Auditoria Contábil,1219.65,754.49,Boleto,Pago
2025-05-19,03bbe434,Plano Avançado,1270.9,626.06,Boleto,Pendente
2025-05-19,1e76fa0e,Plano Básico,232.36,88.35,Cartão de Crédito,Pago
2025-05-19,89567f21,Plano Intermediário,880.09,437.09,Transferência,Pendente
2025-05-19,cf1ebe05,Plano Básico,312.81,127.5,Cartão de Crédito,Pago
2025-05-19,5fa4df12,Plano Básico,231.89,143.55,Pix,Pendente
2025-05-19,91953d5e,Plano Intermediário,655.38,199.66,Pix,Pago
2025-05-19,9ae0fade,Auditoria Contábil,1011.05,332.61,Pix,Pago
2025-05-19,e6e04fe5,Plano Básico,254.77,137.58,Pix,Pago
2025-05-19,5fe2102d,Plano Intermediário,457.61,190.67,Boleto,Pago
2025-05-19,234ce6aa,Plano Básico,378.58,231.67,Boleto,Pendente
2025-05-19,65bb5f82,Consultoria Financeira,1242.55,392.46,Boleto,Pago
2025-05-19,e28e1db0,Plano Intermediário,603.3,239.4,Pix,Pago
2025-05-19,34da685d,Consultoria Financeira,1195.23,830.28,Pix,Pago
2025-05-19,04ac6356,Auditoria Contábil,1199.64,656.52,Cartão de Crédito,Pago
2025-05-19,d25f4939,Plano Básico,184.16,106.99,Cartão de Crédito,Cancelado
2025-05-19,1fd8d42c,Auditoria Contábil,1177.9,507.19,Cartão de Crédito,Pago
2025-05-19,e746ca72,Plano Básico,302.69,153.49,Boleto,Cancelado
2025-05-19,f4574bde,Auditoria Contábil,1175.28,368.19,Pix,Pago
2025-05-19,50989097,Plano Intermediário,631.8,209.4,Pix,Pago
2025-05-19,2c43fd10,Plano Intermediário,599.84,316.13,Boleto,Pago
2025-05-19,360ab68d,Consultoria Financeira,1171.89,674.76,Boleto,Pago
2025-05-19,65bb5f82,Plano Básico,242.88,89.14,Boleto,Pago
2025-05-19,3e3f9af2,Plano Básico,357.26,122.12,Cartão de Crédito,Pago
2025-05-19,da560193,Consultoria Financeira,1339.94,418.91,Cartão de Crédito,Pago
2025-05-19,bd9b7985,Plano Básico,392.46,264.71,Cartão de Crédito,Pago
2025-05-19,b4947d3a,Plano Intermediário,705.96,412.02,Transferência,Pago
2025-05-19,cfceac6d,Plano Avançado,1135.31,736.12,Cartão de Crédito,Pago
2025-05-19,8af7aae3,Auditoria Contábil,1289.52,561.95,Cartão de Crédito,Pago
2025-05-19,2c43fd10,Plano Básico,363.52,227.54,Cartão de Crédito,Pago
2025-05-19,9f671442,Auditoria Contábil,1331.74,640.47,Pix,Pago
2025-05-19,234ce6aa,Consultoria Financeira,1219.76,679.93,Transferência,Pago
2025-05-19,0c9111bd,Plano Intermediário,873.6,290.6,Transferência,Pago
2025-05-19,bd9b7985,Auditoria Contábil,1219.79,395.38,Pix,Pago
2025-05-19,e746ca72,Plano Avançado,1134.86,736.2,Cartão de Crédito,Pendente
2025-05-19,9ae0fade,Auditoria Contábil,1151.61,446.46,Pix,Cancelado
2025-05-19,85daef29,Auditoria Contábil,1252.28,705.64,Cartão de Crédito,Pago
2025-05-19,e517e12f,Plano Intermediário,642.63,320.85,Transferência,Pago
2025-05-19,74c6dcec,Plano Avançado,1372.75,537.27,Boleto,Pago
2025-05-19,bfa26e2d,Plano Básico,343.63,240.04,Transferência,Pago
2025-05-19,8dcc5eb7,Auditoria Contábil,1203.8,457.22,Boleto,Pendente
2025-05-19,bfa26e2d,Auditoria Contábil,1212.0,693.37,Cartão de Crédito,Pago
2025-05-19,de962a39,Plano Avançado,1174.26,760.11,Boleto,Pago
2025-05-19,bfa26e2d,Plano Básico,133.14,78.67,Pix,Pendente
2025-05-19,723e148d,Auditoria Contábil,1151.68,504.87,Cartão de Crédito,Pago
2025-05-19,44b4830b,Auditoria Contábil,1357.4,608.68,Transferência,Pendente
2025-05-19,34da685d,Consultoria Financeira,1222.45,581.21,Transferência,Pago
2025-05-19,c6a8f08d,Auditoria Contábil,1304.71,769.91,Pix,Pago
2025-05-19,7be9fda6,Consultoria Financeira,1307.87,863.56,Transferência,Pendente
2025-05-19,fe8b9235,Plano Avançado,1196.15,560.62,Pix,Pago
2025-05-19,29c41e63,Plano Intermediário,765.23,508.84,Boleto,Pago
2025-05-19,2ed6ef07,Auditoria Contábil,1042.36,400.54,Pix,Pago
2025-05-19,d34ea5cb,Plano Avançado,1347.65,799.49,Cartão de Crédito,Pago
2025-05-19,163a3e98,Consultoria Financeira,1338.01,471.82,Transferência,Pago
2025-05-19,5fa4df12,Consultoria Financeira,1249.4,464.62,Pix,Pago
2025-05-19,76b5d5b5,Plano Intermediário,726.07,286.81,Cartão de Crédito,Pago
2025-05-19,5fa4df12,Plano Intermediário,697.44,278.2,Boleto,Pago
2025-05-19,f3617404,Plano Básico,417.27,270.52,Boleto,Pago
2025-05-19,5f4d6138,Plano Intermediário,777.17,344.83,Boleto,Pago
2025-05-19,3572e701,Plano Intermediário,415.15,223.01,Pix,Pago
2025-05-19,14d5d4bf,Auditoria Contábil,1163.76,800.39,Pix,Pago
2025-05-19,b9322c5f,Plano Básico,188.03,75.82,Pix,Pago
2025-05-19,03bbe434,Plano Avançado,1070.53,652.37,Transferência,Pago
2025-05-19,723e148d,Consultoria Financeira,1316.08,463.72,Cartão de Crédito,Pago
2025-05-19,d013ff9d,Auditoria Contábil,1195.31,471.45,Cartão de Crédito,Pago
2025-05-19,14d5d4bf,Auditoria Contábil,1247.7,410.99,Transferência,Pendente
2025-05-19,4ac7ffdb,Consultoria Financeira,1207.68,525.1,Boleto,Pago
2025-05-19,c72662a8,Consultoria Financeira,1071.7,676.84,Cartão de Crédito,Cancelado
2025-05-19,e746ca72,Plano Avançado,1044.34,571.11,Boleto,Pago
2025-05-19,d2f63bb1,Plano Básico,257.19,149.87,Boleto,Pago
2025-05-19,8b520075,Auditoria Contábil,1165.13,366.63,Pix,Pago
2025-05-19,3572e701,Plano Intermediário,665.07,395.42,Boleto,Pago
2025-05-19,bb3d4eda,Plano Avançado,1167.84,744.69,Boleto,Pendente
2025-05-19,111842ea,Plano Intermediário,907.67,564.81,Cartão de Crédito,Pendente
2025-05-19,8dd779c0,Auditoria Contábil,1303.03,498.2,Pix,Pago
2025-05-19,f3617404,Plano Avançado,1223.88,421.95,Boleto,Pago
2025-05-19,4edd1840,Plano Básico,292.84,150.07,Cartão de Crédito,Pago
2025-05-19,c537a075,Consultoria Financeira,1196.28,807.06,Boleto,Pago
2025-05-19,699833e9,Plano Intermediário,773.26,329.77,Pix,Pago
2025-05-19,805310ba,Plano Avançado,1191.93,599.41,Pix,Pendente
2025-05-19,63ee329b,Plano Básico,391.63,188.72,Transferência,Pago
2025-05-19,bb3d4eda,Plano Intermediário,734.65,371.91,Boleto,Pago
2025-05-19,fc732816,Auditoria Contábil,1408.84,501.35,Pix,Cancelado
2025-05-19,11255cd4,Plano Básico,286.04,89.24,Transferência,Pendente
2025-05-19,74c6dcec,Consultoria Financeira,1310.82,499.08,Cartão de Crédito,Pago
2025-05-19,8b520075,Consultoria Financeira,1096.01,624.04,Cartão de Crédito,Pago
2025-05-19,360ab68d,Consultoria Financeira,1137.62,736.33,Boleto,Pendente
2025-05-19,11e08084,Plano Intermediário,891.4,330.58,Boleto,Pago
2025-05-19,14c536e1,Consultoria Financeira,1287.01,872.39,Cartão de Crédito,Pago
2025-05-19,64adcc21,Plano Avançado,1249.57,716.38,Boleto,Pago
2025-05-19,e6e04fe5,Consultoria Financeira,1440.34,932.71,Transferência,Pendente
2025-05-19,2a5aaa20,Plano Intermediário,694.24,366.73,Boleto,Pago
2025-05-19,b894acf6,Auditoria Contábil,1310.55,506.23,Pix,Pago
2025-05-19,73af6a17,Plano Avançado,1318.7,743.16,Boleto,Pago
2025-05-19,11255cd4,Consultoria Financeira,1363.34,467.13,Boleto,Pago
2025-05-19,5c901b8a,Plano Básico,185.37,104.39,Cartão de Crédito,Pago
2025-05-19,b98e2b98,Consultoria Financeira,1193.59,773.81,Cartão de Crédito,Pago
2025-05-19,e9227863,Plano Avançado,1232.88,755.7,Pix,Pago
