data,id_cliente,produto,valor_venda,custo,meio_pagamento,status_pagamento
2025-04-30,902164d4,Plano Intermediário,654.33,315.06,Pix,Pago
2025-04-30,a810c961,Plano Avançado,1233.9,620.37,Cartão de Crédito,Pago
2025-04-30,27ddd74f,Plano Avançado,1302.16,812.92,Pix,Pago
2025-04-30,9f671442,Plano Intermediário,843.64,268.19,Cartão de Crédito,Pago
2025-04-30,64952769,Plano Avançado,1094.98,392.45,Transferência,Cancelado
2025-04-30,8dd779c0,Auditoria Contábil,1102.77,458.39,Boleto,Pago
2025-04-30,14c536e1,Plano Básico,322.39,182.31,Boleto,Cancelado
2025-04-30,160977e3,Plano Avançado,1005.35,454.86,Cartão de Crédito,Pago
2025-04-30,74c6dcec,Plano Avançado,1107.18,460.71,Boleto,Pago
2025-04-30,7d8188f3,Auditoria Contábil,1324.34,683.99,Pix,Pago
2025-04-30,df99804c,Auditoria Contábil,1263.53,743.72,Transferência,Pendente
2025-04-30,de42cc92,Plano Básico,288.23,96.63,Transferência,Pago
2025-04-30,bfa26e2d,Auditoria Contábil,1247.46,679.09,Transferência,Pago
2025-04-30,14d5d4bf,Plano Básico,370.76,232.88,Boleto,Pago
2025-04-30,bc7e9946,Plano Intermediário,562.44,283.92,Cartão de Crédito,Pago
2025-04-30,bd9b7985,Plano Avançado,1152.64,598.84,Boleto,Pago
2025-04-30,5c901b8a,Consultoria Financeira,1436.93,976.37,Boleto,Pendente
2025-04-30,945c8852,Consultoria Financeira,1339.54,885.3,Cartão de Crédito,Pago
2025-04-30,14d5d4bf,Consultoria Financeira,1224.18,829.22,Boleto,Cancelado
2025-04-30,d93c0874,Plano Intermediário,730.14,247.81,Pix,Pago
2025-04-30,186cc208,Consultoria Financeira,1196.34,764.0,Transferência,Pago
2025-04-30,d34ea5cb,Plano Básico,126.22,63.37,Boleto,Pago
2025-04-30,5fe2102d,Auditoria Contábil,1140.04,457.12,Transferência,Pago
2025-04-30,856c4622,Plano Avançado,1241.2,735.67,Transferência,Pago
2025-04-30,51dcc5b4,Plano Avançado,1154.87,468.82,Pix,Pago
2025-04-30,d013ff9d,Auditoria Contábil,1098.21,483.15,Boleto,Pago
2025-04-30,a6af877d,Consultoria Financeira,1109.96,579.52,Transferência,Pago
2025-04-30,85050e16,Plano Avançado,1341.95,456.23,Cartão de Crédito,Pago
2025-04-30,bcf6c281,Plano Avançado,1149.71,643.16,Boleto,Pendente
2025-04-30,9ae0fade,Plano Avançado,1317.89,777.76,Cartão de Crédito,Pago
2025-04-30,34da685d,Plano Intermediário,730.61,399.27,Transferência,Pago
2025-04-30,0da75a0d,Plano Básico,276.89,130.55,Transferência,Pago
2025-04-30,e6e04fe5,Plano Avançado,1124.03,489.05,Pix,Pago
2025-04-30,84833a28,Plano Avançado,1266.36,790.04,Cartão de Crédito,Pago
2025-04-30,63ee329b,Auditoria Contábil,1303.8,621.24,Boleto,Pago
2025-04-30,d013ff9d,Plano Avançado,1276.42,748.74,Transferência,Pago
2025-04-30,877afd71,Plano Intermediário,571.41,316.03,Cartão de Crédito,Pago
2025-04-30,1b2bdc70,Plano Intermediário,649.45,448.38,Boleto,Pago
2025-04-30,da462287,Auditoria Contábil,1160.66,661.11,Boleto,Pendente
2025-04-30,cd692f1a,Auditoria Contábil,1009.08,521.29,Transferência,Pendente
2025-04-30,83e2e600,Plano Avançado,1246.43,402.99,Boleto,Pendente
2025-04-30,c537a075,Plano Básico,360.91,252.41,Transferência,Pendente
2025-04-30,1543f02f,Plano Básico,357.24,200.23,Transferência,Pago
2025-04-30,e11548e5,Plano Intermediário,739.7,475.27,Boleto,Pago
2025-04-30,c1005960,Plano Básico,268.73,174.83,Boleto,Pendente
2025-04-30,111842ea,Consultoria Financeira,1120.4,426.49,Transferência,Pago
2025-04-30,4d3f9f70,Plano Avançado,1168.39,749.8,Cartão de Crédito,Pago
2025-04-30,b054bf90,Plano Intermediário,731.43,420.36,Boleto,Pago
2025-04-30,b64c91ff,Auditoria Contábil,1328.28,621.24,Boleto,Pago
2025-04-30,b9322c5f,Consultoria Financeira,1207.8,456.06,Cartão de Crédito,Pago
2025-04-30,f5534c19,Plano Intermediário,704.41,361.03,Cartão de Crédito,Cancelado
2025-04-30,51dcc5b4,Auditoria Contábil,1016.42,632.45,Transferência,Pago
2025-04-30,6bffad7d,Plano Intermediário,738.14,451.97,Pix,Pago
2025-04-30,d55456f6,Consultoria Financeira,1336.55,503.49,Cartão de Crédito,Pago
2025-04-30,5c901b8a,Plano Intermediário,689.01,398.34,Transferência,Pago
2025-04-30,c72662a8,Auditoria Contábil,1181.59,548.0,Pix,Pendente
2025-04-30,ef39a43c,Plano Avançado,1162.45,354.25,Cartão de Crédito,Pago
2025-04-30,877afd71,Consultoria Financeira,1269.95,533.71,Transferência,Pago
2025-04-30,7675fac6,Plano Básico,112.5,57.82,Boleto,Pago
2025-04-30,bfa26e2d,Plano Avançado,1318.0,857.54,Cartão de Crédito,Pago
2025-04-30,0d3cb43f,Auditoria Contábil,1177.31,570.83,Boleto,Cancelado
2025-04-30,88b9030f,Plano Intermediário,740.0,384.55,Boleto,Pago
2025-04-30,88b9030f,Plano Básico,378.2,170.65,Boleto,Pago
2025-04-30,aafa4686,Plano Intermediário,608.84,184.63,Transferência,Cancelado
2025-04-30,df74f82a,Plano Básico,298.01,147.61,Cartão de Crédito,Pago
2025-04-30,723e148d,Plano Básico,275.21,85.05,Pix,Pago
2025-04-30,e31cf753,Consultoria Financeira,1086.58,569.32,Cartão de Crédito,Pago
2025-04-30,e7704e2a,Plano Básico,402.92,169.37,Transferência,Pago
2025-04-30,0da75a0d,Consultoria Financeira,1167.35,458.66,Transferência,Pago
2025-04-30,1ec260d5,Plano Intermediário,582.91,299.57,Cartão de Crédito,Pago
2025-04-30,bfa26e2d,Plano Intermediário,703.97,255.51,Pix,Pago
2025-04-30,2c43fd10,Consultoria Financeira,1057.71,601.19,Boleto,Pago
2025-04-30,d421c1e5,Consultoria Financeira,1154.9,562.58,Cartão de Crédito,Pago
2025-04-30,d55456f6,Consultoria Financeira,1229.39,403.67,Transferência,Pago
2025-04-30,1e76fa0e,Plano Avançado,1048.62,535.9,Cartão de Crédito,Pago
2025-04-30,7f123ea3,Consultoria Financeira,1263.09,640.37,Boleto,Pago
2025-04-30,64952769,Auditoria Contábil,1209.12,644.7,Boleto,Pago
2025-04-30,d25f4939,Plano Avançado,1278.82,589.1,Cartão de Crédito,Pago
2025-04-30,de946ab3,Plano Avançado,1277.62,604.26,Pix,Cancelado
2025-04-30,5c88b44f,Plano Intermediário,651.61,411.47,Pix,Pago
2025-04-30,aafa4686,Plano Básico,254.2,147.55,Cartão de Crédito,Pago
2025-04-30,8a5de1a7,Plano Intermediário,747.53,311.16,Cartão de Crédito,Pago
2025-04-30,7be9fda6,Plano Avançado,1094.4,645.94,Transferência,Pago
2025-04-30,5c88b44f,Auditoria Contábil,1094.99,429.16,Transferência,Pago
2025-04-30,6f084a1f,Plano Básico,238.32,116.86,Boleto,Pago
2025-04-30,84833a28,Plano Avançado,1065.2,338.55,Cartão de Crédito,Pendente
2025-04-30,27ddd74f,Auditoria Contábil,1081.9,518.68,Cartão de Crédito,Pago
2025-04-30,03bbe434,Plano Básico,184.83,101.75,Cartão de Crédito,Cancelado
2025-04-30,11255cd4,Auditoria Contábil,1167.7,751.73,Pix,Pago
2025-04-30,5fe2102d,Consultoria Financeira,1163.28,468.22,Cartão de Crédito,Pago
2025-04-30,5adf9642,Plano Avançado,1294.81,731.9,Pix,Pago
2025-04-30,5c88b44f,Auditoria Contábil,1169.4,510.66,Cartão de Crédito,Pago
2025-04-30,27ddd74f,Auditoria Contábil,1190.47,744.37,Transferência,Pago
2025-04-30,9e842c39,Auditoria Contábil,1373.03,936.21,Cartão de Crédito,Pendente
2025-04-30,11255cd4,Plano Básico,75.44,36.66,Transferência,Pago
2025-04-30,da462287,Plano Intermediário,719.54,414.43,Transferência,Pago
2025-04-30,d421c1e5,Auditoria Contábil,1177.45,785.69,Boleto,Pago
2025-04-30,2a5aaa20,Auditoria Contábil,1229.55,769.79,Cartão de Crédito,Pago
2025-04-30,bd5fc63d,Plano Intermediário,644.12,222.15,Pix,Pago
2025-04-30,4de403bd,Plano Básico,268.79,111.95,Boleto,Pago
2025-04-30,cd692f1a,Consultoria Financeira,1322.89,872.71,Cartão de Crédito,Pago
2025-04-30,405479fd,Plano Intermediário,746.11,409.99,Transferência,Pago
2025-04-30,e517e12f,Plano Básico,273.56,136.93,Pix,Pago
2025-04-30,43c9d6f5,Auditoria Contábil,1122.58,356.26,Pix,Pendente
2025-04-30,2c46ff5e,Plano Avançado,1094.08,611.4,Cartão de Crédito,Pago
2025-04-30,2c46ff5e,Plano Avançado,1149.97,558.55,Cartão de Crédito,Pago
2025-04-30,de946ab3,Plano Avançado,922.62,629.6,Cartão de Crédito,Pago
2025-04-30,723e148d,Plano Básico,282.04,108.84,Pix,Pendente
2025-04-30,1dd73ec3,Consultoria Financeira,1372.57,717.49,Transferência,Pago
2025-04-30,f42064ce,Auditoria Contábil,1212.18,814.11,Cartão de Crédito,Pendente
2025-04-30,43c9d6f5,Plano Básico,233.27,78.24,Pix,Pago
2025-04-30,de42cc92,Consultoria Financeira,975.81,530.45,Cartão de Crédito,Pago
2025-04-30,d013ff9d,Auditoria Contábil,1119.97,579.93,Boleto,Pago
2025-04-30,dd91e604,Plano Intermediário,650.1,333.45,Cartão de Crédito,Pago
2025-04-30,bd5fc63d,Plano Intermediário,721.72,396.59,Cartão de Crédito,Pendente
2025-04-30,d34ea5cb,Plano Intermediário,653.52,245.47,Transferência,Pago
2025-04-30,360ab68d,Consultoria Financeira,1378.29,705.37,Cartão de Crédito,Pago
2025-04-30,85050e16,Plano Básico,275.27,126.13,Cartão de Crédito,Pago
2025-04-30,bd9b7985,Plano Avançado,1298.54,877.35,Pix,Pago
2025-04-30,160977e3,Plano Intermediário,541.42,307.9,Pix,Pago
2025-04-30,b98e2b98,Plano Avançado,1192.69,782.8,Boleto,Pago
2025-04-30,53dda9e7,Consultoria Financeira,1120.92,378.63,Boleto,Pago
2025-04-30,809e8137,Plano Intermediário,801.59,374.63,Boleto,Pago
2025-04-30,4d3f9f70,Consultoria Financeira,1159.66,552.39,Cartão de Crédito,Pago
2025-04-30,4a94313e,Plano Avançado,1326.08,415.75,Transferência,Pendente
2025-04-30,809e8137,Auditoria Contábil,1261.67,677.85,Cartão de Crédito,Cancelado
2025-04-30,bcf6c281,Plano Intermediário,647.1,284.2,Pix,Pago
2025-04-30,5a66b672,Auditoria Contábil,1092.43,532.7,Cartão de Crédito,Pendente
2025-04-30,cfceac6d,Plano Básico,226.39,81.1,Cartão de Crédito,Pago
2025-04-30,8b520075,Auditoria Contábil,1168.91,366.31,Pix,Pendente
2025-04-30,681d27d6,Plano Básico,360.99,125.0,Cartão de Crédito,Pendente
2025-04-30,50989097,Auditoria Contábil,1196.01,811.5,Boleto,Pago
2025-04-30,b4baf750,Auditoria Contábil,1279.49,714.1,Cartão de Crédito,Pago
2025-04-30,e28e1db0,Auditoria Contábil,1334.91,841.92,Cartão de Crédito,Pendente
2025-04-30,44b4830b,Plano Básico,301.19,174.34,Boleto,Pago
2025-04-30,9e03667d,Plano Básico,201.92,107.97,Transferência,Pago
2025-04-30,2c46ff5e,Plano Avançado,1234.21,557.45,Transferência,Pago
2025-04-30,aafa4686,Plano Intermediário,891.73,388.89,Boleto,Pago
2025-04-30,e31cf753,Plano Intermediário,785.52,391.56,Cartão de Crédito,Pago
2025-04-30,73af6a17,Auditoria Contábil,1226.43,772.52,Cartão de Crédito,Pago
2025-04-30,6c605674,Consultoria Financeira,1113.2,361.35,Boleto,Pago
2025-04-30,72592469,Consultoria Financeira,1178.64,377.79,Cartão de Crédito,Pago
2025-04-30,cefd3c78,Plano Básico,146.73,86.16,Boleto,Pendente
2025-04-30,7d8188f3,Plano Básico,187.14,111.75,Boleto,Pendente
2025-04-30,e674add6,Plano Básico,336.3,120.33,Boleto,Pago
2025-04-30,bd9b7985,Auditoria Contábil,1027.89,363.44,Boleto,Pago
2025-04-30,bfa26e2d,Consultoria Financeira,1164.16,514.85,Boleto,Pago
2025-04-30,a69c7843,Plano Avançado,1077.5,664.17,Boleto,Pendente
2025-04-30,06019269,Auditoria Contábil,1091.43,650.05,Boleto,Pago
2025-04-30,76b5d5b5,Plano Avançado,1202.98,551.87,Pix,Pago
2025-04-30,bd89e3a3,Plano Avançado,1126.52,562.25,Transferência,Pago
2025-04-30,3e465ec4,Auditoria Contábil,1060.08,463.52,Cartão de Crédito,Pago
2025-04-30,df74f82a,Auditoria Contábil,1143.81,351.92,Pix,Pago
2025-04-30,69694584,Plano Básico,157.11,95.68,Cartão de Crédito,Pago
2025-04-30,64952769,Plano Avançado,1318.92,825.03,Boleto,Pago
2025-04-30,9e842c39,Plano Básico,366.72,182.41,Pix,Pago
2025-04-30,bd5fc63d,Auditoria Contábil,1266.25,734.28,Boleto,Pago
2025-04-30,5a66b672,Plano Intermediário,617.71,246.16,Pix,Pago
2025-04-30,bc7e9946,Plano Básico,339.64,200.02,Transferência,Pago
2025-04-30,2c43fd10,Auditoria Contábil,1216.97,457.8,Cartão de Crédito,Pago
