data,id_cliente,produto,valor_venda,custo,meio_pagamento,status_pagamento
2025-05-04,0f77cc0f,Plano Intermediário,777.14,270.22,Cartão de Crédito,Pago
2025-05-04,dd91e604,Consultoria Financeira,1200.11,763.48,Cartão de Crédito,Pendente
2025-05-04,0f77cc0f,Plano Intermediário,545.56,316.71,Transferência,Cancelado
2025-05-04,a6af877d,Auditoria Contábil,1139.89,526.47,Pix,Pendente
2025-05-04,4ac7ffdb,Plano Intermediário,816.59,373.57,Transferência,Pago
2025-05-04,e9227863,Plano Avançado,1213.66,445.09,Cartão de Crédito,Pago
2025-05-04,6bffad7d,Plano Avançado,1202.54,383.22,Transferência,Pago
2025-05-04,bcf6c281,Auditoria Contábil,1128.34,712.95,Pix,Pendente
2025-05-04,51dcc5b4,Consultoria Financeira,1280.96,744.97,Boleto,Cancelado
2025-05-04,76b5d5b5,Plano Intermediário,687.69,388.4,Pix,Pendente
2025-05-04,b9322c5f,Plano Intermediário,760.26,369.44,Cartão de Crédito,Pago
2025-05-04,e517e12f,Plano Avançado,1118.75,420.04,Transferência,Pago
2025-05-04,9f671442,Consultoria Financeira,1410.53,709.72,Transferência,Pago
2025-05-04,4de403bd,Plano Intermediário,836.81,497.24,Cartão de Crédito,Pago
2025-05-04,d4cba754,Plano Avançado,1212.59,685.74,Boleto,Pago
2025-05-04,4423823b,Plano Avançado,1233.8,617.05,Pix,Pendente
2025-05-04,0f1b8a1f,Consultoria Financeira,1140.78,750.22,Boleto,Pendente
2025-05-04,5c901b8a,Consultoria Financeira,1268.59,455.73,Cartão de Crédito,Pago
2025-05-04,5239936f,Auditoria Contábil,984.63,589.33,Pix,Pago
2025-05-04,9ae0fade,Plano Avançado,1365.33,910.21,Transferência,Pago
2025-05-04,d4cba754,Plano Avançado,1262.31,734.92,Boleto,Pago
2025-05-04,06019269,Plano Básico,200.16,60.15,Transferência,Cancelado
2025-05-04,5adf9642,Consultoria Financeira,1362.33,474.18,Cartão de Crédito,Pendente
2025-05-04,c1005960,Plano Avançado,1399.14,653.37,Cartão de Crédito,Pago
2025-05-04,d4cba754,Plano Intermediário,739.29,437.86,Transferência,Pago
2025-05-04,64952769,Plano Avançado,1120.29,422.13,Transferência,Pago
2025-05-04,63ee329b,Plano Básico,304.09,193.4,Transferência,Cancelado
2025-05-04,c6a8f08d,Consultoria Financeira,1253.78,435.09,Cartão de Crédito,Pago
2025-05-04,838c0893,Plano Intermediário,730.64,508.59,Pix,Pago
2025-05-04,d34ea5cb,Plano Avançado,1100.17,585.39,Transferência,Pago
2025-05-04,6f084a1f,Plano Intermediário,751.88,497.45,Boleto,Pago
2025-05-04,9f671442,Consultoria Financeira,1315.26,493.43,Pix,Pendente
2025-05-04,03bbe434,Plano Básico,178.26,98.03,Transferência,Pago
2025-05-04,bb3d4eda,Plano Básico,188.59,80.2,Transferência,Pendente
2025-05-04,5fa4df12,Plano Avançado,1136.91,422.4,Transferência,Pago
2025-05-04,58fa93e2,Plano Básico,278.58,110.91,Boleto,Cancelado
2025-05-04,7d8188f3,Plano Básico,383.72,183.94,Cartão de Crédito,Pendente
2025-05-04,73af6a17,Auditoria Contábil,1314.01,904.68,Pix,Pago
2025-05-04,bfa26e2d,Plano Básico,216.29,102.78,Pix,Pendente
2025-05-04,838c0893,Consultoria Financeira,1219.96,442.72,Cartão de Crédito,Pago
2025-05-04,6c605674,Plano Intermediário,809.42,466.43,Transferência,Pago
2025-05-04,7d8188f3,Consultoria Financeira,1417.86,929.94,Boleto,Pago
2025-05-04,11e08084,Plano Básico,319.43,152.1,Pix,Pago
2025-05-04,e746ca72,Plano Avançado,1224.95,606.89,Pix,Pago
2025-05-04,e746ca72,Auditoria Contábil,1239.92,671.15,Transferência,Pago
2025-05-04,f2f1883d,Plano Intermediário,668.22,287.77,Transferência,Pendente
2025-05-04,3e210845,Auditoria Contábil,1211.66,665.6,Cartão de Crédito,Pago
2025-05-04,b4a1b003,Plano Intermediário,503.44,239.29,Transferência,Pago
2025-05-04,5fbc6417,Auditoria Contábil,1141.29,462.31,Boleto,Pendente
2025-05-04,805310ba,Plano Avançado,1250.25,632.41,Boleto,Pago
2025-05-04,4edd1840,Plano Intermediário,610.93,232.19,Cartão de Crédito,Pago
2025-05-04,4423823b,Consultoria Financeira,1286.25,423.04,Transferência,Pago
2025-05-04,1dd73ec3,Plano Avançado,1030.5,369.93,Boleto,Pago
2025-05-04,d4cba754,Plano Básico,382.02,224.07,Pix,Pago
2025-05-04,d93c0874,Plano Intermediário,781.73,443.83,Pix,Pago
2025-05-04,d4cba754,Consultoria Financeira,1420.2,447.85,Cartão de Crédito,Pago
2025-05-04,34da685d,Auditoria Contábil,1164.39,638.77,Boleto,Pago
2025-05-04,34588043,Auditoria Contábil,1200.2,531.69,Boleto,Pago
2025-05-04,ea61cc7f,Plano Básico,453.29,186.29,Pix,Pago
2025-05-04,de42cc92,Plano Avançado,1337.72,867.36,Pix,Pago
2025-05-04,2c46ff5e,Auditoria Contábil,1302.0,568.89,Transferência,Pago
2025-05-04,37164a6b,Plano Básico,334.12,218.23,Pix,Pago
2025-05-04,34da685d,Consultoria Financeira,1350.03,690.03,Pix,Cancelado
2025-05-04,fa1fca51,Plano Avançado,1464.2,878.12,Transferência,Pendente
2025-05-04,160977e3,Consultoria Financeira,1259.81,864.07,Transferência,Pago
2025-05-04,f6a2c989,Plano Básico,304.93,166.48,Pix,Pendente
2025-05-04,b9322c5f,Plano Avançado,1272.24,627.18,Transferência,Pago
2025-05-04,88b9030f,Plano Intermediário,718.01,430.01,Boleto,Pago
2025-05-04,14c536e1,Plano Intermediário,672.71,285.69,Pix,Pendente
2025-05-04,d55456f6,Auditoria Contábil,1286.72,423.26,Cartão de Crédito,Pendente
2025-05-04,360ab68d,Plano Avançado,1150.26,750.48,Transferência,Pago
2025-05-04,809e8137,Consultoria Financeira,1257.65,848.16,Cartão de Crédito,Pago
2025-05-04,4c93ecbf,Plano Intermediário,549.14,313.7,Cartão de Crédito,Pago
2025-05-04,1e76fa0e,Plano Intermediário,870.73,381.02,Boleto,Pago
2025-05-04,e6e04fe5,Consultoria Financeira,1122.92,461.41,Transferência,Pendente
2025-05-04,b4fc9431,Auditoria Contábil,1066.34,340.87,Transferência,Pago
2025-05-04,5fbc6417,Plano Avançado,1333.67,416.67,Boleto,Pendente
2025-05-04,85050e16,Plano Intermediário,854.86,440.21,Pix,Pago
2025-05-04,8b520075,Auditoria Contábil,1232.02,783.95,Cartão de Crédito,Pago
2025-05-04,8fd2de20,Plano Avançado,1190.49,470.04,Cartão de Crédito,Pago
2025-05-04,160977e3,Plano Básico,266.7,127.73,Pix,Pago
2025-05-04,0371adaf,Auditoria Contábil,1226.43,639.73,Pix,Pago
2025-05-04,8dcc5eb7,Plano Básico,295.97,198.99,Transferência,Pago
2025-05-04,e517e12f,Plano Intermediário,683.73,460.47,Transferência,Pago
2025-05-04,352fbcce,Auditoria Contábil,1112.88,575.31,Boleto,Pago
2025-05-04,06019269,Auditoria Contábil,1085.67,326.04,Cartão de Crédito,Pago
2025-05-04,ff83af04,Plano Intermediário,708.75,442.3,Cartão de Crédito,Pago
2025-05-04,3e465ec4,Plano Básico,323.3,215.27,Pix,Pago
2025-05-04,4331374a,Plano Básico,228.19,87.5,Cartão de Crédito,Pago
2025-05-04,b64c91ff,Plano Avançado,1141.21,617.97,Transferência,Pago
2025-05-04,f4574bde,Auditoria Contábil,1223.06,447.12,Transferência,Pendente
2025-05-04,a810c961,Plano Avançado,1110.46,538.97,Pix,Pago
2025-05-04,b4a1b003,Auditoria Contábil,1306.29,705.1,Boleto,Pago
2025-05-04,8a5de1a7,Plano Básico,353.42,148.81,Cartão de Crédito,Cancelado
2025-05-04,8fd2de20,Plano Intermediário,627.33,354.41,Boleto,Pendente
2025-05-04,4f8c8ffe,Plano Intermediário,748.06,262.77,Pix,Pago
2025-05-04,fd634e85,Consultoria Financeira,1112.7,523.13,Pix,Pendente
2025-05-04,bfa26e2d,Auditoria Contábil,1282.24,519.07,Pix,Pago
2025-05-04,405479fd,Consultoria Financeira,1116.3,728.59,Transferência,Pago
2025-05-04,07f7efa5,Plano Avançado,1188.55,648.4,Transferência,Pago
2025-05-04,b64c91ff,Plano Avançado,1214.78,407.06,Transferência,Pendente
2025-05-04,3268a45e,Auditoria Contábil,1353.03,762.8,Pix,Pago
2025-05-04,27ddd74f,Plano Avançado,1122.19,617.07,Transferência,Pago
2025-05-04,352fbcce,Consultoria Financeira,1118.38,381.57,Boleto,Cancelado
2025-05-04,f5534c19,Plano Básico,154.49,90.78,Cartão de Crédito,Cancelado
2025-05-04,1e76fa0e,Plano Básico,486.86,194.54,Transferência,Pago
2025-05-04,234ce6aa,Plano Avançado,1203.48,517.23,Pix,Pago
2025-05-04,3e465ec4,Auditoria Contábil,1308.99,862.52,Cartão de Crédito,Pago
2025-05-04,37164a6b,Plano Intermediário,642.88,326.12,Cartão de Crédito,Pendente
2025-05-04,29c41e63,Plano Básico,251.57,163.94,Cartão de Crédito,Pago
2025-05-04,76b5d5b5,Auditoria Contábil,1195.41,364.84,Cartão de Crédito,Pago
2025-05-04,03bbe434,Auditoria Contábil,1198.34,523.4,Boleto,Pendente
2025-05-04,c6a8f08d,Auditoria Contábil,1268.33,849.38,Cartão de Crédito,Pago
2025-05-04,03bbe434,Plano Intermediário,706.36,367.01,Transferência,Pago
2025-05-04,04ac6356,Plano Intermediário,662.82,256.99,Cartão de Crédito,Pendente
2025-05-04,c537a075,Plano Intermediário,889.22,525.4,Pix,Pendente
2025-05-04,43c9d6f5,Plano Básico,211.63,63.55,Pix,Pago
2025-05-04,69694584,Consultoria Financeira,1122.7,353.79,Pix,Pago
2025-05-04,aafa4686,Plano Avançado,1112.93,388.66,Boleto,Pago
2025-05-04,fd722556,Auditoria Contábil,1272.46,512.52,Transferência,Pago
2025-05-04,5adf9642,Auditoria Contábil,1244.85,383.87,Boleto,Pago
2025-05-04,0da75a0d,Plano Intermediário,684.15,268.16,Cartão de Crédito,Pago
2025-05-04,4423823b,Plano Intermediário,608.2,307.98,Pix,Pendente
2025-05-04,e7704e2a,Consultoria Financeira,1214.34,536.46,Pix,Pago
2025-05-04,88b9030f,Plano Avançado,1287.15,582.38,Boleto,Pago
2025-05-04,2c43fd10,Plano Intermediário,857.94,412.37,Pix,Pago
2025-05-04,4de403bd,Auditoria Contábil,1138.82,731.91,Cartão de Crédito,Pago
2025-05-04,8af7aae3,Plano Avançado,1183.8,620.64,Transferência,Pago
2025-05-04,07f7efa5,Auditoria Contábil,1243.84,420.45,Transferência,Pago
2025-05-04,cfceac6d,Auditoria Contábil,1161.85,444.39,Pix,Pago
2025-05-04,d4cba754,Plano Avançado,1067.95,694.83,Boleto,Pago
2025-05-04,0f77cc0f,Consultoria Financeira,1184.3,642.22,Cartão de Crédito,Pago
2025-05-04,bd9b7985,Plano Avançado,1078.98,622.3,Transferência,Pendente
2025-05-04,111842ea,Consultoria Financeira,1296.42,683.64,Transferência,Pago
2025-05-04,838c0893,Consultoria Financeira,1169.46,556.43,Cartão de Crédito,Pendente
2025-05-04,8dd779c0,Consultoria Financeira,1193.89,750.11,Transferência,Pago
2025-05-04,2a5aaa20,Plano Básico,225.12,122.87,Transferência,Pago
2025-05-04,856c4622,Consultoria Financeira,1197.69,416.06,Pix,Pago
2025-05-04,8d9c0793,Plano Básico,427.86,130.69,Transferência,Pendente
2025-05-04,5adf9642,Plano Avançado,1308.3,806.05,Transferência,Pago
2025-05-04,902164d4,Consultoria Financeira,1092.36,456.94,Transferência,Cancelado
2025-05-04,3e465ec4,Plano Básico,28.74,13.34,Boleto,Pago
2025-05-04,3268a45e,Plano Intermediário,685.05,268.91,Pix,Pago
2025-05-04,bb3d4eda,Plano Avançado,1170.12,376.93,Boleto,Cancelado
2025-05-04,fd722556,Consultoria Financeira,1164.18,441.52,Pix,Pago
2025-05-04,856c4622,Consultoria Financeira,1144.77,507.29,Boleto,Pago
2025-05-04,0f1b8a1f,Plano Básico,190.29,57.73,Boleto,Pago
2025-05-04,64952769,Plano Intermediário,929.19,521.75,Transferência,Pago
2025-05-04,fd722556,Auditoria Contábil,1386.75,630.72,Pix,Pendente
2025-05-04,3e210845,Plano Básico,260.05,83.64,Transferência,Pago
2025-05-04,d4cba754,Consultoria Financeira,1212.92,585.71,Boleto,Pendente
2025-05-04,f3713c03,Consultoria Financeira,1298.39,443.87,Boleto,Pago
2025-05-04,e28e1db0,Plano Básico,312.59,196.64,Transferência,Pago
2025-05-04,0da75a0d,Plano Básico,252.34,107.66,Pix,Pendente
2025-05-04,bd9acbb3,Plano Avançado,1069.54,492.05,Transferência,Pago
2025-05-04,88b9030f,Plano Avançado,1201.22,745.55,Pix,Pendente
2025-05-04,11255cd4,Consultoria Financeira,1080.33,514.9,Transferência,Pendente
2025-05-04,4423823b,Plano Intermediário,819.93,477.55,Transferência,Pago
2025-05-04,c537a075,Plano Avançado,1196.77,593.82,Cartão de Crédito,Pendente
2025-05-04,73af6a17,Plano Avançado,1252.08,664.61,Transferência,Pago
2025-05-04,4de403bd,Plano Intermediário,667.22,259.19,Transferência,Pendente
2025-05-04,fa1fca51,Plano Básico,382.93,121.64,Pix,Pago
2025-05-04,7675fac6,Plano Intermediário,636.83,443.77,Pix,Pago
2025-05-04,fd722556,Consultoria Financeira,1229.12,562.83,Transferência,Pago
2025-05-04,d4cba754,Plano Avançado,1163.64,578.2,Cartão de Crédito,Cancelado
2025-05-04,72592469,Plano Básico,277.82,143.08,Boleto,Pago
2025-05-04,eb7bf608,Auditoria Contábil,1296.94,414.66,Transferência,Pendente
2025-05-04,a69c7843,Plano Intermediário,624.4,215.73,Pix,Pago
2025-05-04,f3617404,Plano Intermediário,736.04,341.81,Boleto,Pago
2025-05-04,01e0c209,Consultoria Financeira,1333.26,495.15,Transferência,Pago
2025-05-04,bc7e9946,Auditoria Contábil,1292.89,429.03,Transferência,Pago
2025-05-04,8a5de1a7,Plano Básico,239.51,150.58,Transferência,Pago
2025-05-04,3e465ec4,Plano Avançado,1249.78,759.49,Cartão de Crédito,Pago
2025-05-04,111842ea,Plano Intermediário,530.57,214.88,Cartão de Crédito,Pago
2025-05-04,2c43fd10,Plano Básico,400.66,139.73,Pix,Pago
2025-05-04,8dd779c0,Plano Intermediário,963.79,427.67,Cartão de Crédito,Pendente
2025-05-04,d4cba754,Plano Intermediário,730.19,357.9,Cartão de Crédito,Pago
2025-05-04,163a3e98,Plano Básico,438.98,289.95,Pix,Pendente
2025-05-04,0371adaf,Auditoria Contábil,1065.48,389.51,Cartão de Crédito,Pago
2025-05-04,4c93ecbf,Auditoria Contábil,1099.66,604.79,Pix,Pago
2025-05-04,5c901b8a,Plano Avançado,1166.86,690.25,Transferência,Pendente
2025-05-04,b4fc9431,Consultoria Financeira,1184.22,805.37,Transferência,Pago
2025-05-04,4f8c8ffe,Plano Avançado,1230.83,400.4,Transferência,Pago
2025-05-04,8dd779c0,Plano Intermediário,639.96,420.78,Transferência,Pendente
2025-05-04,f6a2c989,Plano Intermediário,713.97,365.5,Cartão de Crédito,Pago
2025-05-04,bd89e3a3,Consultoria Financeira,1296.72,466.98,Transferência,Pago
2025-05-04,8dcc5eb7,Plano Intermediário,749.4,236.39,Transferência,Pago
2025-05-04,e7704e2a,Auditoria Contábil,1163.77,409.17,Cartão de Crédito,Pago
