data,id_cliente,produto,valor_venda,custo,meio_pagamento,status_pagamento
2025-05-09,88b9030f,Plano Intermediário,814.6,372.68,Pix,Pago
2025-05-09,c6a8f08d,Plano Básico,222.26,120.75,Cartão de Crédito,Pago
2025-05-09,91953d5e,Plano Intermediário,862.96,337.7,Transferência,Pago
2025-05-09,681d27d6,Plano Intermediário,662.73,214.32,Boleto,Pago
2025-05-09,2c46ff5e,Consultoria Financeira,1175.73,431.74,Pix,Pago
2025-05-09,1b2bdc70,Auditoria Contábil,1011.0,446.78,Cartão de Crédito,Pendente
2025-05-09,4a94313e,Consultoria Financeira,1139.24,607.58,Transferência,Pago
2025-05-09,f42064ce,Auditoria Contábil,1186.27,775.51,Pix,Pago
2025-05-09,5adf9642,Consultoria Financeira,1230.77,696.49,Boleto,Pago
2025-05-09,fd634e85,Plano Avançado,1090.45,510.04,Cartão de Crédito,Pago
2025-05-09,ea61cc7f,Consultoria Financeira,1126.48,565.33,Transferência,Pago
2025-05-09,b98e2b98,Consultoria Financeira,1365.62,413.7,Boleto,Pago
2025-05-09,945c8852,Consultoria Financeira,1307.04,412.19,Pix,Pago
2025-05-09,5adf9642,Consultoria Financeira,1327.19,593.65,Cartão de Crédito,Pago
2025-05-09,b64c91ff,Plano Intermediário,694.41,347.75,Cartão de Crédito,Pago
2025-05-09,f42064ce,Plano Básico,333.8,221.63,Pix,Pago
2025-05-09,405479fd,Plano Intermediário,761.89,471.7,Cartão de Crédito,Pago
2025-05-09,e28e1db0,Plano Intermediário,863.84,557.82,Transferência,Cancelado
2025-05-09,0c9111bd,Consultoria Financeira,1048.11,476.28,Boleto,Pendente
2025-05-09,4a94313e,Plano Básico,36.93,25.36,Transferência,Pago
2025-05-09,877afd71,Plano Avançado,1148.52,741.01,Boleto,Pago
2025-05-09,2ed6ef07,Plano Intermediário,724.35,356.54,Pix,Pago
2025-05-09,da462287,Plano Básico,308.61,144.08,Boleto,Pago
2025-05-09,c537a075,Plano Básico,225.31,146.7,Boleto,Pago
2025-05-09,69694584,Plano Básico,352.65,184.46,Pix,Pago
2025-05-09,da462287,Plano Avançado,1152.26,370.85,Pix,Pago
2025-05-09,cefd3c78,Auditoria Contábil,1201.28,500.15,Pix,Pago
2025-05-09,04ac6356,Plano Avançado,1247.98,608.72,Transferência,Pendente
2025-05-09,c6a8f08d,Consultoria Financeira,1156.72,436.17,Pix,Pago
2025-05-09,de42cc92,Plano Avançado,1279.38,449.87,Boleto,Pago
2025-05-09,723e148d,Consultoria Financeira,1298.64,634.58,Cartão de Crédito,Pago
2025-05-09,877afd71,Auditoria Contábil,1128.8,441.35,Transferência,Cancelado
2025-05-09,c537a075,Plano Intermediário,651.58,440.45,Transferência,Pago
2025-05-09,53dda9e7,Consultoria Financeira,1103.38,482.41,Pix,Pago
2025-05-09,5fe2102d,Plano Avançado,1199.07,445.65,Boleto,Pago
2025-05-09,bd5fc63d,Plano Avançado,1230.7,807.9,Pix,Pago
2025-05-09,3268a45e,Consultoria Financeira,1381.34,957.94,Boleto,Pago
2025-05-09,a6af877d,Plano Básico,265.71,85.05,Pix,Pago
2025-05-09,dd91e604,Plano Intermediário,727.83,300.4,Boleto,Pago
2025-05-09,73af6a17,Plano Avançado,1149.08,429.43,Pix,Pago
2025-05-09,b894acf6,Plano Básico,252.12,122.8,Pix,Pago
2025-05-09,44b4830b,Plano Intermediário,735.95,399.15,Cartão de Crédito,Pago
2025-05-09,83e2e600,Plano Básico,258.34,158.47,Boleto,Pago
2025-05-09,3e210845,Plano Básico,293.69,89.34,Cartão de Crédito,Pendente
2025-05-09,11255cd4,Consultoria Financeira,1239.58,586.49,Transferência,Pago
2025-05-09,e517e12f,Consultoria Financeira,1226.36,630.62,Boleto,Pago
2025-05-09,9ea8ac4b,Consultoria Financeira,961.31,629.63,Boleto,Pendente
2025-05-09,de962a39,Plano Intermediário,650.41,427.69,Boleto,Pago
2025-05-09,8b520075,Consultoria Financeira,1309.73,878.52,Pix,Pendente
2025-05-09,e746ca72,Plano Avançado,1043.44,714.57,Boleto,Pago
2025-05-09,1e76fa0e,Plano Básico,-0.76,-0.31,Transferência,Pago
2025-05-09,bfa26e2d,Plano Básico,357.12,244.11,Transferência,Pago
2025-05-09,4edd1840,Consultoria Financeira,1224.37,505.69,Boleto,Pago
2025-05-09,0f1b8a1f,Auditoria Contábil,1090.98,449.05,Cartão de Crédito,Pendente
2025-05-09,bcf6c281,Plano Avançado,1211.05,403.31,Transferência,Pendente
2025-05-09,f5534c19,Auditoria Contábil,1137.37,411.51,Cartão de Crédito,Pago
2025-05-09,3572e701,Auditoria Contábil,1249.41,504.16,Pix,Pago
2025-05-09,11e08084,Plano Intermediário,414.54,176.84,Pix,Pago
2025-05-09,b4a1b003,Auditoria Contábil,1174.37,806.35,Transferência,Pago
2025-05-09,856c4622,Plano Básico,246.2,166.89,Transferência,Pago
2025-05-09,de946ab3,Plano Básico,379.78,252.11,Transferência,Cancelado
2025-05-09,0d34ba05,Auditoria Contábil,1014.07,306.73,Pix,Pago
2025-05-09,1dd73ec3,Consultoria Financeira,1204.55,368.21,Transferência,Pago
2025-05-09,8b520075,Plano Básico,355.83,143.42,Transferência,Pago
2025-05-09,3e210845,Plano Intermediário,885.66,525.43,Cartão de Crédito,Pago
2025-05-09,e11548e5,Plano Intermediário,651.82,455.08,Pix,Pago
2025-05-09,1345c41b,Plano Intermediário,732.45,375.99,Boleto,Pago
2025-05-09,cefd3c78,Consultoria Financeira,1019.61,471.32,Pix,Cancelado
2025-05-09,bd9b7985,Consultoria Financeira,1199.44,649.25,Pix,Pago
2025-05-09,6bffad7d,Plano Avançado,1317.85,515.15,Transferência,Pago
2025-05-09,dd91e604,Auditoria Contábil,1386.88,701.85,Pix,Pago
2025-05-09,72592469,Auditoria Contábil,1241.97,864.55,Boleto,Pendente
2025-05-09,fd722556,Plano Avançado,1042.91,634.99,Pix,Pago
2025-05-09,df74f82a,Plano Intermediário,835.56,307.64,Pix,Pago
2025-05-09,b4947d3a,Plano Intermediário,543.7,257.02,Cartão de Crédito,Pago
2025-05-09,06019269,Plano Intermediário,582.05,356.63,Boleto,Pago
2025-05-09,df74f82a,Plano Básico,445.33,236.29,Cartão de Crédito,Pago
2025-05-09,9f671442,Plano Intermediário,692.18,302.36,Boleto,Pago
2025-05-09,a6af877d,Plano Intermediário,641.01,249.84,Boleto,Pago
2025-05-09,ff83af04,Plano Avançado,1269.87,637.22,Pix,Cancelado
2025-05-09,f3713c03,Consultoria Financeira,1216.43,581.71,Cartão de Crédito,Pago
2025-05-09,44b4830b,Consultoria Financeira,1419.62,974.98,Pix,Pago
2025-05-09,fec30ee1,Plano Intermediário,807.53,287.3,Pix,Pendente
2025-05-09,27ddd74f,Plano Básico,321.07,169.42,Pix,Pendente
2025-05-09,d2f63bb1,Consultoria Financeira,1223.38,718.38,Transferência,Pago
2025-05-09,cf1ebe05,Plano Avançado,1303.54,585.05,Boleto,Pago
2025-05-09,3e465ec4,Plano Básico,290.83,133.14,Pix,Pago
2025-05-09,37164a6b,Plano Intermediário,611.22,395.35,Boleto,Pago
2025-05-09,fd634e85,Consultoria Financeira,1275.95,876.13,Transferência,Pago
2025-05-09,d013ff9d,Auditoria Contábil,1170.82,558.92,Cartão de Crédito,Pago
2025-05-09,e7704e2a,Consultoria Financeira,1229.09,706.86,Transferência,Pago
2025-05-09,fa1fca51,Plano Avançado,1000.45,409.57,Boleto,Pago
2025-05-09,a69c7843,Plano Intermediário,686.79,303.14,Pix,Pendente
2025-05-09,6f084a1f,Consultoria Financeira,1147.63,489.18,Pix,Pago
2025-05-09,2ed6ef07,Auditoria Contábil,997.82,376.08,Boleto,Pendente
2025-05-09,ea61cc7f,Plano Básico,289.87,122.84,Cartão de Crédito,Pendente
2025-05-09,8dd779c0,Plano Intermediário,693.19,331.27,Boleto,Pago
2025-05-09,4edd1840,Plano Básico,336.4,178.5,Boleto,Pago
2025-05-09,e31cf753,Plano Intermediário,815.94,443.0,Boleto,Pago
2025-05-09,c537a075,Plano Básico,397.31,133.27,Boleto,Cancelado
2025-05-09,bd89e3a3,Plano Avançado,1154.24,621.51,Transferência,Cancelado
2025-05-09,b98e2b98,Consultoria Financeira,1218.57,726.06,Boleto,Pago
2025-05-09,bd5fc63d,Auditoria Contábil,1250.86,390.45,Transferência,Pago
2025-05-09,cf1ebe05,Plano Intermediário,656.97,418.83,Pix,Pago
2025-05-09,69694584,Plano Avançado,1051.59,371.75,Cartão de Crédito,Pago
2025-05-09,360ab68d,Plano Básico,279.15,190.19,Cartão de Crédito,Pago
2025-05-09,8af7aae3,Plano Avançado,1320.66,684.0,Cartão de Crédito,Cancelado
2025-05-09,8dcc5eb7,Auditoria Contábil,1047.28,366.82,Cartão de Crédito,Pago
2025-05-09,43c9d6f5,Plano Intermediário,601.53,231.84,Pix,Pago
2025-05-09,e517e12f,Plano Avançado,1120.75,520.54,Pix,Pago
2025-05-09,4423823b,Consultoria Financeira,1102.59,492.5,Pix,Pago
2025-05-09,e517e12f,Consultoria Financeira,1270.34,579.74,Cartão de Crédito,Pago
2025-05-09,6c605674,Plano Avançado,1137.0,372.04,Cartão de Crédito,Pago
2025-05-09,699833e9,Auditoria Contábil,1273.2,543.35,Cartão de Crédito,Pago
2025-05-09,14c536e1,Plano Avançado,1204.44,736.02,Pix,Pago
2025-05-09,8dcc5eb7,Plano Intermediário,525.43,338.02,Boleto,Pago
2025-05-09,9ea8ac4b,Plano Básico,259.07,148.94,Pix,Pago
2025-05-09,8d9c0793,Plano Básico,400.59,170.3,Transferência,Pendente
2025-05-09,7d8188f3,Plano Avançado,1215.45,369.41,Cartão de Crédito,Pendente
2025-05-09,e746ca72,Plano Avançado,1166.34,540.8,Boleto,Pago
2025-05-09,29c41e63,Consultoria Financeira,1322.03,801.81,Boleto,Pendente
2025-05-09,877afd71,Plano Intermediário,592.33,249.75,Transferência,Pago
2025-05-09,5fa4df12,Plano Básico,240.45,115.06,Transferência,Pago
2025-05-09,84833a28,Auditoria Contábil,1290.05,762.17,Transferência,Pago
2025-05-09,69a69b35,Plano Intermediário,768.14,417.77,Transferência,Pendente
2025-05-09,5c901b8a,Plano Intermediário,584.63,389.39,Transferência,Pendente
2025-05-09,8519c9b9,Auditoria Contábil,1247.3,657.71,Pix,Pago
2025-05-09,f5534c19,Plano Avançado,1135.44,465.38,Boleto,Pago
2025-05-09,b322eeac,Plano Intermediário,493.66,262.49,Cartão de Crédito,Pago
2025-05-09,ac40ed62,Plano Avançado,1168.26,765.91,Boleto,Pendente
2025-05-09,8d9c0793,Plano Avançado,1394.83,707.88,Cartão de Crédito,Pago
2025-05-09,1543f02f,Consultoria Financeira,1302.51,417.41,Cartão de Crédito,Pago
2025-05-09,76b5d5b5,Consultoria Financeira,1195.26,506.9,Transferência,Pago
2025-05-09,9f671442,Auditoria Contábil,1041.78,388.28,Cartão de Crédito,Pago
2025-05-09,73af6a17,Plano Avançado,996.38,401.78,Pix,Pendente
2025-05-09,2c46ff5e,Plano Básico,304.75,147.98,Boleto,Pago
2025-05-09,2c46ff5e,Plano Intermediário,740.42,253.58,Boleto,Pago
2025-05-09,ef39a43c,Auditoria Contábil,1271.59,776.12,Pix,Pendente
2025-05-09,3572e701,Consultoria Financeira,1259.14,435.14,Cartão de Crédito,Pago
2025-05-09,ff83af04,Auditoria Contábil,1268.02,707.0,Boleto,Pago
2025-05-09,4331374a,Plano Intermediário,727.66,406.44,Boleto,Pago
2025-05-09,f6a2c989,Auditoria Contábil,1319.55,637.8,Transferência,Pago
2025-05-09,4de403bd,Auditoria Contábil,1147.44,637.5,Boleto,Pago
2025-05-09,b98e2b98,Auditoria Contábil,1203.24,400.17,Cartão de Crédito,Pago
2025-05-09,352fbcce,Plano Intermediário,525.78,272.44,Transferência,Cancelado
2025-05-09,bcf6c281,Consultoria Financeira,1145.4,404.75,Pix,Pago
2025-05-09,1e76fa0e,Plano Avançado,1299.44,474.74,Cartão de Crédito,Pendente
2025-05-09,fc732816,Plano Básico,364.6,124.59,Transferência,Pago
2025-05-09,11e08084,Plano Avançado,962.83,329.95,Cartão de Crédito,Pago
2025-05-09,5f4d6138,Auditoria Contábil,1404.21,786.11,Pix,Pago
2025-05-09,e6e04fe5,Auditoria Contábil,1215.71,669.15,Boleto,Pendente
2025-05-09,14d5d4bf,Consultoria Financeira,1217.62,401.95,Boleto,Pago
2025-05-09,4331374a,Consultoria Financeira,1139.25,460.28,Transferência,Pago
2025-05-09,4d3f9f70,Plano Básico,259.56,117.85,Transferência,Pendente
2025-05-09,b64c91ff,Consultoria Financeira,1214.58,770.03,Transferência,Pago
2025-05-09,d421c1e5,Consultoria Financeira,1258.53,735.16,Cartão de Crédito,Pago
2025-05-09,ff83af04,Plano Intermediário,732.43,300.33,Pix,Pago
2025-05-09,3268a45e,Plano Básico,246.73,137.09,Cartão de Crédito,Pendente
2025-05-09,bd9acbb3,Plano Intermediário,609.93,410.04,Pix,Pago
2025-05-09,1345c41b,Plano Avançado,1103.58,341.95,Pix,Pendente
2025-05-09,a69c7843,Plano Avançado,1308.01,830.0,Boleto,Cancelado
2025-05-09,83e2e600,Consultoria Financeira,1294.28,892.76,Cartão de Crédito,Pago
2025-05-09,06019269,Consultoria Financeira,1248.73,697.96,Boleto,Pago
2025-05-09,fd722556,Plano Intermediário,807.19,283.6,Boleto,Pago
2025-05-09,111842ea,Plano Intermediário,687.48,217.23,Pix,Pago
2025-05-09,902164d4,Plano Básico,384.69,171.16,Cartão de Crédito,Pago
2025-05-09,0801ddf7,Plano Avançado,1254.09,606.65,Boleto,Pago
2025-05-09,cd692f1a,Consultoria Financeira,1287.62,414.67,Cartão de Crédito,Pago
2025-05-09,64952769,Consultoria Financeira,1094.16,734.64,Pix,Pago
2025-05-09,4d3f9f70,Plano Básico,50.19,27.93,Cartão de Crédito,Pago
2025-05-09,f42064ce,Plano Básico,326.21,106.48,Cartão de Crédito,Pago
2025-05-09,bc7e9946,Consultoria Financeira,1005.04,692.5,Boleto,Pago
2025-05-09,b4947d3a,Plano Avançado,1164.92,515.03,Pix,Pago
2025-05-09,9f671442,Plano Intermediário,478.17,273.99,Cartão de Crédito,Pago
2025-05-09,b64c91ff,Plano Intermediário,825.54,336.21,Transferência,Pendente
2025-05-09,b4fc9431,Plano Intermediário,794.59,338.71,Pix,Pago
2025-05-09,0d34ba05,Plano Básico,335.04,105.85,Cartão de Crédito,Pago
2025-05-09,0f1b8a1f,Plano Intermediário,615.57,331.84,Cartão de Crédito,Pago
2025-05-09,da560193,Plano Básico,121.88,40.32,Transferência,Cancelado
2025-05-09,b4a1b003,Consultoria Financeira,976.95,555.21,Boleto,Pago
2025-05-09,2c46ff5e,Plano Básico,244.69,114.64,Pix,Pago
2025-05-09,e6e04fe5,Plano Intermediário,769.59,489.1,Cartão de Crédito,Pago
2025-05-09,0801ddf7,Plano Básico,265.94,138.35,Pix,Pago
2025-05-09,e9227863,Plano Básico,350.01,131.95,Transferência,Pago
2025-05-09,d25f4939,Consultoria Financeira,1255.19,401.04,Cartão de Crédito,Pago
2025-05-09,69a69b35,Plano Intermediário,768.02,489.61,Boleto,Pago
2025-05-09,360ab68d,Plano Avançado,1006.32,521.87,Cartão de Crédito,Pago
2025-05-09,43c9d6f5,Auditoria Contábil,1123.86,378.23,Boleto,Pago
2025-05-09,bd9acbb3,Consultoria Financeira,1248.07,467.57,Transferência,Pago
2025-05-09,1e76fa0e,Plano Básico,449.67,168.76,Boleto,Pago
2025-05-09,cfceac6d,Plano Intermediário,814.97,250.2,Transferência,Pago
2025-05-09,c6a8f08d,Auditoria Contábil,1229.66,393.0,Transferência,Pago
2025-05-09,2c43fd10,Plano Intermediário,826.77,356.09,Pix,Pago
2025-05-09,4d3f9f70,Plano Intermediário,728.87,320.59,Boleto,Pago
2025-05-09,f2f1883d,Plano Intermediário,544.85,169.25,Cartão de Crédito,Pago
2025-05-09,fa1fca51,Plano Básico,366.21,217.56,Transferência,Pago
2025-05-09,a6af877d,Plano Intermediário,818.86,488.59,Cartão de Crédito,Pago
2025-05-09,dd91e604,Consultoria Financeira,1384.94,789.54,Transferência,Pendente
2025-05-09,da462287,Auditoria Contábil,1142.0,400.21,Transferência,Pendente
2025-05-09,b894acf6,Plano Básico,184.36,64.88,Pix,Pago
2025-05-09,1543f02f,Auditoria Contábil,1285.01,880.35,Boleto,Pago
2025-05-09,2c43fd10,Plano Intermediário,741.77,408.97,Transferência,Pago
2025-05-09,699833e9,Plano Básico,332.32,181.88,Cartão de Crédito,Pago
2025-05-09,b4baf750,Consultoria Financeira,1328.38,813.75,Boleto,Pago
2025-05-09,c537a075,Auditoria Contábil,1284.58,414.26,Pix,Pago
2025-05-09,5c901b8a,Consultoria Financeira,1251.41,749.6,Transferência,Pago
2025-05-09,5fe2102d,Plano Intermediário,653.88,363.67,Cartão de Crédito,Pago
2025-05-09,3572e701,Auditoria Contábil,1275.66,543.0,Pix,Pago
2025-05-09,7be9fda6,Auditoria Contábil,1080.55,632.0,Transferência,Pago
2025-05-09,29c41e63,Plano Avançado,1228.58,455.01,Transferência,Pago
2025-05-09,b98e2b98,Plano Intermediário,696.61,463.9,Boleto,Pago
2025-05-09,b4947d3a,Plano Básico,140.52,54.06,Cartão de Crédito,Pendente
2025-05-09,43c9d6f5,Plano Intermediário,742.07,371.22,Transferência,Pendente
2025-05-09,e11548e5,Plano Intermediário,642.21,426.89,Cartão de Crédito,Pago
2025-05-09,5fe2102d,Plano Avançado,1239.54,487.33,Transferência,Pago
2025-05-09,0d34ba05,Auditoria Contábil,1104.24,400.51,Transferência,Pago
2025-05-09,0c9111bd,Auditoria Contábil,1285.67,773.88,Transferência,Pago
2025-05-09,9ae0fade,Plano Básico,467.74,198.22,Transferência,Pago
2025-05-09,43c9d6f5,Plano Intermediário,483.03,335.05,Transferência,Cancelado
2025-05-09,a69c7843,Auditoria Contábil,1080.58,450.49,Boleto,Pago
2025-05-09,de946ab3,Consultoria Financeira,1104.12,580.59,Transferência,Pendente
2025-05-09,7fe9431e,Auditoria Contábil,1064.75,426.89,Cartão de Crédito,Pendente
2025-05-09,29c41e63,Plano Avançado,1178.59,775.9,Transferência,Pago
2025-05-09,5f4d6138,Consultoria Financeira,1237.94,422.62,Cartão de Crédito,Pago
2025-05-09,6bffad7d,Consultoria Financeira,1269.05,466.38,Transferência,Pago
2025-05-09,0801ddf7,Plano Básico,326.56,224.45,Pix,Pago
2025-05-09,b64c91ff,Plano Intermediário,765.78,437.05,Cartão de Crédito,Pago
2025-05-09,6bffad7d,Plano Intermediário,693.05,291.52,Transferência,Pago
2025-05-09,4423823b,Plano Intermediário,641.09,216.18,Pix,Pago
2025-05-09,bfa26e2d,Plano Básico,206.44,73.81,Cartão de Crédito,Pago
2025-05-09,163a3e98,Consultoria Financeira,1182.21,730.88,Pix,Pago
2025-05-09,68819479,Plano Intermediário,608.72,217.04,Boleto,Pago
2025-05-09,8b520075,Consultoria Financeira,1234.83,467.84,Boleto,Pago
2025-05-09,8fd2de20,Plano Básico,210.22,71.27,Cartão de Crédito,Pago
2025-05-09,3e465ec4,Plano Avançado,1151.23,647.37,Cartão de Crédito,Pendente
2025-05-09,01e0c209,Plano Básico,407.43,209.79,Boleto,Cancelado
2025-05-09,4d3f9f70,Auditoria Contábil,1318.01,726.87,Transferência,Pendente
2025-05-09,3e465ec4,Plano Intermediário,814.43,331.02,Cartão de Crédito,Pago
2025-05-09,699833e9,Consultoria Financeira,1194.69,784.18,Cartão de Crédito,Pago
2025-05-09,0801ddf7,Plano Intermediário,644.9,340.38,Cartão de Crédito,Pago
2025-05-09,8dd779c0,Plano Avançado,1250.08,712.19,Boleto,Pago
2025-05-09,bd5fc63d,Plano Básico,212.15,146.8,Transferência,Pago
2025-05-09,0371adaf,Plano Intermediário,774.25,265.42,Boleto,Pendente
2025-05-09,5fbc6417,Plano Intermediário,636.24,389.56,Pix,Pago
