data,id_cliente,produto,valor_venda,custo,meio_pagamento,status_pagamento
2025-05-12,71645e64,Plano Básico,281.42,179.46,Transferência,Pago
2025-05-12,699833e9,Consultoria Financeira,1231.0,607.63,Transferência,Pago
2025-05-12,a6af877d,Plano Básico,104.89,55.51,Transferência,Pago
2025-05-12,df74f82a,Plano Básico,314.36,135.2,Transferência,Pago
2025-05-12,9ae0fade,Plano Intermediário,690.55,408.36,Transferência,Pago
2025-05-12,8dd779c0,Plano Intermediário,741.96,325.22,Transferência,Pago
2025-05-12,5c88b44f,Plano Avançado,1304.17,885.14,Pix,Pago
2025-05-12,de42cc92,Plano Básico,358.35,164.87,Transferência,Pago
2025-05-12,8d9c0793,Plano Básico,229.31,159.63,Cartão de Crédito,Pendente
2025-05-12,e28e1db0,Plano Básico,385.56,119.64,Cartão de Crédito,Pago
2025-05-12,4edd1840,Plano Avançado,1364.95,785.14,Transferência,Pago
2025-05-12,de946ab3,Plano Avançado,1307.06,455.06,Boleto,Pago
2025-05-12,76b5d5b5,Plano Intermediário,570.69,241.34,Boleto,Pago
2025-05-12,84833a28,Plano Avançado,1257.24,651.98,Pix,Pago
2025-05-12,4423823b,Plano Básico,183.82,67.71,Cartão de Crédito,Pago
2025-05-12,29c41e63,Plano Intermediário,671.69,313.85,Boleto,Pago
2025-05-12,f3617404,Plano Básico,338.9,113.07,Cartão de Crédito,Pendente
2025-05-12,0801ddf7,Plano Avançado,1225.15,560.19,Transferência,Pago
2025-05-12,63ee329b,Consultoria Financeira,1304.87,476.55,Transferência,Pago
2025-05-12,e9227863,Plano Básico,465.54,183.2,Boleto,Pago
2025-05-12,8dd779c0,Plano Intermediário,749.12,502.35,Cartão de Crédito,Pago
2025-05-12,ea61cc7f,Plano Intermediário,664.2,310.75,Boleto,Pago
2025-05-12,64952769,Plano Básico,109.06,33.97,Boleto,Pago
2025-05-12,df99804c,Consultoria Financeira,1331.83,710.27,Boleto,Pago
2025-05-12,85050e16,Auditoria Contábil,1191.08,637.63,Boleto,Pago
2025-05-12,bd9acbb3,Plano Básico,296.24,136.0,Boleto,Pago
2025-05-12,3572e701,Plano Básico,304.13,124.72,Boleto,Pendente
2025-05-12,e31cf753,Auditoria Contábil,1244.3,726.39,Cartão de Crédito,Pago
2025-05-12,d25f4939,Plano Básico,347.35,156.27,Boleto,Pago
2025-05-12,06019269,Plano Avançado,1173.24,610.02,Transferência,Pago
2025-05-12,f42064ce,Auditoria Contábil,1190.09,753.26,Cartão de Crédito,Pago
2025-05-12,65bb5f82,Plano Básico,239.72,149.17,Boleto,Pago
2025-05-12,3e210845,Plano Intermediário,629.24,394.48,Transferência,Pago
2025-05-12,bd9b7985,Auditoria Contábil,1128.78,758.72,Boleto,Cancelado
2025-05-12,fa1fca51,Plano Intermediário,688.93,299.67,Pix,Pago
2025-05-12,c1005960,Plano Intermediário,610.34,395.67,Pix,Pago
2025-05-12,4d3f9f70,Plano Intermediário,409.3,177.54,Transferência,Cancelado
2025-05-12,bcf6c281,Plano Intermediário,662.52,303.32,Cartão de Crédito,Pago
2025-05-12,da462287,Plano Avançado,1076.26,569.12,Boleto,Pago
2025-05-12,69694584,Plano Intermediário,710.94,442.33,Pix,Pendente
2025-05-12,0d34ba05,Plano Avançado,1139.35,409.82,Boleto,Pago
2025-05-12,71645e64,Plano Básico,345.59,140.75,Pix,Pago
2025-05-12,01e0c209,Plano Avançado,1084.56,620.24,Pix,Pago
2025-05-12,0c9111bd,Plano Avançado,1024.82,330.68,Pix,Pago
2025-05-12,65bb5f82,Consultoria Financeira,1190.34,689.05,Transferência,Pago
2025-05-12,3e3f9af2,Consultoria Financeira,1158.4,437.15,Boleto,Pago
2025-05-12,69694584,Plano Básico,168.29,110.13,Boleto,Pago
2025-05-12,da560193,Auditoria Contábil,1277.6,841.01,Boleto,Pago
2025-05-12,b98e2b98,Plano Básico,199.78,92.8,Transferência,Cancelado
2025-05-12,cefd3c78,Plano Intermediário,624.76,247.54,Pix,Pago
2025-05-12,bcf6c281,Consultoria Financeira,1297.53,738.6,Transferência,Pendente
2025-05-12,fc732816,Auditoria Contábil,1251.56,788.16,Transferência,Pendente
2025-05-12,0d3cb43f,Consultoria Financeira,1089.63,648.53,Transferência,Pago
2025-05-12,8dcc5eb7,Consultoria Financeira,1166.92,518.33,Pix,Pago
2025-05-12,b4a1b003,Consultoria Financeira,1080.32,359.2,Boleto,Pago
2025-05-12,5fa4df12,Consultoria Financeira,1289.37,898.73,Cartão de Crédito,Pago
2025-05-12,aafa4686,Plano Básico,389.3,251.66,Boleto,Pago
2025-05-12,65bb5f82,Consultoria Financeira,1382.96,575.0,Boleto,Cancelado
2025-05-12,34da685d,Auditoria Contábil,1428.17,663.35,Transferência,Pago
2025-05-12,889382a2,Auditoria Contábil,1138.24,536.1,Boleto,Pendente
2025-05-12,360ab68d,Auditoria Contábil,1271.27,813.9,Pix,Pendente
2025-05-12,1ec260d5,Plano Avançado,1011.68,385.06,Pix,Pago
2025-05-12,5a66b672,Auditoria Contábil,1218.52,766.83,Transferência,Pendente
2025-05-12,805310ba,Auditoria Contábil,1242.54,649.2,Boleto,Cancelado
2025-05-12,85050e16,Consultoria Financeira,1104.77,669.65,Boleto,Pago
2025-05-12,4edd1840,Consultoria Financeira,1132.3,454.29,Pix,Pago
2025-05-12,85050e16,Plano Intermediário,790.04,339.51,Transferência,Pendente
2025-05-12,4a94313e,Consultoria Financeira,1245.12,710.46,Pix,Pago
2025-05-12,3e210845,Consultoria Financeira,1366.72,783.15,Pix,Pendente
2025-05-12,ac40ed62,Consultoria Financeira,1352.32,716.92,Pix,Pago
2025-05-12,809e8137,Auditoria Contábil,1034.34,628.29,Boleto,Pago
2025-05-12,71645e64,Auditoria Contábil,1147.56,448.13,Pix,Pago
2025-05-12,76b5d5b5,Plano Avançado,1094.99,602.39,Transferência,Pago
2025-05-12,0f1b8a1f,Plano Básico,375.75,225.01,Cartão de Crédito,Pendente
2025-05-12,d25f4939,Auditoria Contábil,1228.38,785.89,Boleto,Pendente
2025-05-12,f3713c03,Plano Avançado,1101.21,350.18,Pix,Pago
2025-05-12,234ce6aa,Plano Avançado,1115.31,548.08,Pix,Pago
2025-05-12,360ab68d,Plano Intermediário,824.96,554.0,Cartão de Crédito,Pago
2025-05-12,eb7bf608,Auditoria Contábil,1158.21,353.8,Boleto,Pendente
2025-05-12,160977e3,Plano Avançado,997.42,331.78,Boleto,Pago
2025-05-12,6f084a1f,Auditoria Contábil,1092.91,567.5,Transferência,Pago
2025-05-12,83e2e600,Consultoria Financeira,1391.14,514.53,Pix,Pago
2025-05-12,723e148d,Consultoria Financeira,1300.74,892.47,Boleto,Cancelado
2025-05-12,8b520075,Auditoria Contábil,1074.51,344.02,Pix,Pago
2025-05-12,fa1fca51,Consultoria Financeira,1218.47,640.39,Boleto,Pago
2025-05-12,e31cf753,Plano Avançado,1293.79,647.04,Pix,Pago
2025-05-12,64952769,Plano Avançado,1033.14,689.01,Cartão de Crédito,Pago
2025-05-12,352fbcce,Consultoria Financeira,1305.87,604.14,Cartão de Crédito,Pago
2025-05-12,f3617404,Auditoria Contábil,1244.13,519.23,Cartão de Crédito,Pago
2025-05-12,69a69b35,Plano Avançado,1126.68,574.82,Pix,Pendente
2025-05-12,889382a2,Plano Básico,360.32,222.27,Boleto,Pago
2025-05-12,5c88b44f,Plano Básico,329.82,188.18,Pix,Pago
2025-05-12,234ce6aa,Plano Básico,336.76,140.88,Transferência,Pago
2025-05-12,1345c41b,Consultoria Financeira,1214.81,364.98,Transferência,Pago
2025-05-12,da560193,Plano Avançado,1111.89,627.92,Pix,Pago
2025-05-12,cd692f1a,Plano Intermediário,628.78,348.02,Boleto,Pago
2025-05-12,4c93ecbf,Plano Intermediário,676.19,399.97,Pix,Pago
2025-05-12,d93c0874,Consultoria Financeira,1204.6,517.27,Transferência,Pendente
2025-05-12,9ea8ac4b,Auditoria Contábil,1266.54,553.59,Pix,Pendente
2025-05-12,6bffad7d,Plano Básico,494.12,174.83,Cartão de Crédito,Pago
2025-05-12,b4a1b003,Plano Intermediário,723.14,246.86,Cartão de Crédito,Pago
2025-05-12,64952769,Plano Avançado,1264.65,582.76,Pix,Pago
2025-05-12,160977e3,Plano Intermediário,788.14,273.71,Pix,Pago
2025-05-12,ef39a43c,Plano Intermediário,772.11,231.64,Transferência,Pago
2025-05-12,4f8c8ffe,Consultoria Financeira,1108.37,445.33,Cartão de Crédito,Pago
2025-05-12,dd91e604,Plano Básico,435.54,132.91,Cartão de Crédito,Pendente
2025-05-12,eb7bf608,Consultoria Financeira,1317.02,899.59,Pix,Pago
2025-05-12,bb3d4eda,Consultoria Financeira,1213.43,638.63,Boleto,Pago
2025-05-12,5c88b44f,Plano Intermediário,613.83,318.91,Boleto,Pago
2025-05-12,43c9d6f5,Auditoria Contábil,1203.0,543.75,Cartão de Crédito,Pago
2025-05-12,111842ea,Consultoria Financeira,1043.85,413.49,Boleto,Pago
2025-05-12,3e465ec4,Plano Avançado,1350.34,456.4,Transferência,Pendente
2025-05-12,0c9111bd,Plano Avançado,1137.23,421.64,Boleto,Pago
2025-05-12,e674add6,Plano Intermediário,671.2,466.44,Cartão de Crédito,Pago
2025-05-12,58fa93e2,Auditoria Contábil,1341.85,871.46,Boleto,Pago
2025-05-12,681d27d6,Auditoria Contábil,951.22,664.17,Transferência,Pago
2025-05-12,2c46ff5e,Plano Intermediário,827.7,356.55,Boleto,Pendente
2025-05-12,4edd1840,Plano Avançado,1233.8,521.03,Pix,Pendente
2025-05-12,d93c0874,Plano Intermediário,867.64,497.05,Pix,Pago
2025-05-12,4d3f9f70,Plano Intermediário,605.45,257.98,Cartão de Crédito,Cancelado
2025-05-12,d4cba754,Consultoria Financeira,1233.86,433.49,Transferência,Pendente
2025-05-12,9ae0fade,Consultoria Financeira,1106.21,587.84,Transferência,Pago
2025-05-12,1e76fa0e,Plano Avançado,1310.08,787.87,Pix,Pago
2025-05-12,88b9030f,Plano Avançado,1306.14,847.87,Cartão de Crédito,Pago
2025-05-12,3e210845,Plano Avançado,1376.12,753.66,Transferência,Pago
2025-05-12,5239936f,Plano Básico,299.97,112.39,Boleto,Pago
2025-05-12,27ddd74f,Plano Intermediário,908.6,581.49,Transferência,Pago
2025-05-12,eb7bf608,Plano Avançado,1098.52,415.79,Boleto,Pago
2025-05-12,4f8c8ffe,Consultoria Financeira,1194.61,638.19,Pix,Pago
2025-05-12,1fd8d42c,Plano Avançado,1101.77,569.12,Transferência,Pago
2025-05-12,bd9b7985,Plano Intermediário,719.61,372.57,Transferência,Pago
2025-05-12,4423823b,Consultoria Financeira,1109.59,436.62,Transferência,Pendente
2025-05-12,fc732816,Consultoria Financeira,1310.39,414.91,Boleto,Pago
2025-05-12,1b2bdc70,Consultoria Financeira,1247.52,622.83,Pix,Pago
2025-05-12,de962a39,Consultoria Financeira,1090.78,461.52,Boleto,Pendente
2025-05-12,723e148d,Plano Avançado,1283.48,700.08,Boleto,Pago
2025-05-12,8dcc5eb7,Auditoria Contábil,1358.98,606.01,Transferência,Pago
2025-05-12,e3445f63,Plano Básico,357.41,198.86,Cartão de Crédito,Pago
2025-05-12,0d3cb43f,Plano Intermediário,563.42,327.18,Boleto,Pago
2025-05-12,f3713c03,Plano Avançado,1185.1,619.32,Transferência,Pago
2025-05-12,1e76fa0e,Plano Intermediário,770.61,237.64,Cartão de Crédito,Pago
2025-05-12,fc732816,Plano Intermediário,675.73,288.07,Pix,Pendente
2025-05-12,64adcc21,Consultoria Financeira,1097.36,625.79,Pix,Pendente
2025-05-12,aafa4686,Plano Avançado,1323.0,606.43,Cartão de Crédito,Pago
2025-05-12,11255cd4,Plano Avançado,1171.56,544.67,Cartão de Crédito,Pago
2025-05-12,fe8b9235,Plano Intermediário,859.06,578.91,Pix,Pendente
2025-05-12,fd634e85,Plano Intermediário,648.06,345.95,Boleto,Pendente
2025-05-12,85daef29,Auditoria Contábil,1165.91,801.83,Cartão de Crédito,Pendente
2025-05-12,f4574bde,Plano Intermediário,640.62,279.13,Transferência,Pago
2025-05-12,b98e2b98,Plano Básico,283.44,142.39,Pix,Pago
2025-05-12,01e0c209,Plano Avançado,1245.82,870.95,Cartão de Crédito,Pago
2025-05-12,fe8b9235,Plano Intermediário,602.03,289.39,Boleto,Pago
2025-05-12,68819479,Consultoria Financeira,1084.67,375.36,Pix,Pendente
2025-05-12,71645e64,Plano Básico,131.27,85.76,Cartão de Crédito,Pago
2025-05-12,bfa26e2d,Plano Avançado,1020.61,575.5,Transferência,Pago
2025-05-12,34da685d,Plano Intermediário,564.46,269.14,Pix,Pendente
2025-05-12,01e0c209,Plano Intermediário,647.41,404.95,Transferência,Pago
2025-05-12,bfa26e2d,Consultoria Financeira,1217.78,823.46,Cartão de Crédito,Pago
2025-05-12,b4a1b003,Plano Básico,340.05,122.61,Transferência,Cancelado
2025-05-12,4f8c8ffe,Auditoria Contábil,1213.11,595.6,Pix,Pendente
2025-05-12,fe8b9235,Auditoria Contábil,1345.09,619.53,Pix,Pago
2025-05-12,9e842c39,Plano Intermediário,880.72,383.32,Transferência,Cancelado
2025-05-12,b4baf750,Plano Intermediário,672.02,245.33,Pix,Pago
2025-05-12,58fa93e2,Auditoria Contábil,1103.55,655.23,Transferência,Pago
2025-05-12,85daef29,Plano Básico,516.51,335.09,Boleto,Pago
2025-05-12,4f8c8ffe,Consultoria Financeira,1319.05,700.14,Transferência,Cancelado
2025-05-12,27ddd74f,Auditoria Contábil,1310.59,676.41,Boleto,Pago
2025-05-12,bd89e3a3,Auditoria Contábil,1143.61,379.35,Pix,Pago
2025-05-12,b4baf750,Plano Avançado,1286.16,589.74,Cartão de Crédito,Cancelado
2025-05-12,b054bf90,Plano Básico,313.91,131.38,Cartão de Crédito,Pago
2025-05-12,f42064ce,Consultoria Financeira,1192.6,564.23,Transferência,Pendente
2025-05-12,a810c961,Plano Básico,292.43,157.41,Transferência,Pago
2025-05-12,d421c1e5,Plano Intermediário,750.56,473.89,Transferência,Pago
2025-05-12,bd5fc63d,Plano Intermediário,848.91,281.9,Pix,Pendente
2025-05-12,43c9d6f5,Plano Avançado,1427.14,901.18,Pix,Pago
2025-05-12,b4fc9431,Auditoria Contábil,1159.56,711.26,Transferência,Pago
2025-05-12,bb3d4eda,Plano Intermediário,719.55,251.65,Transferência,Pago
2025-05-12,5fa4df12,Plano Intermediário,690.12,448.61,Pix,Pago
2025-05-12,89567f21,Plano Básico,343.6,182.88,Cartão de Crédito,Pago
2025-05-12,9e842c39,Plano Avançado,946.78,638.48,Cartão de Crédito,Pago
2025-05-12,bb3d4eda,Plano Básico,277.75,173.28,Pix,Pago
2025-05-12,de42cc92,Auditoria Contábil,1404.69,955.49,Pix,Pago
2025-05-12,1e76fa0e,Plano Intermediário,632.51,301.04,Boleto,Pago
2025-05-12,e31cf753,Plano Avançado,1159.69,646.62,Cartão de Crédito,Pendente
2025-05-12,06019269,Auditoria Contábil,1144.99,618.05,Transferência,Pago
