data,id_cliente,produto,valor_venda,custo,meio_pagamento,status_pagamento
2025-05-14,8884a6a4,Plano Intermediário,613.72,398.04,Pix,Pendente
2025-05-14,d93c0874,Plano Avançado,1305.99,522.64,Transferência,Cancelado
2025-05-14,b894acf6,Consultoria Financeira,1261.7,693.87,Boleto,Pago
2025-05-14,84833a28,Auditoria Contábil,1321.19,875.2,Boleto,Pago
2025-05-14,e9227863,Plano Básico,326.13,99.42,Transferência,Cancelado
2025-05-14,405479fd,Plano Avançado,1163.07,604.27,Boleto,Pendente
2025-05-14,de946ab3,Plano Avançado,1214.34,504.02,Cartão de Crédito,Pago
2025-05-14,186cc208,Plano Avançado,1097.06,601.76,Cartão de Crédito,Pago
2025-05-14,352fbcce,Auditoria Contábil,1064.73,461.69,Cartão de Crédito,Pago
2025-05-14,1345c41b,Plano Básico,237.07,77.6,Pix,Pago
2025-05-14,1dd73ec3,Plano Básico,453.37,278.14,Transferência,Pendente
2025-05-14,34588043,Consultoria Financeira,1146.42,658.25,Boleto,Pago
2025-05-14,1345c41b,Plano Básico,129.26,55.97,Pix,Pago
2025-05-14,9ae0fade,Plano Avançado,1184.41,802.77,Transferência,Pendente
2025-05-14,bb3d4eda,Consultoria Financeira,1145.17,637.51,Boleto,Pendente
2025-05-14,50989097,Auditoria Contábil,1311.74,497.93,Boleto,Pago
2025-05-14,5f4d6138,Consultoria Financeira,1344.85,628.49,Boleto,Pago
2025-05-14,111842ea,Plano Avançado,1158.65,476.37,Cartão de Crédito,Pago
2025-05-14,723e148d,Plano Intermediário,726.03,298.06,Cartão de Crédito,Pago
2025-05-14,5adf9642,Consultoria Financeira,1234.38,403.64,Pix,Pendente
2025-05-14,df74f82a,Auditoria Contábil,1195.13,606.51,Boleto,Pago
2025-05-14,b4947d3a,Consultoria Financeira,1176.96,700.47,Cartão de Crédito,Pago
2025-05-14,3e465ec4,Consultoria Financeira,1107.58,644.41,Boleto,Pago
2025-05-14,b4fc9431,Plano Básico,115.38,52.96,Pix,Pago
2025-05-14,945c8852,Plano Intermediário,607.05,246.29,Cartão de Crédito,Pago
2025-05-14,d34ea5cb,Consultoria Financeira,1191.66,485.5,Pix,Pago
2025-05-14,d34ea5cb,Auditoria Contábil,1055.04,437.83,Cartão de Crédito,Pago
2025-05-14,4ac7ffdb,Consultoria Financeira,1220.73,660.97,Transferência,Pago
2025-05-14,df74f82a,Plano Básico,306.93,101.53,Boleto,Pago
2025-05-14,bcf6c281,Plano Avançado,1145.33,618.04,Transferência,Pago
2025-05-14,234ce6aa,Auditoria Contábil,1172.83,644.42,Boleto,Pendente
2025-05-14,b98e2b98,Plano Avançado,1070.04,327.48,Pix,Pago
2025-05-14,d4cba754,Plano Básico,382.97,262.72,Cartão de Crédito,Pago
2025-05-14,22e7d95c,Plano Intermediário,781.14,455.13,Boleto,Pago
2025-05-14,e11548e5,Plano Intermediário,585.17,318.33,Cartão de Crédito,Pendente
2025-05-14,ef39a43c,Plano Básico,187.75,101.21,Transferência,Pago
2025-05-14,1e76fa0e,Plano Avançado,1108.25,716.42,Pix,Pago
2025-05-14,902164d4,Plano Intermediário,755.15,287.75,Cartão de Crédito,Pago
2025-05-14,69694584,Plano Avançado,1234.06,660.26,Pix,Pago
2025-05-14,8af7aae3,Plano Básico,404.73,187.5,Pix,Pago
2025-05-14,360ab68d,Auditoria Contábil,1316.96,403.2,Boleto,Pago
2025-05-14,d55456f6,Plano Avançado,1046.89,502.61,Cartão de Crédito,Pendente
2025-05-14,14d5d4bf,Plano Avançado,1251.43,854.77,Boleto,Pago
2025-05-14,3572e701,Plano Básico,412.44,154.84,Pix,Pago
2025-05-14,360ab68d,Plano Avançado,1166.59,663.77,Boleto,Pago
2025-05-14,d2f63bb1,Consultoria Financeira,1197.64,403.66,Cartão de Crédito,Cancelado
2025-05-14,37164a6b,Plano Básico,282.56,169.35,Transferência,Pago
2025-05-14,fec30ee1,Auditoria Contábil,1186.85,478.88,Boleto,Pago
2025-05-14,f42064ce,Consultoria Financeira,1282.6,607.65,Boleto,Pago
2025-05-14,03bbe434,Plano Avançado,1374.96,763.21,Transferência,Pago
2025-05-14,d93c0874,Plano Intermediário,838.15,332.59,Boleto,Pago
2025-05-14,76b5d5b5,Plano Avançado,1149.7,436.55,Transferência,Pago
2025-05-14,f42064ce,Plano Avançado,1226.35,798.34,Boleto,Pago
2025-05-14,5c901b8a,Plano Básico,221.62,90.49,Transferência,Pago
2025-05-14,bc7e9946,Consultoria Financeira,1130.95,451.28,Cartão de Crédito,Pago
2025-05-14,34da685d,Auditoria Contábil,1193.28,707.73,Cartão de Crédito,Pago
2025-05-14,fd634e85,Plano Intermediário,628.42,341.04,Pix,Cancelado
2025-05-14,8dcc5eb7,Plano Avançado,1141.99,777.23,Pix,Pago
2025-05-14,e31cf753,Plano Intermediário,723.94,459.99,Cartão de Crédito,Pendente
2025-05-14,eb7bf608,Auditoria Contábil,1249.97,841.34,Cartão de Crédito,Pago
2025-05-14,cfceac6d,Plano Intermediário,747.2,386.83,Cartão de Crédito,Pago
2025-05-14,85daef29,Auditoria Contábil,1248.22,745.38,Boleto,Pago
2025-05-14,b4a1b003,Plano Básico,176.23,104.89,Transferência,Pendente
2025-05-14,0da75a0d,Consultoria Financeira,1123.67,503.9,Transferência,Pago
2025-05-14,8d9c0793,Plano Avançado,1203.79,804.5,Cartão de Crédito,Pendente
2025-05-14,4d3f9f70,Plano Intermediário,807.3,329.01,Cartão de Crédito,Pago
2025-05-14,0f77cc0f,Auditoria Contábil,1436.39,642.61,Transferência,Pago
2025-05-14,0f77cc0f,Plano Intermediário,730.38,449.15,Cartão de Crédito,Pago
2025-05-14,5fbc6417,Plano Avançado,1272.16,612.85,Boleto,Pago
2025-05-14,0801ddf7,Plano Intermediário,566.14,329.6,Pix,Pago
2025-05-14,22e7d95c,Plano Intermediário,769.29,362.37,Pix,Pago
2025-05-14,63ee329b,Plano Intermediário,899.25,606.56,Cartão de Crédito,Pago
2025-05-14,0c9111bd,Plano Básico,223.33,72.72,Transferência,Cancelado
2025-05-14,29c41e63,Plano Intermediário,645.04,308.05,Cartão de Crédito,Pago
2025-05-14,d4cba754,Auditoria Contábil,1285.96,397.06,Pix,Pago
2025-05-14,186cc208,Plano Intermediário,702.54,226.55,Pix,Pago
2025-05-14,111842ea,Auditoria Contábil,1008.03,500.42,Pix,Pago
2025-05-14,1fd8d42c,Auditoria Contábil,1150.69,646.77,Boleto,Pago
2025-05-14,74c6dcec,Consultoria Financeira,1344.36,543.25,Boleto,Pendente
2025-05-14,163a3e98,Auditoria Contábil,1172.1,384.68,Pix,Cancelado
2025-05-14,111842ea,Auditoria Contábil,1172.02,438.64,Pix,Pago
2025-05-14,5f4d6138,Plano Básico,379.04,237.15,Cartão de Crédito,Pago
2025-05-14,b4baf750,Plano Avançado,1234.01,708.39,Transferência,Pago
2025-05-14,bcf6c281,Plano Avançado,1166.87,494.66,Boleto,Pago
2025-05-14,8af7aae3,Consultoria Financeira,1138.78,455.49,Pix,Pago
2025-05-14,f42064ce,Plano Básico,594.91,263.4,Cartão de Crédito,Pendente
2025-05-14,723e148d,Auditoria Contábil,1324.47,584.77,Cartão de Crédito,Pago
2025-05-14,72592469,Consultoria Financeira,1248.19,528.13,Boleto,Pago
2025-05-14,0f1b8a1f,Plano Intermediário,754.73,502.28,Pix,Pago
2025-05-14,72592469,Plano Intermediário,687.45,303.69,Boleto,Pago
2025-05-14,0d34ba05,Consultoria Financeira,1232.79,619.17,Transferência,Pago
2025-05-14,fd722556,Consultoria Financeira,1177.02,613.64,Cartão de Crédito,Pago
2025-05-14,34da685d,Plano Básico,214.86,107.7,Cartão de Crédito,Pendente
2025-05-14,699833e9,Plano Intermediário,736.75,420.52,Cartão de Crédito,Pendente
2025-05-14,7f123ea3,Plano Básico,268.65,170.64,Pix,Pago
2025-05-14,6bffad7d,Consultoria Financeira,1242.01,590.8,Transferência,Pago
2025-05-14,07f7efa5,Plano Intermediário,760.69,413.98,Cartão de Crédito,Pago
2025-05-14,64952769,Plano Avançado,1247.36,463.65,Boleto,Pago
2025-05-14,7675fac6,Auditoria Contábil,1107.36,639.59,Boleto,Pago
2025-05-14,71645e64,Plano Intermediário,658.26,241.0,Cartão de Crédito,Pago
2025-05-14,a6af877d,Consultoria Financeira,1170.49,352.08,Pix,Pago
2025-05-14,01e0c209,Auditoria Contábil,1297.58,656.54,Boleto,Pago
2025-05-14,cd692f1a,Plano Avançado,1291.85,470.94,Cartão de Crédito,Pago
2025-05-14,b4a1b003,Plano Básico,229.04,78.36,Transferência,Pago
2025-05-14,85050e16,Auditoria Contábil,1074.15,417.78,Transferência,Pago
2025-05-14,73af6a17,Plano Básico,542.67,216.06,Boleto,Pago
2025-05-14,7f123ea3,Plano Intermediário,743.3,240.15,Transferência,Pago
2025-05-14,8dd779c0,Auditoria Contábil,1062.24,411.96,Cartão de Crédito,Cancelado
2025-05-14,06019269,Auditoria Contábil,1143.52,782.1,Transferência,Pendente
2025-05-14,2c46ff5e,Plano Avançado,1302.14,607.2,Transferência,Pago
2025-05-14,34da685d,Plano Básico,508.84,239.96,Pix,Pendente
2025-05-14,160977e3,Plano Avançado,1387.1,805.71,Pix,Pago
2025-05-14,8dd779c0,Plano Avançado,1238.96,456.78,Transferência,Pago
2025-05-14,68819479,Plano Intermediário,436.43,282.9,Cartão de Crédito,Pago
2025-05-14,4d3f9f70,Auditoria Contábil,1200.34,663.27,Boleto,Pago
2025-05-14,de946ab3,Auditoria Contábil,1098.61,595.73,Transferência,Pago
2025-05-14,64adcc21,Plano Avançado,1208.57,419.23,Transferência,Pendente
2025-05-14,4331374a,Auditoria Contábil,1110.47,640.55,Pix,Pago
2025-05-14,5f4d6138,Consultoria Financeira,1159.19,443.39,Pix,Pendente
2025-05-14,0f77cc0f,Plano Intermediário,785.85,299.98,Transferência,Cancelado
2025-05-14,5fe2102d,Plano Básico,276.54,139.13,Boleto,Pago
2025-05-14,07f7efa5,Plano Intermediário,670.03,413.48,Pix,Pago
2025-05-14,de962a39,Plano Avançado,1194.98,391.5,Cartão de Crédito,Pago
2025-05-14,1ec260d5,Plano Avançado,1462.08,806.15,Transferência,Pendente
2025-05-14,e6e04fe5,Plano Avançado,1088.8,626.55,Transferência,Pendente
2025-05-14,88019547,Plano Avançado,1228.06,779.14,Transferência,Pago
2025-05-14,ac40ed62,Auditoria Contábil,1375.86,864.8,Boleto,Pendente
2025-05-14,dd91e604,Plano Avançado,1194.69,517.84,Transferência,Pendente
2025-05-14,0801ddf7,Consultoria Financeira,1322.36,815.4,Boleto,Pago
2025-05-14,df99804c,Plano Intermediário,568.08,364.7,Pix,Pendente
2025-05-14,a69c7843,Plano Avançado,1179.7,770.37,Pix,Pendente
2025-05-14,0da75a0d,Plano Básico,220.0,100.13,Transferência,Pago
2025-05-14,8519c9b9,Plano Avançado,1193.65,741.75,Boleto,Pago
2025-05-14,53dda9e7,Plano Avançado,1195.72,390.75,Transferência,Pago
2025-05-14,89567f21,Plano Avançado,1205.8,784.9,Boleto,Pago
2025-05-14,8b520075,Auditoria Contábil,1284.84,882.98,Cartão de Crédito,Pago
2025-05-14,5c901b8a,Plano Intermediário,475.31,155.25,Boleto,Pendente
2025-05-14,c537a075,Plano Avançado,1139.33,512.91,Transferência,Pago
2025-05-14,5c88b44f,Consultoria Financeira,1221.13,758.96,Boleto,Pago
2025-05-14,4f8c8ffe,Plano Avançado,1012.34,392.83,Pix,Pendente
2025-05-14,e9227863,Plano Intermediário,761.97,335.43,Transferência,Pago
2025-05-14,22e7d95c,Plano Básico,237.57,106.39,Cartão de Crédito,Pendente
2025-05-14,cf1ebe05,Auditoria Contábil,1181.55,573.87,Boleto,Pendente
2025-05-14,f42064ce,Plano Intermediário,789.71,460.8,Cartão de Crédito,Pago
2025-05-14,df99804c,Auditoria Contábil,1327.49,402.69,Transferência,Pendente
2025-05-14,8af7aae3,Plano Básico,365.15,180.24,Cartão de Crédito,Pago
2025-05-14,16b27319,Consultoria Financeira,1086.23,328.18,Pix,Pago
2025-05-14,69694584,Plano Básico,359.88,186.91,Boleto,Pago
2025-05-14,bd5fc63d,Auditoria Contábil,1266.83,413.73,Boleto,Pago
2025-05-14,bd5fc63d,Plano Básico,345.73,211.86,Transferência,Pago
2025-05-14,da462287,Plano Avançado,1345.58,808.29,Cartão de Crédito,Pago
2025-05-14,dd91e604,Plano Avançado,1208.38,430.34,Transferência,Pago
2025-05-14,cfceac6d,Consultoria Financeira,1341.05,762.34,Boleto,Pago
2025-05-14,809e8137,Plano Avançado,1340.34,493.18,Boleto,Pago
2025-05-14,889382a2,Auditoria Contábil,1269.79,479.97,Boleto,Pago
2025-05-14,d25f4939,Auditoria Contábil,1229.66,815.62,Transferência,Pago
2025-05-14,0d34ba05,Plano Avançado,1246.32,752.14,Cartão de Crédito,Pago
2025-05-14,eb7bf608,Auditoria Contábil,1370.0,898.24,Transferência,Pago
2025-05-14,69a69b35,Plano Intermediário,807.15,429.02,Boleto,Pago
2025-05-14,3e3f9af2,Plano Básico,196.75,96.32,Boleto,Pago
2025-05-14,73af6a17,Consultoria Financeira,1239.79,727.21,Pix,Pago
2025-05-14,fec30ee1,Auditoria Contábil,1115.24,474.57,Pix,Pago
2025-05-14,eb7bf608,Plano Avançado,1134.79,450.06,Cartão de Crédito,Pago
2025-05-14,27ddd74f,Auditoria Contábil,1162.95,771.19,Boleto,Cancelado
2025-05-14,bd9b7985,Consultoria Financeira,1059.44,532.71,Cartão de Crédito,Pago
2025-05-14,723e148d,Consultoria Financeira,1109.22,697.4,Boleto,Pago
2025-05-14,53dda9e7,Consultoria Financeira,1351.93,762.22,Pix,Pago
2025-05-14,e746ca72,Plano Intermediário,634.22,365.91,Transferência,Pendente
2025-05-14,1fd8d42c,Plano Intermediário,785.45,318.6,Transferência,Pendente
2025-05-14,11255cd4,Consultoria Financeira,1217.18,523.15,Pix,Pago
2025-05-14,a6af877d,Plano Básico,355.33,144.91,Transferência,Pago
2025-05-14,b98e2b98,Plano Avançado,1259.72,488.12,Transferência,Pago
2025-05-14,f5534c19,Auditoria Contábil,1105.17,594.72,Boleto,Pago
2025-05-14,b322eeac,Plano Básico,384.82,240.89,Transferência,Pago
2025-05-14,6c605674,Plano Avançado,1076.75,658.12,Pix,Pago
2025-05-14,0da75a0d,Plano Intermediário,630.32,211.38,Cartão de Crédito,Pago
2025-05-14,df99804c,Consultoria Financeira,1258.2,729.23,Boleto,Pago
2025-05-14,8dd779c0,Auditoria Contábil,1099.14,343.44,Pix,Pendente
2025-05-14,bb3d4eda,Auditoria Contábil,1003.74,405.34,Transferência,Pago
2025-05-14,4f8c8ffe,Plano Intermediário,734.97,231.95,Boleto,Pago
2025-05-14,b322eeac,Auditoria Contábil,1043.52,591.4,Pix,Pago
2025-05-14,fec30ee1,Consultoria Financeira,1267.91,830.79,Transferência,Pago
2025-05-14,cf1ebe05,Plano Intermediário,669.8,288.09,Transferência,Cancelado
2025-05-14,65bb5f82,Auditoria Contábil,1233.51,492.91,Boleto,Pago
2025-05-14,fec30ee1,Consultoria Financeira,1231.62,653.6,Transferência,Pago
2025-05-14,360ab68d,Plano Básico,375.68,241.64,Boleto,Pago
2025-05-14,63ee329b,Auditoria Contábil,1261.25,881.68,Boleto,Pendente
2025-05-14,360ab68d,Plano Intermediário,598.33,184.87,Pix,Pago
2025-05-14,5c901b8a,Auditoria Contábil,1175.59,522.16,Pix,Pago
2025-05-14,04ac6356,Plano Avançado,1233.39,524.33,Transferência,Pago
2025-05-14,8519c9b9,Plano Avançado,1343.14,754.49,Pix,Pago
2025-05-14,234ce6aa,Plano Básico,362.21,219.11,Boleto,Pago
2025-05-14,37164a6b,Consultoria Financeira,1332.89,420.63,Cartão de Crédito,Pendente
2025-05-14,d55456f6,Plano Avançado,1238.68,650.75,Boleto,Pago
2025-05-14,b054bf90,Plano Avançado,1309.1,719.8,Boleto,Pendente
2025-05-14,e3445f63,Plano Intermediário,724.93,385.94,Pix,Pago
2025-05-14,1fd8d42c,Plano Avançado,1304.51,908.29,Pix,Pago
2025-05-14,bb3d4eda,Auditoria Contábil,1164.86,679.07,Cartão de Crédito,Pago
2025-05-14,a6af877d,Plano Intermediário,856.34,390.23,Cartão de Crédito,Pago
2025-05-14,c6a8f08d,Consultoria Financeira,1249.99,839.08,Cartão de Crédito,Pago
2025-05-14,27ddd74f,Plano Intermediário,560.07,376.17,Cartão de Crédito,Pago
2025-05-14,e7704e2a,Plano Básico,336.76,129.54,Cartão de Crédito,Pago
2025-05-14,3268a45e,Consultoria Financeira,990.0,691.27,Cartão de Crédito,Pago
2025-05-14,0d3cb43f,Consultoria Financeira,1262.55,678.32,Pix,Pendente
2025-05-14,723e148d,Auditoria Contábil,1288.52,414.05,Pix,Pago
2025-05-14,91953d5e,Auditoria Contábil,1395.42,796.8,Pix,Pago
2025-05-14,74c6dcec,Consultoria Financeira,1149.43,516.38,Transferência,Pago
2025-05-14,bcf6c281,Auditoria Contábil,1396.26,808.23,Boleto,Pago
2025-05-14,5adf9642,Plano Intermediário,700.37,391.83,Transferência,Pago
2025-05-14,8884a6a4,Auditoria Contábil,1125.75,624.09,Transferência,Pago
2025-05-14,16b27319,Auditoria Contábil,1151.47,621.47,Pix,Pago
2025-05-14,1e76fa0e,Auditoria Contábil,1256.29,605.62,Pix,Cancelado
2025-05-14,1b2bdc70,Plano Intermediário,612.02,347.08,Transferência,Pago
2025-05-14,1b2bdc70,Auditoria Contábil,1166.49,358.88,Boleto,Pago
2025-05-14,5f4d6138,Plano Básico,334.23,204.43,Transferência,Pago
2025-05-14,bc7e9946,Auditoria Contábil,1355.42,861.05,Boleto,Pago
2025-05-14,ff83af04,Consultoria Financeira,1285.4,798.39,Transferência,Pago
2025-05-14,11e08084,Plano Avançado,1204.35,596.63,Cartão de Crédito,Pago
2025-05-14,fec30ee1,Plano Avançado,1255.81,578.62,Transferência,Pago
2025-05-14,a6af877d,Auditoria Contábil,1224.13,502.88,Cartão de Crédito,Pago
2025-05-14,83e2e600,Plano Avançado,1084.9,725.28,Boleto,Pago
2025-05-14,3e465ec4,Plano Intermediário,875.55,386.97,Boleto,Pendente
