data,id_cliente,produto,valor_venda,custo,meio_pagamento,status_pagamento
2025-05-10,71645e64,Plano Intermediário,557.7,200.44,Boleto,Pago
2025-05-10,8dd779c0,Plano Intermediário,823.77,373.04,Pix,Pago
2025-05-10,44b4830b,Consultoria Financeira,1237.98,436.89,Transferência,Pendente
2025-05-10,8b520075,Plano Intermediário,638.57,268.17,Pix,Pago
2025-05-10,51dcc5b4,Plano Avançado,1129.02,629.0,Boleto,Pago
2025-05-10,e3445f63,Auditoria Contábil,1360.88,605.59,Boleto,Pago
2025-05-10,d4cba754,Plano Intermediário,782.82,492.86,Transferência,Pago
2025-05-10,e3445f63,Plano Intermediário,685.01,424.96,Cartão de Crédito,Pago
2025-05-10,29c41e63,Plano Avançado,1056.68,393.15,Cartão de Crédito,Pago
2025-05-10,9e03667d,Plano Intermediário,829.61,257.29,Cartão de Crédito,Pago
2025-05-10,7f123ea3,Plano Avançado,1089.28,627.45,Boleto,Pago
2025-05-10,8519c9b9,Plano Intermediário,663.45,360.87,Pix,Pago
2025-05-10,1e76fa0e,Plano Avançado,1184.87,469.59,Cartão de Crédito,Pago
2025-05-10,44b4830b,Plano Avançado,1127.6,404.66,Transferência,Pago
2025-05-10,68819479,Auditoria Contábil,1180.46,494.84,Pix,Pendente
2025-05-10,160977e3,Plano Básico,299.3,104.55,Cartão de Crédito,Pendente
2025-05-10,a810c961,Plano Intermediário,678.44,287.03,Cartão de Crédito,Pago
2025-05-10,8dd779c0,Plano Avançado,1231.95,805.44,Transferência,Pago
2025-05-10,7fe9431e,Plano Intermediário,865.36,451.37,Boleto,Pendente
2025-05-10,c1005960,Plano Intermediário,560.98,205.59,Transferência,Pendente
2025-05-10,11255cd4,Plano Intermediário,715.78,477.14,Boleto,Pago
2025-05-10,43c9d6f5,Plano Intermediário,590.26,356.48,Pix,Pago
2025-05-10,1b2bdc70,Consultoria Financeira,1052.31,458.31,Boleto,Pago
2025-05-10,5c901b8a,Auditoria Contábil,1295.0,414.2,Transferência,Pago
2025-05-10,f4574bde,Plano Intermediário,724.3,291.77,Transferência,Pago
2025-05-10,68819479,Consultoria Financeira,1046.73,625.49,Pix,Pago
2025-05-10,681d27d6,Consultoria Financeira,1180.37,788.11,Boleto,Pago
2025-05-10,1ec260d5,Consultoria Financeira,1015.62,695.31,Cartão de Crédito,Pago
2025-05-10,e6e04fe5,Consultoria Financeira,1110.97,530.98,Pix,Pago
2025-05-10,22e7d95c,Plano Avançado,980.39,650.8,Boleto,Pago
2025-05-10,3e465ec4,Plano Avançado,1183.79,624.55,Pix,Pago
2025-05-10,50989097,Auditoria Contábil,1269.29,554.35,Boleto,Pago
2025-05-10,889382a2,Plano Avançado,1258.26,595.76,Pix,Pago
2025-05-10,d421c1e5,Consultoria Financeira,1160.69,716.81,Transferência,Pendente
2025-05-10,64adcc21,Plano Avançado,1300.16,879.42,Pix,Pago
2025-05-10,cf1ebe05,Plano Intermediário,839.35,522.11,Transferência,Pago
2025-05-10,de42cc92,Plano Básico,371.05,236.74,Transferência,Pendente
2025-05-10,ff83af04,Auditoria Contábil,1144.39,527.28,Boleto,Pendente
2025-05-10,50989097,Plano Básico,286.99,163.44,Boleto,Pago
2025-05-10,16b27319,Auditoria Contábil,1361.48,602.85,Cartão de Crédito,Pago
2025-05-10,3e3f9af2,Plano Avançado,1167.8,646.84,Transferência,Pago
2025-05-10,fc732816,Plano Avançado,1258.59,652.3,Cartão de Crédito,Pago
2025-05-10,63ee329b,Auditoria Contábil,1126.32,429.83,Transferência,Pago
2025-05-10,1345c41b,Plano Avançado,1300.95,641.42,Transferência,Pendente
2025-05-10,c72662a8,Consultoria Financeira,1115.51,431.05,Boleto,Pago
2025-05-10,ff83af04,Plano Intermediário,691.26,338.75,Pix,Pago
2025-05-10,e674add6,Plano Intermediário,754.83,497.57,Pix,Pago
2025-05-10,c1005960,Auditoria Contábil,1385.55,555.42,Pix,Pago
2025-05-10,f4574bde,Plano Avançado,1222.42,585.16,Boleto,Pago
2025-05-10,bfa26e2d,Consultoria Financeira,1173.73,352.56,Pix,Pago
2025-05-10,74c6dcec,Auditoria Contábil,1166.36,368.23,Boleto,Pago
2025-05-10,df74f82a,Plano Intermediário,796.03,414.15,Transferência,Pendente
2025-05-10,3572e701,Consultoria Financeira,1246.25,450.22,Transferência,Pago
2025-05-10,1543f02f,Consultoria Financeira,1267.15,750.79,Pix,Pendente
2025-05-10,de946ab3,Auditoria Contábil,1352.8,822.37,Transferência,Pago
2025-05-10,6f084a1f,Auditoria Contábil,1206.01,526.61,Boleto,Pendente
2025-05-10,14c536e1,Plano Avançado,1238.83,692.98,Pix,Cancelado
2025-05-10,e31cf753,Consultoria Financeira,1165.06,729.67,Boleto,Pago
2025-05-10,bfa26e2d,Consultoria Financeira,1122.74,605.07,Boleto,Pago
2025-05-10,74c6dcec,Plano Avançado,1140.3,731.87,Boleto,Pago
2025-05-10,3e3f9af2,Auditoria Contábil,960.97,418.98,Cartão de Crédito,Pago
2025-05-10,de946ab3,Auditoria Contábil,1253.76,467.31,Pix,Pago
2025-05-10,d34ea5cb,Plano Básico,342.82,161.86,Pix,Pago
2025-05-10,e024c907,Plano Avançado,1251.53,643.46,Boleto,Pago
2025-05-10,fe8b9235,Auditoria Contábil,1116.57,618.72,Boleto,Pago
2025-05-10,0da75a0d,Consultoria Financeira,1141.94,361.54,Cartão de Crédito,Cancelado
2025-05-10,a810c961,Auditoria Contábil,1138.86,488.37,Pix,Pago
2025-05-10,65bb5f82,Consultoria Financeira,1311.68,743.42,Cartão de Crédito,Pago
2025-05-10,e31cf753,Plano Avançado,1218.64,577.83,Pix,Pendente
2025-05-10,856c4622,Consultoria Financeira,1204.93,486.26,Cartão de Crédito,Pago
2025-05-10,eb7bf608,Auditoria Contábil,1276.88,410.05,Cartão de Crédito,Pago
2025-05-10,53dda9e7,Consultoria Financeira,1139.18,479.72,Transferência,Pago
2025-05-10,8af7aae3,Consultoria Financeira,1236.31,634.21,Boleto,Pendente
2025-05-10,8dcc5eb7,Plano Intermediário,901.53,330.41,Transferência,Pendente
2025-05-10,5fa4df12,Consultoria Financeira,1329.06,600.6,Pix,Pago
2025-05-10,58fa93e2,Plano Básico,334.76,197.86,Transferência,Pago
2025-05-10,91953d5e,Plano Avançado,1208.67,808.65,Transferência,Pago
2025-05-10,34588043,Consultoria Financeira,1250.62,471.25,Cartão de Crédito,Pago
2025-05-10,14d5d4bf,Consultoria Financeira,1344.73,762.02,Pix,Pago
2025-05-10,83e2e600,Plano Intermediário,836.26,414.71,Boleto,Pago
2025-05-10,bd5fc63d,Plano Intermediário,864.06,441.93,Cartão de Crédito,Pago
2025-05-10,f3713c03,Auditoria Contábil,1224.29,464.03,Transferência,Pago
2025-05-10,65bb5f82,Plano Intermediário,491.79,305.93,Pix,Pago
2025-05-10,64952769,Auditoria Contábil,1392.34,661.48,Boleto,Cancelado
2025-05-10,f3617404,Plano Básico,222.54,91.4,Transferência,Pago
2025-05-10,4a94313e,Plano Avançado,1002.45,674.8,Cartão de Crédito,Pago
2025-05-10,f4574bde,Plano Básico,375.11,250.97,Boleto,Pago
2025-05-10,3e3f9af2,Consultoria Financeira,993.49,590.98,Pix,Pago
2025-05-10,da560193,Plano Intermediário,702.85,221.18,Pix,Pago
2025-05-10,bd9acbb3,Plano Básico,92.22,61.62,Cartão de Crédito,Pago
2025-05-10,06019269,Consultoria Financeira,1167.97,356.0,Pix,Pago
2025-05-10,3e465ec4,Auditoria Contábil,1364.34,673.99,Cartão de Crédito,Pago
2025-05-10,d4cba754,Plano Intermediário,736.06,245.96,Pix,Pendente
2025-05-10,4423823b,Plano Intermediário,701.8,382.95,Boleto,Pago
2025-05-10,7f123ea3,Plano Avançado,1247.26,492.22,Boleto,Pago
2025-05-10,1fd8d42c,Plano Intermediário,429.56,141.74,Boleto,Pago
2025-05-10,3572e701,Plano Avançado,1137.01,389.39,Cartão de Crédito,Pago
2025-05-10,7f123ea3,Plano Intermediário,651.17,246.13,Boleto,Pendente
2025-05-10,9ea8ac4b,Plano Intermediário,763.33,383.16,Pix,Pago
2025-05-10,7fe9431e,Auditoria Contábil,1101.5,346.51,Boleto,Pago
2025-05-10,e6e04fe5,Consultoria Financeira,1219.87,391.7,Boleto,Pago
2025-05-10,69a69b35,Consultoria Financeira,1192.09,760.07,Cartão de Crédito,Pendente
2025-05-10,22e7d95c,Plano Intermediário,642.09,260.02,Cartão de Crédito,Pago
2025-05-10,1543f02f,Plano Básico,248.23,119.06,Boleto,Pago
2025-05-10,dd91e604,Plano Básico,291.19,154.64,Cartão de Crédito,Cancelado
2025-05-10,d013ff9d,Plano Intermediário,514.82,219.42,Cartão de Crédito,Pago
2025-05-10,ff83af04,Plano Básico,378.36,129.64,Transferência,Pago
2025-05-10,f3713c03,Plano Intermediário,621.88,377.26,Cartão de Crédito,Pendente
2025-05-10,b4baf750,Consultoria Financeira,1174.02,805.98,Boleto,Pago
2025-05-10,4d3f9f70,Plano Avançado,1359.85,563.09,Transferência,Pago
2025-05-10,da560193,Plano Avançado,1280.21,707.07,Boleto,Pago
2025-05-10,186cc208,Plano Intermediário,584.88,352.75,Boleto,Pago
2025-05-10,43c9d6f5,Auditoria Contábil,916.09,378.13,Transferência,Pago
2025-05-10,1dd73ec3,Consultoria Financeira,1251.69,403.66,Transferência,Pendente
2025-05-10,7675fac6,Plano Básico,277.85,137.33,Cartão de Crédito,Pago
2025-05-10,d013ff9d,Auditoria Contábil,1220.48,632.9,Transferência,Cancelado
2025-05-10,723e148d,Consultoria Financeira,1276.59,510.51,Cartão de Crédito,Pago
2025-05-10,7fe9431e,Plano Avançado,1293.24,677.25,Pix,Pago
2025-05-10,b9322c5f,Auditoria Contábil,1158.49,586.08,Pix,Pago
2025-05-10,8d9c0793,Plano Intermediário,689.57,373.25,Boleto,Pago
2025-05-10,4331374a,Plano Básico,339.33,112.62,Transferência,Pago
2025-05-10,9f671442,Plano Intermediário,746.03,395.59,Boleto,Pago
2025-05-10,22e7d95c,Consultoria Financeira,1219.48,427.36,Transferência,Pago
2025-05-10,8b520075,Plano Intermediário,846.22,391.43,Boleto,Pago
2025-05-10,e674add6,Auditoria Contábil,1244.86,811.57,Pix,Pago
2025-05-10,902164d4,Plano Intermediário,774.99,425.78,Transferência,Pago
2025-05-10,da462287,Plano Básico,327.93,115.6,Pix,Pago
2025-05-10,ef39a43c,Plano Básico,200.83,133.26,Cartão de Crédito,Pendente
2025-05-10,902164d4,Plano Avançado,1136.71,686.75,Cartão de Crédito,Pago
2025-05-10,e11548e5,Plano Intermediário,581.08,217.1,Cartão de Crédito,Pago
2025-05-10,34da685d,Auditoria Contábil,1305.4,786.61,Transferência,Pago
2025-05-10,5f4d6138,Plano Básico,146.24,79.94,Boleto,Pendente
2025-05-10,65bb5f82,Plano Intermediário,685.51,216.71,Boleto,Pago
2025-05-10,8af7aae3,Plano Intermediário,663.69,238.39,Cartão de Crédito,Pago
2025-05-10,0f1b8a1f,Auditoria Contábil,999.25,693.34,Cartão de Crédito,Pago
2025-05-10,1b2bdc70,Consultoria Financeira,1161.17,442.89,Pix,Pago
2025-05-10,7be9fda6,Plano Intermediário,669.44,406.77,Cartão de Crédito,Pago
2025-05-10,5239936f,Plano Intermediário,867.87,267.65,Transferência,Pago
2025-05-10,b894acf6,Plano Intermediário,508.84,159.66,Transferência,Pendente
2025-05-10,df99804c,Plano Básico,431.12,281.99,Transferência,Pago
2025-05-10,4a94313e,Consultoria Financeira,1177.57,394.11,Pix,Pago
2025-05-10,0f77cc0f,Consultoria Financeira,1285.96,585.35,Cartão de Crédito,Pendente
2025-05-10,df99804c,Plano Básico,307.98,194.59,Pix,Pago
2025-05-10,3e465ec4,Plano Avançado,1090.14,736.14,Cartão de Crédito,Pago
2025-05-10,34588043,Plano Avançado,1342.05,550.54,Pix,Pago
2025-05-10,91953d5e,Plano Avançado,1323.48,802.2,Pix,Pago
2025-05-10,df99804c,Plano Básico,196.8,132.2,Transferência,Pago
2025-05-10,9e842c39,Plano Intermediário,759.55,452.25,Cartão de Crédito,Pendente
2025-05-10,51dcc5b4,Plano Básico,241.01,78.45,Transferência,Pago
2025-05-10,0371adaf,Consultoria Financeira,1049.98,442.88,Transferência,Pago
2025-05-10,e6e04fe5,Auditoria Contábil,1122.12,777.83,Boleto,Pago
2025-05-10,16b27319,Plano Básico,435.11,300.51,Pix,Pendente
2025-05-10,4423823b,Plano Intermediário,788.62,355.57,Pix,Cancelado
2025-05-10,cfceac6d,Plano Avançado,1170.58,758.32,Pix,Pago
2025-05-10,fe8b9235,Plano Básico,435.66,162.18,Pix,Pendente
