data,id_cliente,produto,valor_venda,custo,meio_pagamento,status_pagamento
2025-05-06,34da685d,Plano Intermediário,649.3,291.22,Pix,Pago
2025-05-06,360ab68d,Plano Avançado,1378.48,475.98,Boleto,Pago
2025-05-06,d25f4939,Plano Básico,301.35,139.39,Transferência,Pendente
2025-05-06,b4fc9431,Auditoria Contábil,1493.57,936.98,Cartão de Crédito,Pendente
2025-05-06,bc7e9946,Auditoria Contábil,1092.67,402.84,Pix,Pendente
2025-05-06,6bffad7d,Plano Básico,360.02,188.06,Boleto,Pago
2025-05-06,7be9fda6,Plano Avançado,1295.79,751.31,Pix,Pago
2025-05-06,7be9fda6,Auditoria Contábil,1094.4,619.77,Transferência,Pago
2025-05-06,34da685d,Consultoria Financeira,1174.31,598.74,Cartão de Crédito,Pago
2025-05-06,8fd2de20,Plano Avançado,1060.22,702.66,Transferência,Pago
2025-05-06,88b9030f,Auditoria Contábil,1320.26,706.27,Transferência,Pago
2025-05-06,b4baf750,Plano Básico,289.8,174.62,Transferência,Pago
2025-05-06,83e2e600,Plano Avançado,1115.76,689.15,Boleto,Pago
2025-05-06,ac40ed62,Plano Avançado,1297.21,528.05,Transferência,Pendente
2025-05-06,cf1ebe05,Consultoria Financeira,1198.67,556.47,Boleto,Pago
2025-05-06,838c0893,Plano Básico,381.94,128.14,Transferência,Pago
2025-05-06,85daef29,Plano Intermediário,742.39,479.58,Pix,Pago
2025-05-06,1b2bdc70,Plano Avançado,1103.42,436.68,Transferência,Cancelado
2025-05-06,d4cba754,Plano Intermediário,646.14,301.87,Transferência,Pendente
2025-05-06,2c43fd10,Plano Avançado,1118.23,395.84,Pix,Pago
2025-05-06,5f4d6138,Plano Intermediário,586.62,245.48,Cartão de Crédito,Pendente
2025-05-06,f2f1883d,Plano Básico,137.3,60.23,Cartão de Crédito,Pago
2025-05-06,16b27319,Plano Intermediário,902.26,540.08,Pix,Pago
2025-05-06,111842ea,Auditoria Contábil,1227.24,531.15,Cartão de Crédito,Pago
2025-05-06,b322eeac,Plano Avançado,1241.75,742.29,Transferência,Pago
2025-05-06,76b5d5b5,Auditoria Contábil,1309.21,521.77,Boleto,Pago
2025-05-06,d25f4939,Plano Básico,245.21,79.77,Boleto,Pago
2025-05-06,1e76fa0e,Auditoria Contábil,1066.41,556.79,Boleto,Pago
2025-05-06,11255cd4,Auditoria Contábil,1272.41,650.24,Transferência,Pendente
2025-05-06,04ac6356,Consultoria Financeira,1080.03,697.44,Boleto,Pago
2025-05-06,84833a28,Plano Intermediário,769.89,326.24,Boleto,Pago
2025-05-06,c6a8f08d,Plano Avançado,1052.95,544.79,Pix,Pendente
2025-05-06,22e7d95c,Consultoria Financeira,1073.72,353.36,Transferência,Pago
2025-05-06,4423823b,Plano Avançado,1135.89,648.38,Boleto,Pago
2025-05-06,89567f21,Auditoria Contábil,1265.91,786.49,Boleto,Pago
2025-05-06,405479fd,Plano Avançado,1361.88,769.11,Transferência,Pendente
2025-05-06,8b520075,Auditoria Contábil,1241.58,549.04,Boleto,Pago
2025-05-06,89567f21,Consultoria Financeira,1139.48,602.2,Boleto,Cancelado
2025-05-06,e746ca72,Auditoria Contábil,1291.04,772.25,Pix,Pago
2025-05-06,877afd71,Auditoria Contábil,1050.38,508.11,Boleto,Pago
2025-05-06,83e2e600,Auditoria Contábil,1108.18,695.03,Pix,Pago
2025-05-06,dd91e604,Auditoria Contábil,1207.96,682.0,Transferência,Pendente
2025-05-06,902164d4,Plano Intermediário,775.88,513.1,Transferência,Pago
2025-05-06,4edd1840,Plano Básico,279.13,162.89,Cartão de Crédito,Pago
2025-05-06,0c9111bd,Plano Avançado,1168.73,735.71,Boleto,Pago
2025-05-06,bd89e3a3,Plano Básico,274.27,92.08,Transferência,Pago
2025-05-06,8dcc5eb7,Plano Intermediário,808.21,383.99,Pix,Pendente
2025-05-06,50989097,Auditoria Contábil,1124.1,684.47,Cartão de Crédito,Pendente
2025-05-06,163a3e98,Consultoria Financeira,1102.13,363.94,Cartão de Crédito,Pago
2025-05-06,ef39a43c,Plano Avançado,1172.76,631.44,Transferência,Pago
2025-05-06,0c9111bd,Consultoria Financeira,1323.37,444.47,Cartão de Crédito,Pago
2025-05-06,5f4d6138,Plano Intermediário,634.33,434.27,Cartão de Crédito,Pendente
2025-05-06,8fd2de20,Plano Intermediário,673.97,419.82,Boleto,Pago
2025-05-06,64952769,Auditoria Contábil,1049.0,706.38,Pix,Pago
2025-05-06,f5534c19,Plano Básico,277.95,121.7,Pix,Pago
2025-05-06,4a94313e,Plano Básico,322.33,218.38,Cartão de Crédito,Pago
2025-05-06,03bbe434,Consultoria Financeira,1080.16,325.7,Pix,Pago
2025-05-06,da560193,Auditoria Contábil,1308.42,642.23,Cartão de Crédito,Pago
2025-05-06,07f7efa5,Plano Avançado,1221.03,852.07,Transferência,Pago
2025-05-06,4331374a,Plano Básico,248.22,173.04,Boleto,Pago
2025-05-06,76b5d5b5,Consultoria Financeira,1221.78,565.88,Pix,Pago
2025-05-06,4de403bd,Consultoria Financeira,1247.56,526.12,Transferência,Pendente
2025-05-06,f6a2c989,Plano Intermediário,525.31,175.76,Cartão de Crédito,Pago
2025-05-06,c1005960,Auditoria Contábil,1225.62,857.55,Boleto,Pago
2025-05-06,51dcc5b4,Auditoria Contábil,1319.33,547.18,Transferência,Pago
2025-05-06,91953d5e,Consultoria Financeira,1122.83,410.54,Transferência,Pago
2025-05-06,37164a6b,Auditoria Contábil,1150.2,476.27,Transferência,Pendente
2025-05-06,d013ff9d,Plano Intermediário,665.28,229.61,Transferência,Pago
2025-05-06,69a69b35,Auditoria Contábil,1277.08,827.56,Pix,Pago
2025-05-06,8a5de1a7,Plano Avançado,1094.62,516.59,Cartão de Crédito,Cancelado
2025-05-06,111842ea,Plano Intermediário,742.78,308.18,Pix,Pago
2025-05-06,df74f82a,Auditoria Contábil,1167.05,811.93,Transferência,Pago
2025-05-06,84833a28,Plano Intermediário,867.49,279.24,Boleto,Pago
2025-05-06,3268a45e,Consultoria Financeira,1172.52,587.73,Cartão de Crédito,Pendente
2025-05-06,ef39a43c,Plano Avançado,979.88,417.8,Boleto,Pendente
2025-05-06,856c4622,Plano Avançado,1261.38,852.05,Cartão de Crédito,Pago
2025-05-06,9e03667d,Auditoria Contábil,1237.55,769.8,Cartão de Crédito,Pago
2025-05-06,111842ea,Auditoria Contábil,1216.76,766.99,Cartão de Crédito,Pago
2025-05-06,5fbc6417,Plano Avançado,1316.23,554.66,Cartão de Crédito,Pago
2025-05-06,fd634e85,Consultoria Financeira,1036.8,504.87,Pix,Pago
2025-05-06,91953d5e,Plano Avançado,1109.51,459.59,Boleto,Pago
2025-05-06,07f7efa5,Consultoria Financeira,1195.37,405.49,Pix,Pago
2025-05-06,73af6a17,Plano Intermediário,711.41,363.34,Transferência,Pago
2025-05-06,88019547,Plano Avançado,1180.98,558.96,Boleto,Pago
2025-05-06,29c41e63,Plano Básico,150.26,93.14,Transferência,Pago
2025-05-06,de962a39,Plano Avançado,1151.11,498.99,Pix,Pago
2025-05-06,ff83af04,Plano Básico,458.89,195.76,Transferência,Pendente
2025-05-06,16b27319,Consultoria Financeira,1090.38,429.86,Boleto,Pendente
2025-05-06,69694584,Plano Avançado,1193.21,803.03,Cartão de Crédito,Pendente
2025-05-06,360ab68d,Plano Básico,343.16,169.14,Boleto,Pago
2025-05-06,c1005960,Consultoria Financeira,1273.97,647.34,Cartão de Crédito,Pago
2025-05-06,b4fc9431,Consultoria Financeira,1260.87,477.74,Cartão de Crédito,Pago
2025-05-06,b64c91ff,Consultoria Financeira,1144.29,441.03,Transferência,Pago
2025-05-06,7fe9431e,Plano Básico,209.12,140.66,Cartão de Crédito,Pago
2025-05-06,65bb5f82,Consultoria Financeira,1368.45,459.26,Cartão de Crédito,Pago
2025-05-06,16b27319,Consultoria Financeira,1284.23,849.7,Transferência,Pago
2025-05-06,5f4d6138,Auditoria Contábil,1202.32,435.98,Cartão de Crédito,Pago
2025-05-06,df99804c,Auditoria Contábil,1335.1,485.65,Cartão de Crédito,Pendente
2025-05-06,e024c907,Plano Avançado,1048.75,720.71,Pix,Pago
2025-05-06,5f4d6138,Consultoria Financeira,1066.93,575.72,Transferência,Pago
2025-05-06,11e08084,Plano Básico,82.2,27.02,Cartão de Crédito,Pago
2025-05-06,bd9b7985,Plano Avançado,1210.29,372.48,Pix,Cancelado
2025-05-06,11255cd4,Plano Intermediário,714.93,307.99,Pix,Pago
2025-05-06,f4574bde,Plano Avançado,1058.89,702.93,Boleto,Pago
2025-05-06,b4baf750,Plano Intermediário,780.32,431.95,Pix,Pendente
2025-05-06,5fa4df12,Auditoria Contábil,1010.72,462.04,Pix,Pago
2025-05-06,e3445f63,Plano Avançado,1231.15,457.82,Transferência,Pago
2025-05-06,0c9111bd,Plano Básico,353.44,177.15,Transferência,Pago
2025-05-06,64adcc21,Consultoria Financeira,1209.11,402.83,Pix,Pendente
2025-05-06,bcf6c281,Consultoria Financeira,1046.85,672.47,Transferência,Pendente
2025-05-06,4ac7ffdb,Consultoria Financeira,1315.03,623.15,Cartão de Crédito,Pago
2025-05-06,bd5fc63d,Plano Avançado,1147.35,697.02,Pix,Pago
2025-05-06,fd634e85,Plano Intermediário,647.64,263.09,Cartão de Crédito,Pendente
2025-05-06,1e76fa0e,Auditoria Contábil,1129.06,484.0,Transferência,Pago
2025-05-06,805310ba,Plano Básico,364.46,177.2,Boleto,Pendente
2025-05-06,2c46ff5e,Plano Avançado,1142.97,411.19,Transferência,Pendente
2025-05-06,9e03667d,Plano Básico,182.09,91.77,Boleto,Pago
2025-05-06,c6a8f08d,Auditoria Contábil,1292.6,868.63,Cartão de Crédito,Cancelado
2025-05-06,a69c7843,Consultoria Financeira,1190.89,539.98,Cartão de Crédito,Pago
2025-05-06,4423823b,Plano Avançado,1296.39,807.24,Transferência,Pago
2025-05-06,9e03667d,Plano Intermediário,697.99,210.42,Boleto,Pago
2025-05-06,6f084a1f,Auditoria Contábil,1122.88,440.04,Boleto,Pago
2025-05-06,3268a45e,Plano Básico,122.6,46.57,Cartão de Crédito,Pago
2025-05-06,5fbc6417,Plano Intermediário,710.71,287.84,Cartão de Crédito,Pago
2025-05-06,06019269,Plano Básico,265.49,85.21,Pix,Pago
2025-05-06,a810c961,Plano Avançado,1268.79,812.78,Boleto,Pago
2025-05-06,bd89e3a3,Consultoria Financeira,1138.7,561.64,Boleto,Pago
2025-05-06,805310ba,Auditoria Contábil,1234.18,469.27,Cartão de Crédito,Pago
2025-05-06,c1005960,Consultoria Financeira,1194.0,461.06,Cartão de Crédito,Pendente
2025-05-06,eb7bf608,Plano Avançado,1114.94,503.67,Pix,Pago
2025-05-06,6f084a1f,Plano Avançado,1145.9,761.26,Transferência,Pago
2025-05-06,fa1fca51,Plano Avançado,1065.02,717.57,Pix,Pago
2025-05-06,9f671442,Plano Básico,476.82,152.29,Cartão de Crédito,Cancelado
2025-05-06,b054bf90,Plano Avançado,1232.0,672.94,Pix,Pago
2025-05-06,f6a2c989,Auditoria Contábil,1059.31,334.55,Cartão de Crédito,Pago
2025-05-06,7675fac6,Consultoria Financeira,1370.46,793.81,Transferência,Pendente
2025-05-06,b322eeac,Plano Básico,189.19,105.05,Pix,Pago
2025-05-06,5fbc6417,Consultoria Financeira,1137.13,535.41,Cartão de Crédito,Pago
2025-05-06,0801ddf7,Auditoria Contábil,1172.25,412.05,Boleto,Pago
2025-05-06,de962a39,Plano Intermediário,696.34,297.27,Boleto,Pago
2025-05-06,b98e2b98,Plano Intermediário,765.96,464.57,Pix,Pago
2025-05-06,3e465ec4,Plano Intermediário,503.27,314.44,Pix,Pago
2025-05-06,a6af877d,Auditoria Contábil,1197.88,774.86,Cartão de Crédito,Pago
2025-05-06,71645e64,Plano Avançado,1167.33,614.63,Pix,Pago
2025-05-06,cefd3c78,Plano Intermediário,712.48,431.28,Boleto,Pago
2025-05-06,699833e9,Auditoria Contábil,1162.66,759.21,Pix,Pendente
2025-05-06,4ac7ffdb,Plano Intermediário,649.98,200.23,Pix,Pago
2025-05-06,4edd1840,Plano Intermediário,683.01,326.96,Transferência,Pago
2025-05-06,df99804c,Auditoria Contábil,1363.67,412.97,Boleto,Pendente
2025-05-06,bcf6c281,Plano Básico,251.77,129.99,Pix,Pago
2025-05-06,8fd2de20,Plano Intermediário,809.9,462.39,Boleto,Pago
2025-05-06,d4cba754,Plano Básico,308.28,158.0,Boleto,Pendente
2025-05-06,71645e64,Plano Intermediário,703.68,323.61,Pix,Pago
2025-05-06,cd692f1a,Consultoria Financeira,1213.42,508.74,Pix,Pago
2025-05-06,07f7efa5,Consultoria Financeira,1242.83,435.72,Transferência,Pago
2025-05-06,8519c9b9,Plano Avançado,1158.9,653.84,Transferência,Pago
2025-05-06,22e7d95c,Auditoria Contábil,1302.16,635.88,Cartão de Crédito,Pago
2025-05-06,69694584,Plano Intermediário,743.09,240.96,Transferência,Pago
2025-05-06,bd9acbb3,Consultoria Financeira,1072.43,499.04,Pix,Pago
2025-05-06,902164d4,Plano Intermediário,480.56,288.08,Cartão de Crédito,Pago
2025-05-06,a6af877d,Plano Básico,459.95,290.31,Transferência,Pago
2025-05-06,89567f21,Consultoria Financeira,1216.54,819.86,Boleto,Cancelado
2025-05-06,51dcc5b4,Plano Avançado,1061.8,673.16,Cartão de Crédito,Pago
2025-05-06,d013ff9d,Auditoria Contábil,1151.64,543.32,Pix,Pago
2025-05-06,d55456f6,Auditoria Contábil,1284.18,627.04,Pix,Pago
2025-05-06,65bb5f82,Plano Avançado,1177.29,790.44,Cartão de Crédito,Pago
2025-05-06,8fd2de20,Plano Intermediário,685.82,364.78,Transferência,Pago
2025-05-06,9f671442,Auditoria Contábil,1263.76,553.84,Transferência,Pago
2025-05-06,fc732816,Consultoria Financeira,1225.88,672.52,Transferência,Pago
2025-05-06,0d3cb43f,Plano Intermediário,750.46,330.4,Boleto,Pago
2025-05-06,2a5aaa20,Plano Intermediário,762.65,343.74,Transferência,Pago
2025-05-06,699833e9,Plano Básico,225.41,90.21,Cartão de Crédito,Pendente
2025-05-06,c1005960,Consultoria Financeira,1133.85,705.67,Transferência,Pago
2025-05-06,0f1b8a1f,Auditoria Contábil,1114.37,559.09,Transferência,Cancelado
2025-05-06,58fa93e2,Auditoria Contábil,1138.84,735.98,Pix,Pago
2025-05-06,5fe2102d,Plano Intermediário,682.07,301.86,Cartão de Crédito,Pago
