data,id_cliente,produto,valor_venda,custo,meio_pagamento,status_pagamento
2025-04-27,723e148d,Auditoria Contábil,1289.58,848.18,Cartão de Crédito,Pago
2025-04-27,bb3d4eda,Plano Intermediário,767.64,296.14,Transferência,Pago
2025-04-27,89567f21,Auditoria Contábil,1196.23,394.35,Pix,Pago
2025-04-27,65bb5f82,Consultoria Financeira,1223.39,554.13,Boleto,Pago
2025-04-27,160977e3,Plano Básico,416.5,280.65,Transferência,Pago
2025-04-27,1e76fa0e,Auditoria Contábil,1335.24,638.84,Cartão de Crédito,Pago
2025-04-27,bd9b7985,Auditoria Contábil,963.51,506.74,Cartão de Crédito,Cancelado
2025-04-27,e31cf753,Consultoria Financeira,1137.29,742.44,Boleto,Pago
2025-04-27,a6af877d,Consultoria Financeira,1195.91,571.36,Boleto,Pago
2025-04-27,88b9030f,Plano Básico,194.22,58.53,Transferência,Pago
2025-04-27,37164a6b,Plano Básico,326.08,129.82,Pix,Pago
2025-04-27,f6a2c989,Plano Básico,242.18,160.7,Cartão de Crédito,Pago
2025-04-27,43c9d6f5,Plano Avançado,1229.51,474.6,Pix,Pago
2025-04-27,877afd71,Auditoria Contábil,1145.01,349.91,Boleto,Pago
2025-04-27,d2f63bb1,Plano Básico,248.99,151.57,Cartão de Crédito,Pago
2025-04-27,2c43fd10,Plano Básico,328.73,123.37,Pix,Pago
2025-04-27,160977e3,Consultoria Financeira,1294.37,536.01,Pix,Pendente
2025-04-27,06019269,Plano Básico,361.35,144.16,Cartão de Crédito,Pago
2025-04-27,fec30ee1,Auditoria Contábil,1196.75,709.26,Boleto,Pago
2025-04-27,6bffad7d,Plano Básico,122.06,58.88,Pix,Pago
2025-04-27,9e03667d,Plano Intermediário,646.7,212.43,Boleto,Pago
2025-04-27,cf1ebe05,Plano Avançado,1136.32,670.62,Pix,Pago
2025-04-27,2a5aaa20,Plano Intermediário,774.1,253.39,Transferência,Pago
2025-04-27,1fd8d42c,Consultoria Financeira,1215.76,835.4,Transferência,Pago
2025-04-27,4331374a,Auditoria Contábil,1219.5,598.97,Cartão de Crédito,Pago
2025-04-27,681d27d6,Consultoria Financeira,1120.43,418.76,Pix,Pago
2025-04-27,bd89e3a3,Consultoria Financeira,1339.94,639.46,Transferência,Pago
2025-04-27,2c46ff5e,Plano Avançado,1218.81,671.06,Transferência,Pago
2025-04-27,4edd1840,Plano Básico,214.88,110.71,Boleto,Pago
2025-04-27,aafa4686,Auditoria Contábil,1121.34,585.35,Cartão de Crédito,Pago
2025-04-27,53dda9e7,Consultoria Financeira,1233.24,511.65,Transferência,Pago
2025-04-27,34da685d,Plano Básico,211.43,64.37,Transferência,Pago
2025-04-27,a6af877d,Plano Básico,237.52,94.28,Pix,Pago
2025-04-27,d55456f6,Plano Intermediário,589.87,297.06,Pix,Pago
2025-04-27,4edd1840,Plano Intermediário,773.22,506.56,Pix,Cancelado
2025-04-27,e7704e2a,Plano Intermediário,613.56,275.48,Boleto,Pago
2025-04-27,5a66b672,Plano Avançado,1358.95,655.41,Transferência,Pago
2025-04-27,34da685d,Consultoria Financeira,1245.84,555.22,Boleto,Pago
2025-04-27,fec30ee1,Auditoria Contábil,1089.52,698.32,Transferência,Pendente
2025-04-27,1345c41b,Auditoria Contábil,1260.37,561.72,Transferência,Pago
2025-04-27,11e08084,Consultoria Financeira,1340.15,514.58,Pix,Pago
2025-04-27,2c43fd10,Auditoria Contábil,1192.43,464.93,Pix,Pago
2025-04-27,0da75a0d,Plano Básico,453.76,171.55,Transferência,Pendente
2025-04-27,b4fc9431,Plano Intermediário,747.81,292.84,Boleto,Pendente
2025-04-27,eb7bf608,Plano Avançado,1142.28,583.31,Pix,Pendente
2025-04-27,5fa4df12,Consultoria Financeira,1421.43,925.15,Transferência,Pago
2025-04-27,e3445f63,Auditoria Contábil,1065.23,689.31,Pix,Pendente
2025-04-27,e6e04fe5,Plano Avançado,1167.82,549.55,Cartão de Crédito,Pago
2025-04-27,bd89e3a3,Auditoria Contábil,1196.75,649.21,Boleto,Pago
2025-04-27,163a3e98,Plano Avançado,1398.37,505.69,Transferência,Pendente
2025-04-27,34da685d,Plano Intermediário,775.72,433.33,Cartão de Crédito,Pendente
2025-04-27,cefd3c78,Plano Avançado,1257.11,547.64,Boleto,Pago
2025-04-27,5f4d6138,Plano Avançado,1127.65,658.5,Transferência,Pago
2025-04-27,e11548e5,Plano Básico,288.68,168.02,Pix,Pago
2025-04-27,b64c91ff,Plano Básico,244.47,95.53,Cartão de Crédito,Pago
2025-04-27,e28e1db0,Consultoria Financeira,1253.55,670.68,Pix,Cancelado
2025-04-27,0801ddf7,Consultoria Financeira,1320.9,583.07,Transferência,Pago
2025-04-27,64952769,Plano Avançado,1450.54,709.29,Boleto,Pago
2025-04-27,2a5aaa20,Plano Básico,254.84,147.64,Cartão de Crédito,Pago
2025-04-27,fa1fca51,Plano Básico,162.76,62.76,Transferência,Pendente
2025-04-27,f42064ce,Plano Avançado,1169.44,353.55,Pix,Cancelado
2025-04-27,51dcc5b4,Auditoria Contábil,1304.82,805.94,Boleto,Pago
2025-04-27,c1005960,Auditoria Contábil,1116.18,425.25,Pix,Pago
2025-04-27,71645e64,Auditoria Contábil,1200.31,800.36,Cartão de Crédito,Pago
2025-04-27,1b2bdc70,Plano Intermediário,758.46,441.96,Transferência,Pago
2025-04-27,8fd2de20,Plano Avançado,1156.77,448.82,Pix,Pago
2025-04-27,3e210845,Consultoria Financeira,1223.17,371.26,Transferência,Pendente
2025-04-27,8d9c0793,Consultoria Financeira,1107.26,680.59,Boleto,Pago
2025-04-27,1e76fa0e,Plano Intermediário,828.84,361.02,Boleto,Pago
2025-04-27,bd9acbb3,Plano Intermediário,676.64,249.92,Pix,Pago
2025-04-27,d421c1e5,Plano Avançado,1220.2,532.44,Pix,Pendente
2025-04-27,9ea8ac4b,Plano Básico,125.52,76.0,Pix,Pago
2025-04-27,7fe9431e,Plano Intermediário,594.47,201.39,Transferência,Cancelado
2025-04-27,ff83af04,Plano Intermediário,801.04,261.71,Transferência,Pago
2025-04-27,27ddd74f,Auditoria Contábil,1155.42,782.15,Cartão de Crédito,Pago
2025-04-27,bd9acbb3,Plano Avançado,1111.8,678.82,Transferência,Pago
2025-04-27,8519c9b9,Consultoria Financeira,1055.73,568.37,Transferência,Pago
2025-04-27,fe8b9235,Plano Avançado,1326.63,460.59,Pix,Pago
2025-04-27,b4a1b003,Plano Intermediário,770.99,488.26,Boleto,Pago
2025-04-27,dd91e604,Plano Intermediário,763.85,501.0,Pix,Pago
2025-04-27,a69c7843,Auditoria Contábil,1369.76,794.63,Pix,Pago
2025-04-27,14d5d4bf,Plano Básico,267.92,133.32,Pix,Pago
2025-04-27,945c8852,Consultoria Financeira,1063.8,342.64,Cartão de Crédito,Pago
2025-04-27,11e08084,Plano Intermediário,706.08,219.06,Pix,Pago
2025-04-27,dd91e604,Auditoria Contábil,1392.63,932.92,Pix,Pago
2025-04-27,6c605674,Consultoria Financeira,1208.13,473.08,Transferência,Pago
2025-04-27,f2f1883d,Auditoria Contábil,1317.88,459.48,Boleto,Pendente
2025-04-27,65bb5f82,Auditoria Contábil,1067.1,536.41,Pix,Cancelado
2025-04-27,111842ea,Plano Avançado,1125.77,772.91,Transferência,Pago
2025-04-27,dd91e604,Plano Básico,394.29,220.94,Pix,Pago
2025-04-27,50989097,Plano Avançado,1218.13,597.0,Cartão de Crédito,Pago
2025-04-27,50989097,Plano Avançado,1190.61,770.86,Cartão de Crédito,Pendente
2025-04-27,8fd2de20,Plano Básico,416.3,173.44,Boleto,Pago
2025-04-27,3e210845,Consultoria Financeira,1292.8,872.81,Pix,Pago
2025-04-27,ef39a43c,Auditoria Contábil,1220.85,392.44,Boleto,Pendente
2025-04-27,234ce6aa,Plano Intermediário,464.55,255.66,Transferência,Pago
2025-04-27,27ddd74f,Plano Avançado,1201.83,742.05,Transferência,Pago
2025-04-27,e11548e5,Auditoria Contábil,1244.58,726.2,Cartão de Crédito,Pendente
2025-04-27,c6a8f08d,Plano Básico,127.77,45.2,Pix,Pago
2025-04-27,1dd73ec3,Consultoria Financeira,1241.04,843.68,Boleto,Pago
2025-04-27,53dda9e7,Plano Avançado,1321.47,575.91,Cartão de Crédito,Pago
2025-04-27,877afd71,Plano Intermediário,701.64,234.58,Pix,Cancelado
2025-04-27,ff83af04,Plano Avançado,1101.31,757.49,Pix,Pendente
2025-04-27,ac40ed62,Auditoria Contábil,974.42,317.99,Pix,Cancelado
2025-04-27,03bbe434,Auditoria Contábil,1243.1,682.3,Cartão de Crédito,Pendente
2025-04-27,64952769,Auditoria Contábil,1038.08,689.38,Boleto,Pago
2025-04-27,4edd1840,Consultoria Financeira,1262.97,532.52,Cartão de Crédito,Pendente
2025-04-27,2a5aaa20,Plano Avançado,1386.4,471.5,Pix,Pago
2025-04-27,bd9acbb3,Consultoria Financeira,985.86,663.35,Cartão de Crédito,Pago
2025-04-27,73af6a17,Auditoria Contábil,1130.04,514.07,Pix,Pago
2025-04-27,34588043,Plano Avançado,1179.06,636.79,Cartão de Crédito,Pendente
2025-04-27,85daef29,Plano Intermediário,893.59,287.91,Pix,Pago
2025-04-27,4f8c8ffe,Plano Intermediário,713.59,295.3,Boleto,Pago
2025-04-27,1e76fa0e,Auditoria Contábil,1156.37,630.09,Pix,Pago
2025-04-27,809e8137,Auditoria Contábil,1304.81,471.24,Cartão de Crédito,Cancelado
2025-04-27,4c93ecbf,Auditoria Contábil,1161.58,587.47,Boleto,Pago
2025-04-27,85daef29,Plano Intermediário,623.79,334.04,Cartão de Crédito,Pago
2025-04-27,bd5fc63d,Plano Básico,361.33,196.38,Boleto,Pago
2025-04-27,34588043,Plano Básico,413.78,192.29,Boleto,Pago
2025-04-27,69694584,Consultoria Financeira,949.1,604.45,Pix,Pago
2025-04-27,88019547,Plano Básico,223.12,87.46,Boleto,Pago
2025-04-27,5f4d6138,Auditoria Contábil,1221.87,786.42,Pix,Pago
2025-04-27,877afd71,Plano Básico,283.32,93.69,Boleto,Pendente
2025-04-27,bfa26e2d,Plano Avançado,1198.8,651.77,Pix,Pendente
2025-04-27,ef39a43c,Plano Básico,202.2,82.89,Cartão de Crédito,Pendente
2025-04-27,b4947d3a,Plano Avançado,1269.37,545.74,Cartão de Crédito,Pago
2025-04-27,3e465ec4,Auditoria Contábil,1358.45,421.32,Boleto,Pendente
2025-04-27,2c43fd10,Consultoria Financeira,1121.0,710.48,Cartão de Crédito,Pago
2025-04-27,eb7bf608,Consultoria Financeira,1269.28,594.17,Transferência,Pendente
2025-04-27,fa1fca51,Plano Básico,402.2,259.6,Boleto,Pago
2025-04-27,cfceac6d,Plano Básico,321.12,144.06,Pix,Pendente
2025-04-27,c72662a8,Plano Intermediário,764.69,361.88,Boleto,Pago
2025-04-27,43c9d6f5,Plano Avançado,1131.56,426.39,Pix,Pago
2025-04-27,f3617404,Plano Avançado,1351.54,573.62,Boleto,Pendente
2025-04-27,bd5fc63d,Consultoria Financeira,1314.65,562.68,Pix,Cancelado
2025-04-27,27ddd74f,Consultoria Financeira,1327.47,429.11,Pix,Pago
2025-04-27,6c605674,Plano Básico,186.44,125.22,Pix,Pendente
2025-04-27,1345c41b,Plano Básico,350.93,136.64,Boleto,Pago
2025-04-27,e746ca72,Plano Avançado,1138.39,378.33,Boleto,Pendente
2025-04-27,805310ba,Plano Avançado,1361.7,711.93,Boleto,Pago
2025-04-27,0f1b8a1f,Plano Avançado,1122.96,720.02,Pix,Pago
2025-04-27,4331374a,Plano Básico,325.22,160.71,Transferência,Pendente
2025-04-27,da462287,Plano Intermediário,502.97,222.09,Pix,Pago
2025-04-27,1ec260d5,Plano Avançado,1224.69,689.5,Cartão de Crédito,Pago
2025-04-27,e674add6,Auditoria Contábil,1087.48,410.9,Pix,Pago
2025-04-27,5239936f,Consultoria Financeira,1256.29,500.82,Boleto,Pago
2025-04-27,805310ba,Consultoria Financeira,1186.23,673.0,Boleto,Pago
2025-04-27,04ac6356,Consultoria Financeira,1164.41,785.99,Boleto,Pago
2025-04-27,fe8b9235,Auditoria Contábil,1364.79,811.59,Pix,Pago
2025-04-27,91953d5e,Plano Básico,530.59,306.17,Pix,Pendente
2025-04-27,6f084a1f,Auditoria Contábil,1060.07,569.13,Cartão de Crédito,Pago
2025-04-27,73af6a17,Plano Intermediário,667.51,280.32,Pix,Pendente
2025-04-27,64952769,Plano Avançado,1285.96,495.78,Pix,Pendente
2025-04-27,5f4d6138,Auditoria Contábil,1238.5,698.78,Cartão de Crédito,Pago
2025-04-27,e9227863,Plano Básico,379.86,207.35,Boleto,Pendente
2025-04-27,fd634e85,Plano Avançado,1193.26,773.43,Cartão de Crédito,Pendente
2025-04-27,f4574bde,Plano Avançado,1319.36,585.5,Transferência,Pago
2025-04-27,07f7efa5,Consultoria Financeira,1220.75,491.8,Pix,Pago
2025-04-27,0d34ba05,Plano Básico,344.57,181.12,Cartão de Crédito,Pago
2025-04-27,8a5de1a7,Auditoria Contábil,1087.59,583.49,Cartão de Crédito,Pendente
2025-04-27,d013ff9d,Auditoria Contábil,1210.25,515.46,Cartão de Crédito,Pago
2025-04-27,5239936f,Auditoria Contábil,1287.16,734.22,Pix,Pendente
2025-04-27,bb3d4eda,Plano Avançado,1232.72,545.84,Cartão de Crédito,Pago
2025-04-27,8dcc5eb7,Consultoria Financeira,1403.72,960.29,Transferência,Pago
2025-04-27,f3617404,Consultoria Financeira,1214.71,487.67,Boleto,Pendente
2025-04-27,b4fc9431,Plano Avançado,1251.05,574.42,Transferência,Pendente
2025-04-27,2a5aaa20,Auditoria Contábil,1220.17,831.19,Transferência,Pago
2025-04-27,22e7d95c,Consultoria Financeira,1196.54,579.28,Boleto,Pago
2025-04-27,7d8188f3,Auditoria Contábil,1290.57,679.6,Cartão de Crédito,Pago
2025-04-27,df74f82a,Plano Intermediário,689.62,436.15,Cartão de Crédito,Pendente
2025-04-27,352fbcce,Consultoria Financeira,1081.95,331.29,Boleto,Pago
2025-04-27,b9322c5f,Plano Básico,459.2,284.48,Boleto,Pago
2025-04-27,29c41e63,Plano Avançado,1141.23,773.84,Pix,Pago
2025-04-27,e11548e5,Consultoria Financeira,1055.68,706.95,Cartão de Crédito,Pago
2025-04-27,aafa4686,Plano Avançado,1263.82,771.09,Pix,Cancelado
2025-04-27,f42064ce,Plano Intermediário,874.43,585.63,Transferência,Pendente
2025-04-27,43c9d6f5,Plano Básico,366.36,214.31,Boleto,Pago
2025-04-27,69694584,Auditoria Contábil,1341.48,424.06,Cartão de Crédito,Pago
2025-04-27,b4fc9431,Consultoria Financeira,1112.58,505.74,Cartão de Crédito,Pago
2025-04-27,1543f02f,Plano Básico,183.21,56.65,Pix,Pendente
2025-04-27,805310ba,Plano Avançado,1167.16,412.42,Boleto,Pago
2025-04-27,d55456f6,Plano Avançado,1310.77,911.35,Boleto,Pago
2025-04-27,df74f82a,Plano Avançado,1256.66,551.1,Boleto,Pago
2025-04-27,f4574bde,Plano Básico,364.43,133.68,Boleto,Pago
2025-04-27,9f671442,Plano Básico,314.65,184.72,Boleto,Pago
2025-04-27,50989097,Consultoria Financeira,1169.05,753.45,Boleto,Pendente
2025-04-27,aafa4686,Plano Intermediário,719.2,449.67,Boleto,Pago
2025-04-27,6c605674,Consultoria Financeira,1186.17,597.49,Transferência,Pago
2025-04-27,51dcc5b4,Consultoria Financeira,1162.26,596.17,Transferência,Pendente
2025-04-27,f2f1883d,Plano Básico,341.31,152.67,Transferência,Pago
2025-04-27,11255cd4,Plano Avançado,1176.68,374.44,Cartão de Crédito,Pendente
2025-04-27,8af7aae3,Auditoria Contábil,1229.28,569.51,Pix,Pago
2025-04-27,85daef29,Auditoria Contábil,1011.96,414.44,Cartão de Crédito,Pendente
2025-04-27,0da75a0d,Plano Avançado,1220.71,852.61,Cartão de Crédito,Pago
2025-04-27,43c9d6f5,Consultoria Financeira,1176.07,507.85,Boleto,Pago
2025-04-27,5adf9642,Plano Básico,447.81,263.03,Cartão de Crédito,Cancelado
2025-04-27,1ec260d5,Plano Avançado,1051.76,480.46,Boleto,Pago
2025-04-27,cfceac6d,Plano Básico,313.11,150.34,Boleto,Pago
2025-04-27,bd5fc63d,Plano Intermediário,788.48,440.5,Transferência,Pendente
2025-04-27,360ab68d,Auditoria Contábil,1190.07,581.01,Pix,Pago
2025-04-27,e28e1db0,Plano Básico,272.76,116.14,Pix,Pendente
2025-04-27,405479fd,Plano Avançado,1288.11,763.25,Pix,Pago
2025-04-27,64952769,Plano Intermediário,754.06,524.62,Transferência,Pendente
2025-04-27,89567f21,Consultoria Financeira,1261.91,765.54,Boleto,Pago
2025-04-27,5c88b44f,Auditoria Contábil,1162.45,517.14,Pix,Pago
2025-04-27,9f671442,Consultoria Financeira,1150.27,708.26,Cartão de Crédito,Pago
2025-04-27,29c41e63,Plano Avançado,1229.41,630.6,Transferência,Pendente
2025-04-27,f42064ce,Plano Intermediário,797.14,443.73,Transferência,Cancelado
2025-04-27,64adcc21,Plano Intermediário,570.47,218.94,Pix,Pendente
2025-04-27,5f4d6138,Plano Avançado,1193.57,629.97,Pix,Pendente
2025-04-27,805310ba,Plano Básico,254.48,165.58,Transferência,Pago
2025-04-27,b894acf6,Consultoria Financeira,1205.25,724.98,Transferência,Pago
2025-04-27,1fd8d42c,Plano Avançado,1277.98,607.96,Pix,Pago
2025-04-27,76b5d5b5,Plano Básico,221.2,99.19,Transferência,Cancelado
2025-04-27,809e8137,Plano Intermediário,765.69,423.96,Cartão de Crédito,Pago
2025-04-27,3572e701,Auditoria Contábil,1165.67,558.56,Boleto,Pago
2025-04-27,de962a39,Plano Avançado,1314.22,841.77,Boleto,Pago
2025-04-27,5f4d6138,Plano Avançado,1126.53,483.95,Boleto,Pago
