data,id_cliente,produto,valor_venda,custo,meio_pagamento,status_pagamento
2025-04-26,2a5aaa20,Plano Intermediário,795.59,454.72,Boleto,Cancelado
2025-04-26,fa1fca51,Consultoria Financeira,1079.61,457.72,Pix,Pago
2025-04-26,53dda9e7,Plano Básico,322.53,212.87,Cartão de Crédito,Pago
2025-04-26,11e08084,Consultoria Financeira,1267.93,390.63,Pix,Pago
2025-04-26,f6a2c989,Plano Intermediário,628.99,357.46,Cartão de Crédito,Pago
2025-04-26,c72662a8,Auditoria Contábil,988.53,637.56,Transferência,Pendente
2025-04-26,4edd1840,Plano Avançado,1157.61,742.85,Boleto,Pago
2025-04-26,5fe2102d,Plano Básico,306.32,136.97,Cartão de Crédito,Pago
2025-04-26,4edd1840,Auditoria Contábil,1172.42,546.66,Transferência,Pendente
2025-04-26,d55456f6,Plano Básico,248.59,168.35,Cartão de Crédito,Pendente
2025-04-26,da462287,Plano Básico,389.77,144.94,Boleto,Pago
2025-04-26,cefd3c78,Plano Intermediário,825.62,330.97,Cartão de Crédito,Pendente
2025-04-26,234ce6aa,Auditoria Contábil,1318.77,566.94,Transferência,Pago
2025-04-26,14d5d4bf,Plano Avançado,1249.66,539.4,Boleto,Pago
2025-04-26,bd5fc63d,Consultoria Financeira,1263.51,648.92,Boleto,Pendente
2025-04-26,0d34ba05,Plano Intermediário,613.31,390.88,Cartão de Crédito,Pago
2025-04-26,cd692f1a,Plano Básico,297.03,174.42,Transferência,Pago
2025-04-26,0f1b8a1f,Plano Avançado,1214.43,821.15,Boleto,Pendente
2025-04-26,856c4622,Plano Básico,333.08,173.8,Boleto,Pago
2025-04-26,1fd8d42c,Plano Avançado,1231.29,685.65,Cartão de Crédito,Cancelado
2025-04-26,cfceac6d,Plano Básico,306.57,95.75,Cartão de Crédito,Pago
2025-04-26,681d27d6,Plano Básico,348.46,215.43,Boleto,Pago
2025-04-26,f5534c19,Plano Básico,326.75,174.33,Cartão de Crédito,Pago
2025-04-26,bd89e3a3,Auditoria Contábil,1226.52,506.99,Transferência,Pago
2025-04-26,805310ba,Plano Avançado,1135.1,631.16,Boleto,Cancelado
2025-04-26,f2f1883d,Plano Avançado,1091.86,417.85,Cartão de Crédito,Cancelado
2025-04-26,de42cc92,Plano Avançado,1233.58,676.81,Cartão de Crédito,Pendente
2025-04-26,53dda9e7,Auditoria Contábil,1161.72,736.64,Transferência,Pago
2025-04-26,c6a8f08d,Consultoria Financeira,1139.39,490.89,Boleto,Pago
2025-04-26,0c9111bd,Consultoria Financeira,1270.65,496.65,Boleto,Pago
2025-04-26,b4baf750,Auditoria Contábil,1198.09,546.15,Pix,Pendente
2025-04-26,cd692f1a,Plano Básico,442.02,292.03,Boleto,Pago
2025-04-26,3e210845,Consultoria Financeira,1259.21,838.87,Pix,Pago
2025-04-26,7d8188f3,Plano Intermediário,629.33,195.04,Pix,Pago
2025-04-26,8dd779c0,Plano Intermediário,771.96,350.09,Cartão de Crédito,Pago
2025-04-26,ac40ed62,Plano Avançado,1243.52,701.91,Transferência,Pago
2025-04-26,22e7d95c,Plano Intermediário,625.85,198.76,Boleto,Pago
2025-04-26,5fa4df12,Consultoria Financeira,1150.05,543.85,Pix,Pendente
2025-04-26,809e8137,Plano Avançado,1266.91,718.56,Transferência,Pago
2025-04-26,4423823b,Plano Avançado,1033.49,337.18,Boleto,Pago
2025-04-26,405479fd,Consultoria Financeira,999.83,460.5,Transferência,Pago
2025-04-26,1fd8d42c,Plano Intermediário,720.79,335.45,Transferência,Pago
2025-04-26,a69c7843,Plano Avançado,1213.26,569.55,Cartão de Crédito,Pago
2025-04-26,f3713c03,Plano Intermediário,729.59,296.81,Cartão de Crédito,Pago
2025-04-26,29c41e63,Plano Avançado,1213.54,577.72,Transferência,Pendente
2025-04-26,65bb5f82,Plano Básico,347.14,119.5,Boleto,Pago
2025-04-26,0d3cb43f,Consultoria Financeira,1327.19,731.41,Boleto,Pago
2025-04-26,51dcc5b4,Auditoria Contábil,1204.46,616.25,Pix,Pago
2025-04-26,163a3e98,Plano Básico,163.39,106.28,Cartão de Crédito,Pendente
2025-04-26,88019547,Plano Básico,123.18,48.33,Pix,Pago
2025-04-26,29c41e63,Plano Intermediário,669.93,435.25,Boleto,Pago
2025-04-26,8519c9b9,Plano Avançado,1172.41,439.5,Pix,Pago
2025-04-26,699833e9,Auditoria Contábil,1077.56,656.58,Pix,Pago
2025-04-26,699833e9,Plano Intermediário,484.36,215.27,Boleto,Pago
2025-04-26,58fa93e2,Auditoria Contábil,1162.87,745.27,Pix,Pago
2025-04-26,b4baf750,Plano Básico,473.8,312.15,Cartão de Crédito,Cancelado
2025-04-26,44b4830b,Consultoria Financeira,1242.9,821.18,Cartão de Crédito,Pendente
2025-04-26,8dd779c0,Plano Intermediário,733.88,227.47,Pix,Pago
2025-04-26,69694584,Plano Intermediário,687.16,309.73,Boleto,Pago
2025-04-26,f4574bde,Plano Básico,269.77,110.4,Cartão de Crédito,Pago
2025-04-26,cf1ebe05,Plano Básico,353.09,148.67,Boleto,Pendente
2025-04-26,4423823b,Plano Intermediário,587.68,347.14,Boleto,Pago
2025-04-26,d421c1e5,Plano Intermediário,904.57,595.17,Boleto,Pago
2025-04-26,5239936f,Plano Intermediário,594.25,399.97,Boleto,Pago
2025-04-26,68819479,Plano Básico,362.33,147.03,Pix,Pago
2025-04-26,53dda9e7,Plano Avançado,1102.34,391.89,Boleto,Pago
2025-04-26,cfceac6d,Plano Básico,316.03,132.74,Pix,Pago
2025-04-26,22e7d95c,Plano Avançado,1273.41,798.04,Boleto,Pago
2025-04-26,4edd1840,Auditoria Contábil,1046.23,632.49,Pix,Pago
2025-04-26,9e842c39,Plano Intermediário,612.04,420.05,Boleto,Pago
2025-04-26,4c93ecbf,Plano Básico,217.97,66.11,Boleto,Pendente
2025-04-26,cfceac6d,Plano Avançado,1177.7,799.56,Cartão de Crédito,Pago
2025-04-26,64952769,Auditoria Contábil,1228.2,536.63,Cartão de Crédito,Pago
2025-04-26,8b520075,Auditoria Contábil,1376.3,736.41,Cartão de Crédito,Pago
2025-04-26,681d27d6,Consultoria Financeira,1149.23,490.92,Cartão de Crédito,Pendente
2025-04-26,2c43fd10,Plano Avançado,1368.33,433.67,Transferência,Pendente
2025-04-26,83e2e600,Plano Básico,339.28,103.3,Cartão de Crédito,Pago
2025-04-26,bd9b7985,Consultoria Financeira,1091.23,617.35,Cartão de Crédito,Pago
2025-04-26,7f123ea3,Auditoria Contábil,1187.61,457.97,Cartão de Crédito,Pago
2025-04-26,a69c7843,Plano Intermediário,564.87,293.39,Cartão de Crédito,Pago
2025-04-26,14c536e1,Plano Básico,269.99,93.53,Transferência,Pago
2025-04-26,43c9d6f5,Consultoria Financeira,1163.37,399.34,Transferência,Pago
2025-04-26,5adf9642,Plano Intermediário,717.68,361.39,Boleto,Pago
2025-04-26,c6a8f08d,Auditoria Contábil,1262.69,856.02,Cartão de Crédito,Pago
2025-04-26,3e3f9af2,Plano Intermediário,695.12,425.3,Boleto,Pago
2025-04-26,7fe9431e,Plano Intermediário,601.15,265.99,Boleto,Pago
2025-04-26,b322eeac,Plano Intermediário,924.09,627.3,Cartão de Crédito,Pendente
2025-04-26,a810c961,Consultoria Financeira,1341.52,526.9,Pix,Pago
2025-04-26,f5534c19,Plano Básico,484.18,154.3,Cartão de Crédito,Pago
2025-04-26,dd91e604,Plano Básico,285.47,136.18,Cartão de Crédito,Pago
2025-04-26,0371adaf,Plano Avançado,1234.74,427.04,Boleto,Pago
2025-04-26,b4baf750,Plano Intermediário,680.09,445.2,Boleto,Pago
2025-04-26,9ae0fade,Plano Avançado,1218.48,721.23,Cartão de Crédito,Pendente
2025-04-26,d4cba754,Consultoria Financeira,1223.76,520.17,Pix,Pago
2025-04-26,2ed6ef07,Plano Básico,178.93,66.44,Cartão de Crédito,Pago
2025-04-26,6c605674,Plano Básico,271.78,124.86,Cartão de Crédito,Cancelado
2025-04-26,73af6a17,Consultoria Financeira,1305.08,480.21,Boleto,Pago
2025-04-26,8b520075,Auditoria Contábil,1295.3,576.73,Boleto,Pendente
2025-04-26,809e8137,Auditoria Contábil,1170.01,796.36,Cartão de Crédito,Pago
2025-04-26,e3445f63,Plano Avançado,1225.68,560.26,Cartão de Crédito,Pendente
2025-04-26,4de403bd,Auditoria Contábil,1177.15,355.2,Transferência,Pago
2025-04-26,5c901b8a,Consultoria Financeira,1266.71,784.99,Cartão de Crédito,Pago
2025-04-26,1b2bdc70,Plano Intermediário,545.49,192.75,Boleto,Pago
2025-04-26,8fd2de20,Auditoria Contábil,1253.37,761.64,Boleto,Pago
2025-04-26,85daef29,Plano Avançado,1349.3,636.25,Pix,Pendente
2025-04-26,1fd8d42c,Consultoria Financeira,1134.1,450.96,Boleto,Pago
2025-04-26,f6a2c989,Consultoria Financeira,1332.86,788.53,Cartão de Crédito,Pago
2025-04-26,ff83af04,Consultoria Financeira,1230.7,541.25,Transferência,Pago
2025-04-26,e9227863,Auditoria Contábil,1194.88,799.01,Transferência,Pendente
2025-04-26,e517e12f,Plano Avançado,1169.28,779.92,Boleto,Pago
2025-04-26,d421c1e5,Consultoria Financeira,1336.91,641.78,Cartão de Crédito,Pago
2025-04-26,8dcc5eb7,Plano Intermediário,677.46,264.97,Cartão de Crédito,Pago
2025-04-26,234ce6aa,Plano Básico,466.67,177.21,Transferência,Pago
2025-04-26,8b520075,Plano Intermediário,852.45,462.05,Pix,Pago
2025-04-26,b98e2b98,Consultoria Financeira,1155.51,664.94,Cartão de Crédito,Pago
2025-04-26,07f7efa5,Plano Básico,284.54,90.41,Transferência,Cancelado
2025-04-26,e517e12f,Plano Intermediário,518.67,325.21,Pix,Pago
2025-04-26,4de403bd,Plano Avançado,1198.07,364.68,Transferência,Pago
2025-04-26,89567f21,Plano Básico,310.16,114.11,Boleto,Pago
2025-04-26,71645e64,Auditoria Contábil,1316.72,809.97,Boleto,Pago
2025-04-26,0c9111bd,Plano Intermediário,858.84,344.87,Cartão de Crédito,Pago
2025-04-26,b322eeac,Plano Básico,376.54,161.58,Pix,Pago
2025-04-26,1ec260d5,Auditoria Contábil,1307.34,677.46,Transferência,Pendente
2025-04-26,aafa4686,Plano Avançado,1184.46,772.84,Pix,Cancelado
2025-04-26,b64c91ff,Plano Avançado,1084.43,508.03,Boleto,Pago
2025-04-26,4f8c8ffe,Plano Intermediário,730.52,275.22,Cartão de Crédito,Pago
2025-04-26,1ec260d5,Plano Básico,414.81,220.86,Cartão de Crédito,Pago
2025-04-26,0d34ba05,Plano Avançado,947.92,329.74,Pix,Pago
2025-04-26,22e7d95c,Plano Avançado,1214.88,566.96,Transferência,Pendente
2025-04-26,7d8188f3,Consultoria Financeira,1029.94,690.28,Transferência,Pago
2025-04-26,91953d5e,Consultoria Financeira,1126.53,507.26,Transferência,Pago
2025-04-26,7fe9431e,Plano Avançado,1218.86,708.93,Cartão de Crédito,Pago
2025-04-26,44b4830b,Consultoria Financeira,1360.81,549.83,Transferência,Pago
2025-04-26,5c88b44f,Consultoria Financeira,1204.73,762.03,Pix,Pendente
2025-04-26,fec30ee1,Auditoria Contábil,1269.47,566.21,Pix,Cancelado
2025-04-26,160977e3,Consultoria Financeira,1229.52,372.67,Cartão de Crédito,Pendente
2025-04-26,f5534c19,Plano Básico,232.06,113.74,Cartão de Crédito,Pago
2025-04-26,fe8b9235,Plano Básico,348.92,241.37,Boleto,Pago
2025-04-26,14d5d4bf,Plano Avançado,1082.02,525.6,Boleto,Pendente
2025-04-26,b64c91ff,Consultoria Financeira,1203.3,599.65,Cartão de Crédito,Pago
2025-04-26,22e7d95c,Auditoria Contábil,1334.69,897.14,Pix,Pago
2025-04-26,b894acf6,Plano Intermediário,721.67,302.02,Boleto,Pendente
2025-04-26,44b4830b,Plano Básico,329.57,170.72,Pix,Pendente
2025-04-26,2c43fd10,Plano Intermediário,669.85,330.7,Cartão de Crédito,Pago
2025-04-26,3e210845,Auditoria Contábil,1051.56,665.28,Boleto,Pago
2025-04-26,8a5de1a7,Plano Básico,280.67,86.19,Transferência,Pago
2025-04-26,856c4622,Plano Avançado,1289.68,831.47,Cartão de Crédito,Pago
2025-04-26,809e8137,Consultoria Financeira,1242.23,385.08,Boleto,Pago
2025-04-26,64adcc21,Plano Avançado,1087.14,499.87,Cartão de Crédito,Pago
2025-04-26,9ae0fade,Consultoria Financeira,1025.55,678.95,Pix,Pago
2025-04-26,cfceac6d,Consultoria Financeira,1130.97,732.57,Cartão de Crédito,Pago
2025-04-26,04ac6356,Plano Básico,281.65,155.15,Boleto,Pago
2025-04-26,53dda9e7,Plano Básico,288.5,125.37,Pix,Pendente
2025-04-26,de42cc92,Plano Intermediário,689.79,243.74,Cartão de Crédito,Pendente
2025-04-26,1b2bdc70,Plano Avançado,1203.76,691.62,Pix,Pago
2025-04-26,85daef29,Plano Avançado,1245.64,402.89,Transferência,Pago
2025-04-26,c6a8f08d,Plano Avançado,1163.29,449.25,Cartão de Crédito,Pago
2025-04-26,bd89e3a3,Consultoria Financeira,1110.34,603.97,Transferência,Pago
2025-04-26,04ac6356,Consultoria Financeira,1257.34,742.39,Boleto,Pago
2025-04-26,dd91e604,Plano Intermediário,792.3,428.93,Boleto,Pago
2025-04-26,0da75a0d,Plano Avançado,1147.94,523.06,Cartão de Crédito,Pago
2025-04-26,cf1ebe05,Consultoria Financeira,1405.45,514.7,Pix,Pago
2025-04-26,d421c1e5,Consultoria Financeira,1354.28,624.45,Transferência,Pago
2025-04-26,dd91e604,Consultoria Financeira,1093.43,660.92,Boleto,Pago
2025-04-26,d55456f6,Plano Básico,131.63,64.9,Transferência,Pendente
2025-04-26,d4cba754,Auditoria Contábil,1185.83,552.93,Boleto,Pago
2025-04-26,fe8b9235,Plano Avançado,1230.23,756.32,Boleto,Pago
2025-04-26,89567f21,Consultoria Financeira,1403.55,451.01,Cartão de Crédito,Pago
2025-04-26,160977e3,Plano Avançado,1399.21,642.85,Cartão de Crédito,Pago
2025-04-26,360ab68d,Plano Intermediário,769.72,439.12,Boleto,Pago
2025-04-26,8dcc5eb7,Plano Avançado,1165.25,508.48,Cartão de Crédito,Cancelado
2025-04-26,8dd779c0,Plano Básico,421.64,275.48,Cartão de Crédito,Pendente
2025-04-26,03bbe434,Plano Básico,315.55,114.91,Pix,Cancelado
2025-04-26,85050e16,Plano Intermediário,573.71,181.76,Boleto,Pago
2025-04-26,889382a2,Plano Avançado,1077.05,580.85,Transferência,Pago
2025-04-26,4c93ecbf,Consultoria Financeira,1165.89,694.89,Cartão de Crédito,Pendente
2025-04-26,5fbc6417,Auditoria Contábil,1302.2,717.62,Cartão de Crédito,Pago
2025-04-26,5f4d6138,Consultoria Financeira,1100.94,642.65,Cartão de Crédito,Pago
2025-04-26,7be9fda6,Plano Avançado,1165.68,748.16,Transferência,Pendente
2025-04-26,83e2e600,Plano Intermediário,853.24,293.71,Cartão de Crédito,Pago
2025-04-26,89567f21,Consultoria Financeira,1242.05,789.12,Cartão de Crédito,Pago
2025-04-26,bfa26e2d,Auditoria Contábil,1384.81,953.53,Cartão de Crédito,Pago
2025-04-26,352fbcce,Consultoria Financeira,1254.0,418.17,Cartão de Crédito,Pendente
2025-04-26,e746ca72,Plano Intermediário,806.22,534.12,Cartão de Crédito,Pago
2025-04-26,73af6a17,Auditoria Contábil,1167.65,586.8,Transferência,Cancelado
2025-04-26,9e842c39,Consultoria Financeira,1361.3,861.84,Boleto,Pendente
2025-04-26,9e03667d,Consultoria Financeira,1272.92,443.75,Boleto,Pago
2025-04-26,5c901b8a,Auditoria Contábil,1191.68,572.3,Pix,Pendente
2025-04-26,07f7efa5,Auditoria Contábil,1337.73,628.14,Cartão de Crédito,Pendente
2025-04-26,1ec260d5,Consultoria Financeira,1268.16,658.53,Boleto,Pago
2025-04-26,5fa4df12,Plano Básico,301.41,205.34,Cartão de Crédito,Pago
2025-04-26,76b5d5b5,Auditoria Contábil,1257.09,785.55,Cartão de Crédito,Pendente
2025-04-26,85daef29,Auditoria Contábil,1118.56,639.43,Cartão de Crédito,Pago
2025-04-26,71645e64,Consultoria Financeira,1322.06,851.9,Transferência,Pago
2025-04-26,5a66b672,Consultoria Financeira,1401.36,880.98,Pix,Pago
2025-04-26,cf1ebe05,Plano Avançado,1047.68,678.8,Cartão de Crédito,Pago
2025-04-26,1dd73ec3,Plano Intermediário,646.86,305.84,Cartão de Crédito,Cancelado
2025-04-26,b322eeac,Auditoria Contábil,1138.9,343.46,Boleto,Pago
2025-04-26,bd9b7985,Auditoria Contábil,1279.63,637.49,Transferência,Pago
2025-04-26,14c536e1,Plano Avançado,1224.89,502.73,Cartão de Crédito,Pago
2025-04-26,856c4622,Plano Intermediário,660.88,315.54,Cartão de Crédito,Pago
2025-04-26,76b5d5b5,Consultoria Financeira,1175.2,719.92,Boleto,Pago
2025-04-26,14d5d4bf,Plano Avançado,1152.0,415.45,Cartão de Crédito,Pago
2025-04-26,69a69b35,Consultoria Financeira,1265.86,723.99,Cartão de Crédito,Pendente
2025-04-26,7fe9431e,Consultoria Financeira,1223.22,763.79,Cartão de Crédito,Pago
2025-04-26,e7704e2a,Plano Básico,270.49,177.93,Boleto,Pago
2025-04-26,53dda9e7,Consultoria Financeira,1153.71,676.12,Transferência,Pago
2025-04-26,4f8c8ffe,Plano Básico,439.78,204.8,Pix,Pago
2025-04-26,50989097,Auditoria Contábil,1319.12,419.25,Transferência,Pendente
2025-04-26,f2f1883d,Auditoria Contábil,1267.1,619.77,Transferência,Pago
2025-04-26,83e2e600,Plano Básico,406.8,268.45,Cartão de Crédito,Pendente
2025-04-26,34588043,Consultoria Financeira,1074.6,697.54,Boleto,Pago
2025-04-26,ef39a43c,Consultoria Financeira,1100.11,680.74,Cartão de Crédito,Pago
2025-04-26,7be9fda6,Consultoria Financeira,1090.13,420.82,Transferência,Pago
2025-04-26,4edd1840,Plano Avançado,1204.46,677.5,Pix,Pago
2025-04-26,64adcc21,Plano Avançado,1310.5,891.12,Boleto,Pendente
2025-04-26,f3713c03,Plano Básico,262.25,163.19,Transferência,Pago
2025-04-26,7be9fda6,Plano Avançado,1325.76,584.1,Boleto,Pago
2025-04-26,fc732816,Plano Avançado,1146.65,420.64,Transferência,Pago
2025-04-26,b9322c5f,Auditoria Contábil,1190.49,787.42,Boleto,Pago
2025-04-26,8b520075,Auditoria Contábil,1161.15,459.34,Cartão de Crédito,Pago
2025-04-26,74c6dcec,Auditoria Contábil,1182.88,789.12,Pix,Pago
2025-04-26,b64c91ff,Plano Básico,293.39,104.4,Pix,Pendente
2025-04-26,63ee329b,Plano Básico,129.08,42.09,Transferência,Pago
2025-04-26,809e8137,Plano Básico,339.17,108.52,Boleto,Pago
2025-04-26,d2f63bb1,Consultoria Financeira,1191.08,520.69,Boleto,Pago
